ISO-10303-21;
HEADER;
FILE_DESCRIPTION(('Open CASCADE Model'),'2;1');
FILE_NAME('Open CASCADE Shape Model','2026-09-10T05:11:13',('Author'),(
    'Open CASCADE'),'Open CASCADE STEP processor 7.9','Open CASCADE 7.9'
  ,'Unknown');
FILE_SCHEMA(('AUTOMOTIVE_DESIGN { 1 0 10303 214 1 1 1 1 }'));
ENDSEC;
DATA;
#1 = APPLICATION_PROTOCOL_DEFINITION('international standard',
  'automotive_design',2000,#2);
#2 = APPLICATION_CONTEXT(
  'core data for automotive mechanical design processes');
#3 = SHAPE_DEFINITION_REPRESENTATION(#4,#10);
#4 = PRODUCT_DEFINITION_SHAPE('','',#5);
#5 = PRODUCT_DEFINITION('design','',#6,#9);
#6 = PRODUCT_DEFINITION_FORMATION('','',#7);
#7 = PRODUCT('Open CASCADE STEP translator 7.9 1',
  'Open CASCADE STEP translator 7.9 1','',(#8));
#8 = PRODUCT_CONTEXT('',#2,'mechanical');
#9 = PRODUCT_DEFINITION_CONTEXT('part definition',#2,'design');
#10 = SHAPE_REPRESENTATION('',(#11,#15,#19,#23,#27,#31,#35,#39),#43);
#11 = AXIS2_PLACEMENT_3D('',#12,#13,#14);
#12 = CARTESIAN_POINT('',(0.,0.,0.));
#13 = DIRECTION('',(0.,0.,1.));
#14 = DIRECTION('',(1.,0.,-0.));
#15 = AXIS2_PLACEMENT_3D('',#16,#17,#18);
#16 = CARTESIAN_POINT('',(0.,0.,0.));
#17 = DIRECTION('',(0.,0.,1.));
#18 = DIRECTION('',(1.,0.,-0.));
#19 = AXIS2_PLACEMENT_3D('',#20,#21,#22);
#20 = CARTESIAN_POINT('',(0.,0.,0.));
#21 = DIRECTION('',(0.,0.,1.));
#22 = DIRECTION('',(1.,0.,-0.));
#23 = AXIS2_PLACEMENT_3D('',#24,#25,#26);
#24 = CARTESIAN_POINT('',(0.,0.,0.));
#25 = DIRECTION('',(0.,0.,1.));
#26 = DIRECTION('',(1.,0.,-0.));
#27 = AXIS2_PLACEMENT_3D('',#28,#29,#30);
#28 = CARTESIAN_POINT('',(0.,0.,0.));
#29 = DIRECTION('',(0.,0.,1.));
#30 = DIRECTION('',(1.,0.,-0.));
#31 = AXIS2_PLACEMENT_3D('',#32,#33,#34);
#32 = CARTESIAN_POINT('',(0.,0.,0.));
#33 = DIRECTION('',(0.,0.,1.));
#34 = DIRECTION('',(1.,0.,-0.));
#35 = AXIS2_PLACEMENT_3D('',#36,#37,#38);
#36 = CARTESIAN_POINT('',(0.,0.,0.));
#37 = DIRECTION('',(0.,0.,1.));
#38 = DIRECTION('',(1.,0.,0.));
#39 = AXIS2_PLACEMENT_3D('',#40,#41,#42);
#40 = CARTESIAN_POINT('',(0.,0.,0.));
#41 = DIRECTION('',(0.,0.,1.));
#42 = DIRECTION('',(1.,0.,0.));
#43 = ( GEOMETRIC_REPRESENTATION_CONTEXT(3) 
GLOBAL_UNCERTAINTY_ASSIGNED_CONTEXT((#47)) GLOBAL_UNIT_ASSIGNED_CONTEXT(
(#44,#45,#46)) REPRESENTATION_CONTEXT('Context #1',
  '3D Context with UNIT and UNCERTAINTY') );
#44 = ( LENGTH_UNIT() NAMED_UNIT(*) SI_UNIT(.MILLI.,.METRE.) );
#45 = ( NAMED_UNIT(*) PLANE_ANGLE_UNIT() SI_UNIT($,.RADIAN.) );
#46 = ( NAMED_UNIT(*) SI_UNIT($,.STERADIAN.) SOLID_ANGLE_UNIT() );
#47 = UNCERTAINTY_MEASURE_WITH_UNIT(LENGTH_MEASURE(1.E-07),#44,
  'distance_accuracy_value','confusion accuracy');
#48 = PRODUCT_RELATED_PRODUCT_CATEGORY('part',$,(#7));
#49 = SHAPE_DEFINITION_REPRESENTATION(#50,#56);
#50 = PRODUCT_DEFINITION_SHAPE('','',#51);
#51 = PRODUCT_DEFINITION('design','',#52,#55);
#52 = PRODUCT_DEFINITION_FORMATION('','',#53);
#53 = PRODUCT('Open CASCADE STEP translator 7.9 1.1',
  'Open CASCADE STEP translator 7.9 1.1','',(#54));
#54 = PRODUCT_CONTEXT('',#2,'mechanical');
#55 = PRODUCT_DEFINITION_CONTEXT('part definition',#2,'design');
#56 = ADVANCED_BREP_SHAPE_REPRESENTATION('',(#11,#57),#1709);
#57 = BREP_WITH_VOIDS('',#58,(#763));
#58 = CLOSED_SHELL('',(#59,#179,#255,#444,#493,#520,#527,#582,#637,#692,
    #747,#751,#755,#759));
#59 = ADVANCED_FACE('',(#60),#74,.F.);
#60 = FACE_BOUND('',#61,.F.);
#61 = EDGE_LOOP('',(#62,#97,#125,#153));
#62 = ORIENTED_EDGE('',*,*,#63,.F.);
#63 = EDGE_CURVE('',#64,#66,#68,.T.);
#64 = VERTEX_POINT('',#65);
#65 = CARTESIAN_POINT('',(-60.,-240.,-6.));
#66 = VERTEX_POINT('',#67);
#67 = CARTESIAN_POINT('',(-60.,-240.,6.));
#68 = SURFACE_CURVE('',#69,(#73,#85),.PCURVE_S1.);
#69 = LINE('',#70,#71);
#70 = CARTESIAN_POINT('',(-60.,-240.,-6.));
#71 = VECTOR('',#72,1.);
#72 = DIRECTION('',(0.,0.,1.));
#73 = PCURVE('',#74,#79);
#74 = PLANE('',#75);
#75 = AXIS2_PLACEMENT_3D('',#76,#77,#78);
#76 = CARTESIAN_POINT('',(-60.,-240.,-6.));
#77 = DIRECTION('',(1.,0.,0.));
#78 = DIRECTION('',(0.,0.,1.));
#79 = DEFINITIONAL_REPRESENTATION('',(#80),#84);
#80 = LINE('',#81,#82);
#81 = CARTESIAN_POINT('',(0.,0.));
#82 = VECTOR('',#83,1.);
#83 = DIRECTION('',(1.,0.));
#84 = ( GEOMETRIC_REPRESENTATION_CONTEXT(2) 
PARAMETRIC_REPRESENTATION_CONTEXT() REPRESENTATION_CONTEXT('2D SPACE',''
  ) );
#85 = PCURVE('',#86,#91);
#86 = PLANE('',#87);
#87 = AXIS2_PLACEMENT_3D('',#88,#89,#90);
#88 = CARTESIAN_POINT('',(-60.,-240.,-6.));
#89 = DIRECTION('',(0.,1.,0.));
#90 = DIRECTION('',(0.,0.,1.));
#91 = DEFINITIONAL_REPRESENTATION('',(#92),#96);
#92 = LINE('',#93,#94);
#93 = CARTESIAN_POINT('',(0.,0.));
#94 = VECTOR('',#95,1.);
#95 = DIRECTION('',(1.,0.));
#96 = ( GEOMETRIC_REPRESENTATION_CONTEXT(2) 
PARAMETRIC_REPRESENTATION_CONTEXT() REPRESENTATION_CONTEXT('2D SPACE',''
  ) );
#97 = ORIENTED_EDGE('',*,*,#98,.T.);
#98 = EDGE_CURVE('',#64,#99,#101,.T.);
#99 = VERTEX_POINT('',#100);
#100 = CARTESIAN_POINT('',(-60.,-160.,-6.));
#101 = SURFACE_CURVE('',#102,(#106,#113),.PCURVE_S1.);
#102 = LINE('',#103,#104);
#103 = CARTESIAN_POINT('',(-60.,-240.,-6.));
#104 = VECTOR('',#105,1.);
#105 = DIRECTION('',(0.,1.,0.));
#106 = PCURVE('',#74,#107);
#107 = DEFINITIONAL_REPRESENTATION('',(#108),#112);
#108 = LINE('',#109,#110);
#109 = CARTESIAN_POINT('',(0.,0.));
#110 = VECTOR('',#111,1.);
#111 = DIRECTION('',(0.,-1.));
#112 = ( GEOMETRIC_REPRESENTATION_CONTEXT(2) 
PARAMETRIC_REPRESENTATION_CONTEXT() REPRESENTATION_CONTEXT('2D SPACE',''
  ) );
#113 = PCURVE('',#114,#119);
#114 = PLANE('',#115);
#115 = AXIS2_PLACEMENT_3D('',#116,#117,#118);
#116 = CARTESIAN_POINT('',(-60.,-240.,-6.));
#117 = DIRECTION('',(0.,0.,1.));
#118 = DIRECTION('',(1.,0.,0.));
#119 = DEFINITIONAL_REPRESENTATION('',(#120),#124);
#120 = LINE('',#121,#122);
#121 = CARTESIAN_POINT('',(0.,0.));
#122 = VECTOR('',#123,1.);
#123 = DIRECTION('',(0.,1.));
#124 = ( GEOMETRIC_REPRESENTATION_CONTEXT(2) 
PARAMETRIC_REPRESENTATION_CONTEXT() REPRESENTATION_CONTEXT('2D SPACE',''
  ) );
#125 = ORIENTED_EDGE('',*,*,#126,.T.);
#126 = EDGE_CURVE('',#99,#127,#129,.T.);
#127 = VERTEX_POINT('',#128);
#128 = CARTESIAN_POINT('',(-60.,-160.,6.));
#129 = SURFACE_CURVE('',#130,(#134,#141),.PCURVE_S1.);
#130 = LINE('',#131,#132);
#131 = CARTESIAN_POINT('',(-60.,-160.,-6.));
#132 = VECTOR('',#133,1.);
#133 = DIRECTION('',(0.,0.,1.));
#134 = PCURVE('',#74,#135);
#135 = DEFINITIONAL_REPRESENTATION('',(#136),#140);
#136 = LINE('',#137,#138);
#137 = CARTESIAN_POINT('',(0.,-80.));
#138 = VECTOR('',#139,1.);
#139 = DIRECTION('',(1.,0.));
#140 = ( GEOMETRIC_REPRESENTATION_CONTEXT(2) 
PARAMETRIC_REPRESENTATION_CONTEXT() REPRESENTATION_CONTEXT('2D SPACE',''
  ) );
#141 = PCURVE('',#142,#147);
#142 = PLANE('',#143);
#143 = AXIS2_PLACEMENT_3D('',#144,#145,#146);
#144 = CARTESIAN_POINT('',(-60.,-160.,-6.));
#145 = DIRECTION('',(0.,1.,0.));
#146 = DIRECTION('',(0.,0.,1.));
#147 = DEFINITIONAL_REPRESENTATION('',(#148),#152);
#148 = LINE('',#149,#150);
#149 = CARTESIAN_POINT('',(0.,0.));
#150 = VECTOR('',#151,1.);
#151 = DIRECTION('',(1.,0.));
#152 = ( GEOMETRIC_REPRESENTATION_CONTEXT(2) 
PARAMETRIC_REPRESENTATION_CONTEXT() REPRESENTATION_CONTEXT('2D SPACE',''
  ) );
#153 = ORIENTED_EDGE('',*,*,#154,.F.);
#154 = EDGE_CURVE('',#66,#127,#155,.T.);
#155 = SURFACE_CURVE('',#156,(#160,#167),.PCURVE_S1.);
#156 = LINE('',#157,#158);
#157 = CARTESIAN_POINT('',(-60.,-240.,6.));
#158 = VECTOR('',#159,1.);
#159 = DIRECTION('',(0.,1.,0.));
#160 = PCURVE('',#74,#161);
#161 = DEFINITIONAL_REPRESENTATION('',(#162),#166);
#162 = LINE('',#163,#164);
#163 = CARTESIAN_POINT('',(12.,0.));
#164 = VECTOR('',#165,1.);
#165 = DIRECTION('',(0.,-1.));
#166 = ( GEOMETRIC_REPRESENTATION_CONTEXT(2) 
PARAMETRIC_REPRESENTATION_CONTEXT() REPRESENTATION_CONTEXT('2D SPACE',''
  ) );
#167 = PCURVE('',#168,#173);
#168 = PLANE('',#169);
#169 = AXIS2_PLACEMENT_3D('',#170,#171,#172);
#170 = CARTESIAN_POINT('',(-60.,-240.,6.));
#171 = DIRECTION('',(0.,0.,1.));
#172 = DIRECTION('',(1.,0.,0.));
#173 = DEFINITIONAL_REPRESENTATION('',(#174),#178);
#174 = LINE('',#175,#176);
#175 = CARTESIAN_POINT('',(0.,0.));
#176 = VECTOR('',#177,1.);
#177 = DIRECTION('',(0.,1.));
#178 = ( GEOMETRIC_REPRESENTATION_CONTEXT(2) 
PARAMETRIC_REPRESENTATION_CONTEXT() REPRESENTATION_CONTEXT('2D SPACE',''
  ) );
#179 = ADVANCED_FACE('',(#180),#86,.F.);
#180 = FACE_BOUND('',#181,.F.);
#181 = EDGE_LOOP('',(#182,#205,#206,#229));
#182 = ORIENTED_EDGE('',*,*,#183,.F.);
#183 = EDGE_CURVE('',#64,#184,#186,.T.);
#184 = VERTEX_POINT('',#185);
#185 = CARTESIAN_POINT('',(60.,-240.,-6.));
#186 = SURFACE_CURVE('',#187,(#191,#198),.PCURVE_S1.);
#187 = LINE('',#188,#189);
#188 = CARTESIAN_POINT('',(-60.,-240.,-6.));
#189 = VECTOR('',#190,1.);
#190 = DIRECTION('',(1.,0.,0.));
#191 = PCURVE('',#86,#192);
#192 = DEFINITIONAL_REPRESENTATION('',(#193),#197);
#193 = LINE('',#194,#195);
#194 = CARTESIAN_POINT('',(0.,0.));
#195 = VECTOR('',#196,1.);
#196 = DIRECTION('',(0.,1.));
#197 = ( GEOMETRIC_REPRESENTATION_CONTEXT(2) 
PARAMETRIC_REPRESENTATION_CONTEXT() REPRESENTATION_CONTEXT('2D SPACE',''
  ) );
#198 = PCURVE('',#114,#199);
#199 = DEFINITIONAL_REPRESENTATION('',(#200),#204);
#200 = LINE('',#201,#202);
#201 = CARTESIAN_POINT('',(0.,0.));
#202 = VECTOR('',#203,1.);
#203 = DIRECTION('',(1.,0.));
#204 = ( GEOMETRIC_REPRESENTATION_CONTEXT(2) 
PARAMETRIC_REPRESENTATION_CONTEXT() REPRESENTATION_CONTEXT('2D SPACE',''
  ) );
#205 = ORIENTED_EDGE('',*,*,#63,.T.);
#206 = ORIENTED_EDGE('',*,*,#207,.T.);
#207 = EDGE_CURVE('',#66,#208,#210,.T.);
#208 = VERTEX_POINT('',#209);
#209 = CARTESIAN_POINT('',(60.,-240.,6.));
#210 = SURFACE_CURVE('',#211,(#215,#222),.PCURVE_S1.);
#211 = LINE('',#212,#213);
#212 = CARTESIAN_POINT('',(-60.,-240.,6.));
#213 = VECTOR('',#214,1.);
#214 = DIRECTION('',(1.,0.,0.));
#215 = PCURVE('',#86,#216);
#216 = DEFINITIONAL_REPRESENTATION('',(#217),#221);
#217 = LINE('',#218,#219);
#218 = CARTESIAN_POINT('',(12.,0.));
#219 = VECTOR('',#220,1.);
#220 = DIRECTION('',(0.,1.));
#221 = ( GEOMETRIC_REPRESENTATION_CONTEXT(2) 
PARAMETRIC_REPRESENTATION_CONTEXT() REPRESENTATION_CONTEXT('2D SPACE',''
  ) );
#222 = PCURVE('',#168,#223);
#223 = DEFINITIONAL_REPRESENTATION('',(#224),#228);
#224 = LINE('',#225,#226);
#225 = CARTESIAN_POINT('',(0.,0.));
#226 = VECTOR('',#227,1.);
#227 = DIRECTION('',(1.,0.));
#228 = ( GEOMETRIC_REPRESENTATION_CONTEXT(2) 
PARAMETRIC_REPRESENTATION_CONTEXT() REPRESENTATION_CONTEXT('2D SPACE',''
  ) );
#229 = ORIENTED_EDGE('',*,*,#230,.F.);
#230 = EDGE_CURVE('',#184,#208,#231,.T.);
#231 = SURFACE_CURVE('',#232,(#236,#243),.PCURVE_S1.);
#232 = LINE('',#233,#234);
#233 = CARTESIAN_POINT('',(60.,-240.,-6.));
#234 = VECTOR('',#235,1.);
#235 = DIRECTION('',(0.,0.,1.));
#236 = PCURVE('',#86,#237);
#237 = DEFINITIONAL_REPRESENTATION('',(#238),#242);
#238 = LINE('',#239,#240);
#239 = CARTESIAN_POINT('',(0.,120.));
#240 = VECTOR('',#241,1.);
#241 = DIRECTION('',(1.,0.));
#242 = ( GEOMETRIC_REPRESENTATION_CONTEXT(2) 
PARAMETRIC_REPRESENTATION_CONTEXT() REPRESENTATION_CONTEXT('2D SPACE',''
  ) );
#243 = PCURVE('',#244,#249);
#244 = PLANE('',#245);
#245 = AXIS2_PLACEMENT_3D('',#246,#247,#248);
#246 = CARTESIAN_POINT('',(60.,-240.,-6.));
#247 = DIRECTION('',(1.,0.,0.));
#248 = DIRECTION('',(0.,0.,1.));
#249 = DEFINITIONAL_REPRESENTATION('',(#250),#254);
#250 = LINE('',#251,#252);
#251 = CARTESIAN_POINT('',(0.,0.));
#252 = VECTOR('',#253,1.);
#253 = DIRECTION('',(1.,0.));
#254 = ( GEOMETRIC_REPRESENTATION_CONTEXT(2) 
PARAMETRIC_REPRESENTATION_CONTEXT() REPRESENTATION_CONTEXT('2D SPACE',''
  ) );
#255 = ADVANCED_FACE('',(#256,#304,#339,#374,#409),#168,.T.);
#256 = FACE_BOUND('',#257,.T.);
#257 = EDGE_LOOP('',(#258,#259,#260,#283));
#258 = ORIENTED_EDGE('',*,*,#154,.F.);
#259 = ORIENTED_EDGE('',*,*,#207,.T.);
#260 = ORIENTED_EDGE('',*,*,#261,.T.);
#261 = EDGE_CURVE('',#208,#262,#264,.T.);
#262 = VERTEX_POINT('',#263);
#263 = CARTESIAN_POINT('',(60.,-160.,6.));
#264 = SURFACE_CURVE('',#265,(#269,#276),.PCURVE_S1.);
#265 = LINE('',#266,#267);
#266 = CARTESIAN_POINT('',(60.,-240.,6.));
#267 = VECTOR('',#268,1.);
#268 = DIRECTION('',(0.,1.,0.));
#269 = PCURVE('',#168,#270);
#270 = DEFINITIONAL_REPRESENTATION('',(#271),#275);
#271 = LINE('',#272,#273);
#272 = CARTESIAN_POINT('',(120.,0.));
#273 = VECTOR('',#274,1.);
#274 = DIRECTION('',(0.,1.));
#275 = ( GEOMETRIC_REPRESENTATION_CONTEXT(2) 
PARAMETRIC_REPRESENTATION_CONTEXT() REPRESENTATION_CONTEXT('2D SPACE',''
  ) );
#276 = PCURVE('',#244,#277);
#277 = DEFINITIONAL_REPRESENTATION('',(#278),#282);
#278 = LINE('',#279,#280);
#279 = CARTESIAN_POINT('',(12.,0.));
#280 = VECTOR('',#281,1.);
#281 = DIRECTION('',(0.,-1.));
#282 = ( GEOMETRIC_REPRESENTATION_CONTEXT(2) 
PARAMETRIC_REPRESENTATION_CONTEXT() REPRESENTATION_CONTEXT('2D SPACE',''
  ) );
#283 = ORIENTED_EDGE('',*,*,#284,.F.);
#284 = EDGE_CURVE('',#127,#262,#285,.T.);
#285 = SURFACE_CURVE('',#286,(#290,#297),.PCURVE_S1.);
#286 = LINE('',#287,#288);
#287 = CARTESIAN_POINT('',(-60.,-160.,6.));
#288 = VECTOR('',#289,1.);
#289 = DIRECTION('',(1.,0.,0.));
#290 = PCURVE('',#168,#291);
#291 = DEFINITIONAL_REPRESENTATION('',(#292),#296);
#292 = LINE('',#293,#294);
#293 = CARTESIAN_POINT('',(0.,80.));
#294 = VECTOR('',#295,1.);
#295 = DIRECTION('',(1.,0.));
#296 = ( GEOMETRIC_REPRESENTATION_CONTEXT(2) 
PARAMETRIC_REPRESENTATION_CONTEXT() REPRESENTATION_CONTEXT('2D SPACE',''
  ) );
#297 = PCURVE('',#142,#298);
#298 = DEFINITIONAL_REPRESENTATION('',(#299),#303);
#299 = LINE('',#300,#301);
#300 = CARTESIAN_POINT('',(12.,0.));
#301 = VECTOR('',#302,1.);
#302 = DIRECTION('',(0.,1.));
#303 = ( GEOMETRIC_REPRESENTATION_CONTEXT(2) 
PARAMETRIC_REPRESENTATION_CONTEXT() REPRESENTATION_CONTEXT('2D SPACE',''
  ) );
#304 = FACE_BOUND('',#305,.T.);
#305 = EDGE_LOOP('',(#306));
#306 = ORIENTED_EDGE('',*,*,#307,.T.);
#307 = EDGE_CURVE('',#308,#308,#310,.T.);
#308 = VERTEX_POINT('',#309);
#309 = CARTESIAN_POINT('',(-51.4,-234.,6.));
#310 = SURFACE_CURVE('',#311,(#316,#327),.PCURVE_S1.);
#311 = CIRCLE('',#312,3.6);
#312 = AXIS2_PLACEMENT_3D('',#313,#314,#315);
#313 = CARTESIAN_POINT('',(-55.,-234.,6.));
#314 = DIRECTION('',(0.,0.,-1.));
#315 = DIRECTION('',(1.,0.,0.));
#316 = PCURVE('',#168,#317);
#317 = DEFINITIONAL_REPRESENTATION('',(#318),#326);
#318 = ( BOUNDED_CURVE() B_SPLINE_CURVE(2,(#319,#320,#321,#322,#323,#324
,#325),.UNSPECIFIED.,.T.,.F.) B_SPLINE_CURVE_WITH_KNOTS((1,2,2,2,2,1),(
    -2.094395102393,0.,2.094395102393,4.188790204786,6.28318530718,
8.377580409573),.UNSPECIFIED.) CURVE() GEOMETRIC_REPRESENTATION_ITEM() 
RATIONAL_B_SPLINE_CURVE((1.,0.5,1.,0.5,1.,0.5,1.)) REPRESENTATION_ITEM(
  '') );
#319 = CARTESIAN_POINT('',(8.6,6.));
#320 = CARTESIAN_POINT('',(8.6,-0.235382907248));
#321 = CARTESIAN_POINT('',(3.2,2.882308546376));
#322 = CARTESIAN_POINT('',(-2.2,6.));
#323 = CARTESIAN_POINT('',(3.2,9.117691453624));
#324 = CARTESIAN_POINT('',(8.6,12.235382907248));
#325 = CARTESIAN_POINT('',(8.6,6.));
#326 = ( GEOMETRIC_REPRESENTATION_CONTEXT(2) 
PARAMETRIC_REPRESENTATION_CONTEXT() REPRESENTATION_CONTEXT('2D SPACE',''
  ) );
#327 = PCURVE('',#328,#333);
#328 = CYLINDRICAL_SURFACE('',#329,3.6);
#329 = AXIS2_PLACEMENT_3D('',#330,#331,#332);
#330 = CARTESIAN_POINT('',(-55.,-234.,0.));
#331 = DIRECTION('',(-0.,-0.,-1.));
#332 = DIRECTION('',(1.,0.,0.));
#333 = DEFINITIONAL_REPRESENTATION('',(#334),#338);
#334 = LINE('',#335,#336);
#335 = CARTESIAN_POINT('',(-6.28318530718,-6.));
#336 = VECTOR('',#337,1.);
#337 = DIRECTION('',(1.,-0.));
#338 = ( GEOMETRIC_REPRESENTATION_CONTEXT(2) 
PARAMETRIC_REPRESENTATION_CONTEXT() REPRESENTATION_CONTEXT('2D SPACE',''
  ) );
#339 = FACE_BOUND('',#340,.T.);
#340 = EDGE_LOOP('',(#341));
#341 = ORIENTED_EDGE('',*,*,#342,.T.);
#342 = EDGE_CURVE('',#343,#343,#345,.T.);
#343 = VERTEX_POINT('',#344);
#344 = CARTESIAN_POINT('',(58.6,-234.,6.));
#345 = SURFACE_CURVE('',#346,(#351,#362),.PCURVE_S1.);
#346 = CIRCLE('',#347,3.6);
#347 = AXIS2_PLACEMENT_3D('',#348,#349,#350);
#348 = CARTESIAN_POINT('',(55.,-234.,6.));
#349 = DIRECTION('',(0.,0.,-1.));
#350 = DIRECTION('',(1.,0.,0.));
#351 = PCURVE('',#168,#352);
#352 = DEFINITIONAL_REPRESENTATION('',(#353),#361);
#353 = ( BOUNDED_CURVE() B_SPLINE_CURVE(2,(#354,#355,#356,#357,#358,#359
,#360),.UNSPECIFIED.,.T.,.F.) B_SPLINE_CURVE_WITH_KNOTS((1,2,2,2,2,1),(
    -2.094395102393,0.,2.094395102393,4.188790204786,6.28318530718,
8.377580409573),.UNSPECIFIED.) CURVE() GEOMETRIC_REPRESENTATION_ITEM() 
RATIONAL_B_SPLINE_CURVE((1.,0.5,1.,0.5,1.,0.5,1.)) REPRESENTATION_ITEM(
  '') );
#354 = CARTESIAN_POINT('',(118.6,6.));
#355 = CARTESIAN_POINT('',(118.6,-0.235382907248));
#356 = CARTESIAN_POINT('',(113.2,2.882308546376));
#357 = CARTESIAN_POINT('',(107.8,6.));
#358 = CARTESIAN_POINT('',(113.2,9.117691453624));
#359 = CARTESIAN_POINT('',(118.6,12.235382907248));
#360 = CARTESIAN_POINT('',(118.6,6.));
#361 = ( GEOMETRIC_REPRESENTATION_CONTEXT(2) 
PARAMETRIC_REPRESENTATION_CONTEXT() REPRESENTATION_CONTEXT('2D SPACE',''
  ) );
#362 = PCURVE('',#363,#368);
#363 = CYLINDRICAL_SURFACE('',#364,3.6);
#364 = AXIS2_PLACEMENT_3D('',#365,#366,#367);
#365 = CARTESIAN_POINT('',(55.,-234.,0.));
#366 = DIRECTION('',(-0.,-0.,-1.));
#367 = DIRECTION('',(1.,0.,0.));
#368 = DEFINITIONAL_REPRESENTATION('',(#369),#373);
#369 = LINE('',#370,#371);
#370 = CARTESIAN_POINT('',(-6.28318530718,-6.));
#371 = VECTOR('',#372,1.);
#372 = DIRECTION('',(1.,-0.));
#373 = ( GEOMETRIC_REPRESENTATION_CONTEXT(2) 
PARAMETRIC_REPRESENTATION_CONTEXT() REPRESENTATION_CONTEXT('2D SPACE',''
  ) );
#374 = FACE_BOUND('',#375,.T.);
#375 = EDGE_LOOP('',(#376));
#376 = ORIENTED_EDGE('',*,*,#377,.T.);
#377 = EDGE_CURVE('',#378,#378,#380,.T.);
#378 = VERTEX_POINT('',#379);
#379 = CARTESIAN_POINT('',(-51.4,-166.,6.));
#380 = SURFACE_CURVE('',#381,(#386,#397),.PCURVE_S1.);
#381 = CIRCLE('',#382,3.6);
#382 = AXIS2_PLACEMENT_3D('',#383,#384,#385);
#383 = CARTESIAN_POINT('',(-55.,-166.,6.));
#384 = DIRECTION('',(0.,0.,-1.));
#385 = DIRECTION('',(1.,0.,0.));
#386 = PCURVE('',#168,#387);
#387 = DEFINITIONAL_REPRESENTATION('',(#388),#396);
#388 = ( BOUNDED_CURVE() B_SPLINE_CURVE(2,(#389,#390,#391,#392,#393,#394
,#395),.UNSPECIFIED.,.T.,.F.) B_SPLINE_CURVE_WITH_KNOTS((1,2,2,2,2,1),(
    -2.094395102393,0.,2.094395102393,4.188790204786,6.28318530718,
8.377580409573),.UNSPECIFIED.) CURVE() GEOMETRIC_REPRESENTATION_ITEM() 
RATIONAL_B_SPLINE_CURVE((1.,0.5,1.,0.5,1.,0.5,1.)) REPRESENTATION_ITEM(
  '') );
#389 = CARTESIAN_POINT('',(8.6,74.));
#390 = CARTESIAN_POINT('',(8.6,67.764617092752));
#391 = CARTESIAN_POINT('',(3.2,70.882308546376));
#392 = CARTESIAN_POINT('',(-2.2,74.));
#393 = CARTESIAN_POINT('',(3.2,77.117691453624));
#394 = CARTESIAN_POINT('',(8.6,80.235382907248));
#395 = CARTESIAN_POINT('',(8.6,74.));
#396 = ( GEOMETRIC_REPRESENTATION_CONTEXT(2) 
PARAMETRIC_REPRESENTATION_CONTEXT() REPRESENTATION_CONTEXT('2D SPACE',''
  ) );
#397 = PCURVE('',#398,#403);
#398 = CYLINDRICAL_SURFACE('',#399,3.6);
#399 = AXIS2_PLACEMENT_3D('',#400,#401,#402);
#400 = CARTESIAN_POINT('',(-55.,-166.,0.));
#401 = DIRECTION('',(-0.,-0.,-1.));
#402 = DIRECTION('',(1.,0.,0.));
#403 = DEFINITIONAL_REPRESENTATION('',(#404),#408);
#404 = LINE('',#405,#406);
#405 = CARTESIAN_POINT('',(-6.28318530718,-6.));
#406 = VECTOR('',#407,1.);
#407 = DIRECTION('',(1.,-0.));
#408 = ( GEOMETRIC_REPRESENTATION_CONTEXT(2) 
PARAMETRIC_REPRESENTATION_CONTEXT() REPRESENTATION_CONTEXT('2D SPACE',''
  ) );
#409 = FACE_BOUND('',#410,.T.);
#410 = EDGE_LOOP('',(#411));
#411 = ORIENTED_EDGE('',*,*,#412,.T.);
#412 = EDGE_CURVE('',#413,#413,#415,.T.);
#413 = VERTEX_POINT('',#414);
#414 = CARTESIAN_POINT('',(58.6,-166.,6.));
#415 = SURFACE_CURVE('',#416,(#421,#432),.PCURVE_S1.);
#416 = CIRCLE('',#417,3.6);
#417 = AXIS2_PLACEMENT_3D('',#418,#419,#420);
#418 = CARTESIAN_POINT('',(55.,-166.,6.));
#419 = DIRECTION('',(0.,0.,-1.));
#420 = DIRECTION('',(1.,0.,0.));
#421 = PCURVE('',#168,#422);
#422 = DEFINITIONAL_REPRESENTATION('',(#423),#431);
#423 = ( BOUNDED_CURVE() B_SPLINE_CURVE(2,(#424,#425,#426,#427,#428,#429
,#430),.UNSPECIFIED.,.T.,.F.) B_SPLINE_CURVE_WITH_KNOTS((1,2,2,2,2,1),(
    -2.094395102393,0.,2.094395102393,4.188790204786,6.28318530718,
8.377580409573),.UNSPECIFIED.) CURVE() GEOMETRIC_REPRESENTATION_ITEM() 
RATIONAL_B_SPLINE_CURVE((1.,0.5,1.,0.5,1.,0.5,1.)) REPRESENTATION_ITEM(
  '') );
#424 = CARTESIAN_POINT('',(118.6,74.));
#425 = CARTESIAN_POINT('',(118.6,67.764617092752));
#426 = CARTESIAN_POINT('',(113.2,70.882308546376));
#427 = CARTESIAN_POINT('',(107.8,74.));
#428 = CARTESIAN_POINT('',(113.2,77.117691453624));
#429 = CARTESIAN_POINT('',(118.6,80.235382907248));
#430 = CARTESIAN_POINT('',(118.6,74.));
#431 = ( GEOMETRIC_REPRESENTATION_CONTEXT(2) 
PARAMETRIC_REPRESENTATION_CONTEXT() REPRESENTATION_CONTEXT('2D SPACE',''
  ) );
#432 = PCURVE('',#433,#438);
#433 = CYLINDRICAL_SURFACE('',#434,3.6);
#434 = AXIS2_PLACEMENT_3D('',#435,#436,#437);
#435 = CARTESIAN_POINT('',(55.,-166.,0.));
#436 = DIRECTION('',(-0.,-0.,-1.));
#437 = DIRECTION('',(1.,0.,0.));
#438 = DEFINITIONAL_REPRESENTATION('',(#439),#443);
#439 = LINE('',#440,#441);
#440 = CARTESIAN_POINT('',(-6.28318530718,-6.));
#441 = VECTOR('',#442,1.);
#442 = DIRECTION('',(1.,-0.));
#443 = ( GEOMETRIC_REPRESENTATION_CONTEXT(2) 
PARAMETRIC_REPRESENTATION_CONTEXT() REPRESENTATION_CONTEXT('2D SPACE',''
  ) );
#444 = ADVANCED_FACE('',(#445),#142,.T.);
#445 = FACE_BOUND('',#446,.T.);
#446 = EDGE_LOOP('',(#447,#470,#471,#472));
#447 = ORIENTED_EDGE('',*,*,#448,.F.);
#448 = EDGE_CURVE('',#99,#449,#451,.T.);
#449 = VERTEX_POINT('',#450);
#450 = CARTESIAN_POINT('',(60.,-160.,-6.));
#451 = SURFACE_CURVE('',#452,(#456,#463),.PCURVE_S1.);
#452 = LINE('',#453,#454);
#453 = CARTESIAN_POINT('',(-60.,-160.,-6.));
#454 = VECTOR('',#455,1.);
#455 = DIRECTION('',(1.,0.,0.));
#456 = PCURVE('',#142,#457);
#457 = DEFINITIONAL_REPRESENTATION('',(#458),#462);
#458 = LINE('',#459,#460);
#459 = CARTESIAN_POINT('',(0.,0.));
#460 = VECTOR('',#461,1.);
#461 = DIRECTION('',(0.,1.));
#462 = ( GEOMETRIC_REPRESENTATION_CONTEXT(2) 
PARAMETRIC_REPRESENTATION_CONTEXT() REPRESENTATION_CONTEXT('2D SPACE',''
  ) );
#463 = PCURVE('',#114,#464);
#464 = DEFINITIONAL_REPRESENTATION('',(#465),#469);
#465 = LINE('',#466,#467);
#466 = CARTESIAN_POINT('',(0.,80.));
#467 = VECTOR('',#468,1.);
#468 = DIRECTION('',(1.,0.));
#469 = ( GEOMETRIC_REPRESENTATION_CONTEXT(2) 
PARAMETRIC_REPRESENTATION_CONTEXT() REPRESENTATION_CONTEXT('2D SPACE',''
  ) );
#470 = ORIENTED_EDGE('',*,*,#126,.T.);
#471 = ORIENTED_EDGE('',*,*,#284,.T.);
#472 = ORIENTED_EDGE('',*,*,#473,.F.);
#473 = EDGE_CURVE('',#449,#262,#474,.T.);
#474 = SURFACE_CURVE('',#475,(#479,#486),.PCURVE_S1.);
#475 = LINE('',#476,#477);
#476 = CARTESIAN_POINT('',(60.,-160.,-6.));
#477 = VECTOR('',#478,1.);
#478 = DIRECTION('',(0.,0.,1.));
#479 = PCURVE('',#142,#480);
#480 = DEFINITIONAL_REPRESENTATION('',(#481),#485);
#481 = LINE('',#482,#483);
#482 = CARTESIAN_POINT('',(0.,120.));
#483 = VECTOR('',#484,1.);
#484 = DIRECTION('',(1.,0.));
#485 = ( GEOMETRIC_REPRESENTATION_CONTEXT(2) 
PARAMETRIC_REPRESENTATION_CONTEXT() REPRESENTATION_CONTEXT('2D SPACE',''
  ) );
#486 = PCURVE('',#244,#487);
#487 = DEFINITIONAL_REPRESENTATION('',(#488),#492);
#488 = LINE('',#489,#490);
#489 = CARTESIAN_POINT('',(0.,-80.));
#490 = VECTOR('',#491,1.);
#491 = DIRECTION('',(1.,0.));
#492 = ( GEOMETRIC_REPRESENTATION_CONTEXT(2) 
PARAMETRIC_REPRESENTATION_CONTEXT() REPRESENTATION_CONTEXT('2D SPACE',''
  ) );
#493 = ADVANCED_FACE('',(#494),#114,.F.);
#494 = FACE_BOUND('',#495,.F.);
#495 = EDGE_LOOP('',(#496,#497,#498,#519));
#496 = ORIENTED_EDGE('',*,*,#98,.F.);
#497 = ORIENTED_EDGE('',*,*,#183,.T.);
#498 = ORIENTED_EDGE('',*,*,#499,.T.);
#499 = EDGE_CURVE('',#184,#449,#500,.T.);
#500 = SURFACE_CURVE('',#501,(#505,#512),.PCURVE_S1.);
#501 = LINE('',#502,#503);
#502 = CARTESIAN_POINT('',(60.,-240.,-6.));
#503 = VECTOR('',#504,1.);
#504 = DIRECTION('',(0.,1.,0.));
#505 = PCURVE('',#114,#506);
#506 = DEFINITIONAL_REPRESENTATION('',(#507),#511);
#507 = LINE('',#508,#509);
#508 = CARTESIAN_POINT('',(120.,0.));
#509 = VECTOR('',#510,1.);
#510 = DIRECTION('',(0.,1.));
#511 = ( GEOMETRIC_REPRESENTATION_CONTEXT(2) 
PARAMETRIC_REPRESENTATION_CONTEXT() REPRESENTATION_CONTEXT('2D SPACE',''
  ) );
#512 = PCURVE('',#244,#513);
#513 = DEFINITIONAL_REPRESENTATION('',(#514),#518);
#514 = LINE('',#515,#516);
#515 = CARTESIAN_POINT('',(0.,0.));
#516 = VECTOR('',#517,1.);
#517 = DIRECTION('',(0.,-1.));
#518 = ( GEOMETRIC_REPRESENTATION_CONTEXT(2) 
PARAMETRIC_REPRESENTATION_CONTEXT() REPRESENTATION_CONTEXT('2D SPACE',''
  ) );
#519 = ORIENTED_EDGE('',*,*,#448,.F.);
#520 = ADVANCED_FACE('',(#521),#244,.T.);
#521 = FACE_BOUND('',#522,.T.);
#522 = EDGE_LOOP('',(#523,#524,#525,#526));
#523 = ORIENTED_EDGE('',*,*,#230,.F.);
#524 = ORIENTED_EDGE('',*,*,#499,.T.);
#525 = ORIENTED_EDGE('',*,*,#473,.T.);
#526 = ORIENTED_EDGE('',*,*,#261,.F.);
#527 = ADVANCED_FACE('',(#528),#328,.T.);
#528 = FACE_BOUND('',#529,.F.);
#529 = EDGE_LOOP('',(#530,#531,#554,#581));
#530 = ORIENTED_EDGE('',*,*,#307,.T.);
#531 = ORIENTED_EDGE('',*,*,#532,.T.);
#532 = EDGE_CURVE('',#308,#533,#535,.T.);
#533 = VERTEX_POINT('',#534);
#534 = CARTESIAN_POINT('',(-51.4,-234.,14.));
#535 = SEAM_CURVE('',#536,(#540,#547),.PCURVE_S1.);
#536 = LINE('',#537,#538);
#537 = CARTESIAN_POINT('',(-51.4,-234.,0.));
#538 = VECTOR('',#539,1.);
#539 = DIRECTION('',(0.,0.,1.));
#540 = PCURVE('',#328,#541);
#541 = DEFINITIONAL_REPRESENTATION('',(#542),#546);
#542 = LINE('',#543,#544);
#543 = CARTESIAN_POINT('',(-6.28318530718,0.));
#544 = VECTOR('',#545,1.);
#545 = DIRECTION('',(-0.,-1.));
#546 = ( GEOMETRIC_REPRESENTATION_CONTEXT(2) 
PARAMETRIC_REPRESENTATION_CONTEXT() REPRESENTATION_CONTEXT('2D SPACE',''
  ) );
#547 = PCURVE('',#328,#548);
#548 = DEFINITIONAL_REPRESENTATION('',(#549),#553);
#549 = LINE('',#550,#551);
#550 = CARTESIAN_POINT('',(-0.,0.));
#551 = VECTOR('',#552,1.);
#552 = DIRECTION('',(-0.,-1.));
#553 = ( GEOMETRIC_REPRESENTATION_CONTEXT(2) 
PARAMETRIC_REPRESENTATION_CONTEXT() REPRESENTATION_CONTEXT('2D SPACE',''
  ) );
#554 = ORIENTED_EDGE('',*,*,#555,.T.);
#555 = EDGE_CURVE('',#533,#533,#556,.T.);
#556 = SURFACE_CURVE('',#557,(#562,#569),.PCURVE_S1.);
#557 = CIRCLE('',#558,3.6);
#558 = AXIS2_PLACEMENT_3D('',#559,#560,#561);
#559 = CARTESIAN_POINT('',(-55.,-234.,14.));
#560 = DIRECTION('',(0.,0.,1.));
#561 = DIRECTION('',(1.,0.,0.));
#562 = PCURVE('',#328,#563);
#563 = DEFINITIONAL_REPRESENTATION('',(#564),#568);
#564 = LINE('',#565,#566);
#565 = CARTESIAN_POINT('',(-0.,-14.));
#566 = VECTOR('',#567,1.);
#567 = DIRECTION('',(-1.,0.));
#568 = ( GEOMETRIC_REPRESENTATION_CONTEXT(2) 
PARAMETRIC_REPRESENTATION_CONTEXT() REPRESENTATION_CONTEXT('2D SPACE',''
  ) );
#569 = PCURVE('',#570,#575);
#570 = PLANE('',#571);
#571 = AXIS2_PLACEMENT_3D('',#572,#573,#574);
#572 = CARTESIAN_POINT('',(-55.,-234.,14.));
#573 = DIRECTION('',(0.,0.,1.));
#574 = DIRECTION('',(1.,0.,-0.));
#575 = DEFINITIONAL_REPRESENTATION('',(#576),#580);
#576 = CIRCLE('',#577,3.6);
#577 = AXIS2_PLACEMENT_2D('',#578,#579);
#578 = CARTESIAN_POINT('',(0.,0.));
#579 = DIRECTION('',(1.,0.));
#580 = ( GEOMETRIC_REPRESENTATION_CONTEXT(2) 
PARAMETRIC_REPRESENTATION_CONTEXT() REPRESENTATION_CONTEXT('2D SPACE',''
  ) );
#581 = ORIENTED_EDGE('',*,*,#532,.F.);
#582 = ADVANCED_FACE('',(#583),#363,.T.);
#583 = FACE_BOUND('',#584,.F.);
#584 = EDGE_LOOP('',(#585,#586,#609,#636));
#585 = ORIENTED_EDGE('',*,*,#342,.T.);
#586 = ORIENTED_EDGE('',*,*,#587,.T.);
#587 = EDGE_CURVE('',#343,#588,#590,.T.);
#588 = VERTEX_POINT('',#589);
#589 = CARTESIAN_POINT('',(58.6,-234.,14.));
#590 = SEAM_CURVE('',#591,(#595,#602),.PCURVE_S1.);
#591 = LINE('',#592,#593);
#592 = CARTESIAN_POINT('',(58.6,-234.,0.));
#593 = VECTOR('',#594,1.);
#594 = DIRECTION('',(0.,0.,1.));
#595 = PCURVE('',#363,#596);
#596 = DEFINITIONAL_REPRESENTATION('',(#597),#601);
#597 = LINE('',#598,#599);
#598 = CARTESIAN_POINT('',(-6.28318530718,0.));
#599 = VECTOR('',#600,1.);
#600 = DIRECTION('',(-0.,-1.));
#601 = ( GEOMETRIC_REPRESENTATION_CONTEXT(2) 
PARAMETRIC_REPRESENTATION_CONTEXT() REPRESENTATION_CONTEXT('2D SPACE',''
  ) );
#602 = PCURVE('',#363,#603);
#603 = DEFINITIONAL_REPRESENTATION('',(#604),#608);
#604 = LINE('',#605,#606);
#605 = CARTESIAN_POINT('',(-0.,0.));
#606 = VECTOR('',#607,1.);
#607 = DIRECTION('',(-0.,-1.));
#608 = ( GEOMETRIC_REPRESENTATION_CONTEXT(2) 
PARAMETRIC_REPRESENTATION_CONTEXT() REPRESENTATION_CONTEXT('2D SPACE',''
  ) );
#609 = ORIENTED_EDGE('',*,*,#610,.T.);
#610 = EDGE_CURVE('',#588,#588,#611,.T.);
#611 = SURFACE_CURVE('',#612,(#617,#624),.PCURVE_S1.);
#612 = CIRCLE('',#613,3.6);
#613 = AXIS2_PLACEMENT_3D('',#614,#615,#616);
#614 = CARTESIAN_POINT('',(55.,-234.,14.));
#615 = DIRECTION('',(0.,0.,1.));
#616 = DIRECTION('',(1.,0.,0.));
#617 = PCURVE('',#363,#618);
#618 = DEFINITIONAL_REPRESENTATION('',(#619),#623);
#619 = LINE('',#620,#621);
#620 = CARTESIAN_POINT('',(-0.,-14.));
#621 = VECTOR('',#622,1.);
#622 = DIRECTION('',(-1.,0.));
#623 = ( GEOMETRIC_REPRESENTATION_CONTEXT(2) 
PARAMETRIC_REPRESENTATION_CONTEXT() REPRESENTATION_CONTEXT('2D SPACE',''
  ) );
#624 = PCURVE('',#625,#630);
#625 = PLANE('',#626);
#626 = AXIS2_PLACEMENT_3D('',#627,#628,#629);
#627 = CARTESIAN_POINT('',(55.,-234.,14.));
#628 = DIRECTION('',(0.,0.,1.));
#629 = DIRECTION('',(1.,0.,-0.));
#630 = DEFINITIONAL_REPRESENTATION('',(#631),#635);
#631 = CIRCLE('',#632,3.6);
#632 = AXIS2_PLACEMENT_2D('',#633,#634);
#633 = CARTESIAN_POINT('',(0.,0.));
#634 = DIRECTION('',(1.,0.));
#635 = ( GEOMETRIC_REPRESENTATION_CONTEXT(2) 
PARAMETRIC_REPRESENTATION_CONTEXT() REPRESENTATION_CONTEXT('2D SPACE',''
  ) );
#636 = ORIENTED_EDGE('',*,*,#587,.F.);
#637 = ADVANCED_FACE('',(#638),#398,.T.);
#638 = FACE_BOUND('',#639,.F.);
#639 = EDGE_LOOP('',(#640,#641,#664,#691));
#640 = ORIENTED_EDGE('',*,*,#377,.T.);
#641 = ORIENTED_EDGE('',*,*,#642,.T.);
#642 = EDGE_CURVE('',#378,#643,#645,.T.);
#643 = VERTEX_POINT('',#644);
#644 = CARTESIAN_POINT('',(-51.4,-166.,14.));
#645 = SEAM_CURVE('',#646,(#650,#657),.PCURVE_S1.);
#646 = LINE('',#647,#648);
#647 = CARTESIAN_POINT('',(-51.4,-166.,0.));
#648 = VECTOR('',#649,1.);
#649 = DIRECTION('',(0.,0.,1.));
#650 = PCURVE('',#398,#651);
#651 = DEFINITIONAL_REPRESENTATION('',(#652),#656);
#652 = LINE('',#653,#654);
#653 = CARTESIAN_POINT('',(-6.28318530718,0.));
#654 = VECTOR('',#655,1.);
#655 = DIRECTION('',(-0.,-1.));
#656 = ( GEOMETRIC_REPRESENTATION_CONTEXT(2) 
PARAMETRIC_REPRESENTATION_CONTEXT() REPRESENTATION_CONTEXT('2D SPACE',''
  ) );
#657 = PCURVE('',#398,#658);
#658 = DEFINITIONAL_REPRESENTATION('',(#659),#663);
#659 = LINE('',#660,#661);
#660 = CARTESIAN_POINT('',(-0.,0.));
#661 = VECTOR('',#662,1.);
#662 = DIRECTION('',(-0.,-1.));
#663 = ( GEOMETRIC_REPRESENTATION_CONTEXT(2) 
PARAMETRIC_REPRESENTATION_CONTEXT() REPRESENTATION_CONTEXT('2D SPACE',''
  ) );
#664 = ORIENTED_EDGE('',*,*,#665,.T.);
#665 = EDGE_CURVE('',#643,#643,#666,.T.);
#666 = SURFACE_CURVE('',#667,(#672,#679),.PCURVE_S1.);
#667 = CIRCLE('',#668,3.6);
#668 = AXIS2_PLACEMENT_3D('',#669,#670,#671);
#669 = CARTESIAN_POINT('',(-55.,-166.,14.));
#670 = DIRECTION('',(0.,0.,1.));
#671 = DIRECTION('',(1.,0.,0.));
#672 = PCURVE('',#398,#673);
#673 = DEFINITIONAL_REPRESENTATION('',(#674),#678);
#674 = LINE('',#675,#676);
#675 = CARTESIAN_POINT('',(-0.,-14.));
#676 = VECTOR('',#677,1.);
#677 = DIRECTION('',(-1.,0.));
#678 = ( GEOMETRIC_REPRESENTATION_CONTEXT(2) 
PARAMETRIC_REPRESENTATION_CONTEXT() REPRESENTATION_CONTEXT('2D SPACE',''
  ) );
#679 = PCURVE('',#680,#685);
#680 = PLANE('',#681);
#681 = AXIS2_PLACEMENT_3D('',#682,#683,#684);
#682 = CARTESIAN_POINT('',(-55.,-166.,14.));
#683 = DIRECTION('',(0.,0.,1.));
#684 = DIRECTION('',(1.,0.,-0.));
#685 = DEFINITIONAL_REPRESENTATION('',(#686),#690);
#686 = CIRCLE('',#687,3.6);
#687 = AXIS2_PLACEMENT_2D('',#688,#689);
#688 = CARTESIAN_POINT('',(0.,0.));
#689 = DIRECTION('',(1.,0.));
#690 = ( GEOMETRIC_REPRESENTATION_CONTEXT(2) 
PARAMETRIC_REPRESENTATION_CONTEXT() REPRESENTATION_CONTEXT('2D SPACE',''
  ) );
#691 = ORIENTED_EDGE('',*,*,#642,.F.);
#692 = ADVANCED_FACE('',(#693),#433,.T.);
#693 = FACE_BOUND('',#694,.F.);
#694 = EDGE_LOOP('',(#695,#696,#719,#746));
#695 = ORIENTED_EDGE('',*,*,#412,.T.);
#696 = ORIENTED_EDGE('',*,*,#697,.T.);
#697 = EDGE_CURVE('',#413,#698,#700,.T.);
#698 = VERTEX_POINT('',#699);
#699 = CARTESIAN_POINT('',(58.6,-166.,14.));
#700 = SEAM_CURVE('',#701,(#705,#712),.PCURVE_S1.);
#701 = LINE('',#702,#703);
#702 = CARTESIAN_POINT('',(58.6,-166.,0.));
#703 = VECTOR('',#704,1.);
#704 = DIRECTION('',(0.,0.,1.));
#705 = PCURVE('',#433,#706);
#706 = DEFINITIONAL_REPRESENTATION('',(#707),#711);
#707 = LINE('',#708,#709);
#708 = CARTESIAN_POINT('',(-6.28318530718,0.));
#709 = VECTOR('',#710,1.);
#710 = DIRECTION('',(-0.,-1.));
#711 = ( GEOMETRIC_REPRESENTATION_CONTEXT(2) 
PARAMETRIC_REPRESENTATION_CONTEXT() REPRESENTATION_CONTEXT('2D SPACE',''
  ) );
#712 = PCURVE('',#433,#713);
#713 = DEFINITIONAL_REPRESENTATION('',(#714),#718);
#714 = LINE('',#715,#716);
#715 = CARTESIAN_POINT('',(-0.,0.));
#716 = VECTOR('',#717,1.);
#717 = DIRECTION('',(-0.,-1.));
#718 = ( GEOMETRIC_REPRESENTATION_CONTEXT(2) 
PARAMETRIC_REPRESENTATION_CONTEXT() REPRESENTATION_CONTEXT('2D SPACE',''
  ) );
#719 = ORIENTED_EDGE('',*,*,#720,.T.);
#720 = EDGE_CURVE('',#698,#698,#721,.T.);
#721 = SURFACE_CURVE('',#722,(#727,#734),.PCURVE_S1.);
#722 = CIRCLE('',#723,3.6);
#723 = AXIS2_PLACEMENT_3D('',#724,#725,#726);
#724 = CARTESIAN_POINT('',(55.,-166.,14.));
#725 = DIRECTION('',(0.,0.,1.));
#726 = DIRECTION('',(1.,0.,0.));
#727 = PCURVE('',#433,#728);
#728 = DEFINITIONAL_REPRESENTATION('',(#729),#733);
#729 = LINE('',#730,#731);
#730 = CARTESIAN_POINT('',(-0.,-14.));
#731 = VECTOR('',#732,1.);
#732 = DIRECTION('',(-1.,0.));
#733 = ( GEOMETRIC_REPRESENTATION_CONTEXT(2) 
PARAMETRIC_REPRESENTATION_CONTEXT() REPRESENTATION_CONTEXT('2D SPACE',''
  ) );
#734 = PCURVE('',#735,#740);
#735 = PLANE('',#736);
#736 = AXIS2_PLACEMENT_3D('',#737,#738,#739);
#737 = CARTESIAN_POINT('',(55.,-166.,14.));
#738 = DIRECTION('',(0.,0.,1.));
#739 = DIRECTION('',(1.,0.,-0.));
#740 = DEFINITIONAL_REPRESENTATION('',(#741),#745);
#741 = CIRCLE('',#742,3.6);
#742 = AXIS2_PLACEMENT_2D('',#743,#744);
#743 = CARTESIAN_POINT('',(0.,0.));
#744 = DIRECTION('',(1.,0.));
#745 = ( GEOMETRIC_REPRESENTATION_CONTEXT(2) 
PARAMETRIC_REPRESENTATION_CONTEXT() REPRESENTATION_CONTEXT('2D SPACE',''
  ) );
#746 = ORIENTED_EDGE('',*,*,#697,.F.);
#747 = ADVANCED_FACE('',(#748),#570,.T.);
#748 = FACE_BOUND('',#749,.T.);
#749 = EDGE_LOOP('',(#750));
#750 = ORIENTED_EDGE('',*,*,#555,.T.);
#751 = ADVANCED_FACE('',(#752),#625,.T.);
#752 = FACE_BOUND('',#753,.T.);
#753 = EDGE_LOOP('',(#754));
#754 = ORIENTED_EDGE('',*,*,#610,.T.);
#755 = ADVANCED_FACE('',(#756),#680,.T.);
#756 = FACE_BOUND('',#757,.T.);
#757 = EDGE_LOOP('',(#758));
#758 = ORIENTED_EDGE('',*,*,#665,.T.);
#759 = ADVANCED_FACE('',(#760),#735,.T.);
#760 = FACE_BOUND('',#761,.T.);
#761 = EDGE_LOOP('',(#762));
#762 = ORIENTED_EDGE('',*,*,#720,.T.);
#763 = ORIENTED_CLOSED_SHELL('',*,#764,.F.);
#764 = CLOSED_SHELL('',(#765,#989,#1159,#1186,#1218,#1357,#1405,#1429,
    #1527,#1554,#1641,#1668,#1675,#1703));
#765 = ADVANCED_FACE('',(#766),#780,.T.);
#766 = FACE_BOUND('',#767,.T.);
#767 = EDGE_LOOP('',(#768,#803,#831,#859,#885,#911,#939,#965));
#768 = ORIENTED_EDGE('',*,*,#769,.F.);
#769 = EDGE_CURVE('',#770,#772,#774,.T.);
#770 = VERTEX_POINT('',#771);
#771 = CARTESIAN_POINT('',(53.,-167.,-2.));
#772 = VERTEX_POINT('',#773);
#773 = CARTESIAN_POINT('',(53.,-167.,0.));
#774 = SURFACE_CURVE('',#775,(#779,#791),.PCURVE_S1.);
#775 = LINE('',#776,#777);
#776 = CARTESIAN_POINT('',(53.,-167.,-2.));
#777 = VECTOR('',#778,1.);
#778 = DIRECTION('',(0.,0.,1.));
#779 = PCURVE('',#780,#785);
#780 = PLANE('',#781);
#781 = AXIS2_PLACEMENT_3D('',#782,#783,#784);
#782 = CARTESIAN_POINT('',(-53.,-167.,-2.));
#783 = DIRECTION('',(0.,1.,0.));
#784 = DIRECTION('',(0.,0.,1.));
#785 = DEFINITIONAL_REPRESENTATION('',(#786),#790);
#786 = LINE('',#787,#788);
#787 = CARTESIAN_POINT('',(0.,106.));
#788 = VECTOR('',#789,1.);
#789 = DIRECTION('',(1.,0.));
#790 = ( GEOMETRIC_REPRESENTATION_CONTEXT(2) 
PARAMETRIC_REPRESENTATION_CONTEXT() REPRESENTATION_CONTEXT('2D SPACE',''
  ) );
#791 = PCURVE('',#792,#797);
#792 = PLANE('',#793);
#793 = AXIS2_PLACEMENT_3D('',#794,#795,#796);
#794 = CARTESIAN_POINT('',(53.,-233.,-2.));
#795 = DIRECTION('',(1.,0.,0.));
#796 = DIRECTION('',(0.,0.,1.));
#797 = DEFINITIONAL_REPRESENTATION('',(#798),#802);
#798 = LINE('',#799,#800);
#799 = CARTESIAN_POINT('',(0.,-66.));
#800 = VECTOR('',#801,1.);
#801 = DIRECTION('',(1.,0.));
#802 = ( GEOMETRIC_REPRESENTATION_CONTEXT(2) 
PARAMETRIC_REPRESENTATION_CONTEXT() REPRESENTATION_CONTEXT('2D SPACE',''
  ) );
#803 = ORIENTED_EDGE('',*,*,#804,.F.);
#804 = EDGE_CURVE('',#805,#770,#807,.T.);
#805 = VERTEX_POINT('',#806);
#806 = CARTESIAN_POINT('',(-53.,-167.,-2.));
#807 = SURFACE_CURVE('',#808,(#812,#819),.PCURVE_S1.);
#808 = LINE('',#809,#810);
#809 = CARTESIAN_POINT('',(-53.,-167.,-2.));
#810 = VECTOR('',#811,1.);
#811 = DIRECTION('',(1.,0.,0.));
#812 = PCURVE('',#780,#813);
#813 = DEFINITIONAL_REPRESENTATION('',(#814),#818);
#814 = LINE('',#815,#816);
#815 = CARTESIAN_POINT('',(0.,0.));
#816 = VECTOR('',#817,1.);
#817 = DIRECTION('',(0.,1.));
#818 = ( GEOMETRIC_REPRESENTATION_CONTEXT(2) 
PARAMETRIC_REPRESENTATION_CONTEXT() REPRESENTATION_CONTEXT('2D SPACE',''
  ) );
#819 = PCURVE('',#820,#825);
#820 = PLANE('',#821);
#821 = AXIS2_PLACEMENT_3D('',#822,#823,#824);
#822 = CARTESIAN_POINT('',(-53.,-233.,-2.));
#823 = DIRECTION('',(0.,0.,1.));
#824 = DIRECTION('',(1.,0.,0.));
#825 = DEFINITIONAL_REPRESENTATION('',(#826),#830);
#826 = LINE('',#827,#828);
#827 = CARTESIAN_POINT('',(0.,66.));
#828 = VECTOR('',#829,1.);
#829 = DIRECTION('',(1.,0.));
#830 = ( GEOMETRIC_REPRESENTATION_CONTEXT(2) 
PARAMETRIC_REPRESENTATION_CONTEXT() REPRESENTATION_CONTEXT('2D SPACE',''
  ) );
#831 = ORIENTED_EDGE('',*,*,#832,.T.);
#832 = EDGE_CURVE('',#805,#833,#835,.T.);
#833 = VERTEX_POINT('',#834);
#834 = CARTESIAN_POINT('',(-53.,-167.,0.));
#835 = SURFACE_CURVE('',#836,(#840,#847),.PCURVE_S1.);
#836 = LINE('',#837,#838);
#837 = CARTESIAN_POINT('',(-53.,-167.,-2.));
#838 = VECTOR('',#839,1.);
#839 = DIRECTION('',(0.,0.,1.));
#840 = PCURVE('',#780,#841);
#841 = DEFINITIONAL_REPRESENTATION('',(#842),#846);
#842 = LINE('',#843,#844);
#843 = CARTESIAN_POINT('',(0.,0.));
#844 = VECTOR('',#845,1.);
#845 = DIRECTION('',(1.,0.));
#846 = ( GEOMETRIC_REPRESENTATION_CONTEXT(2) 
PARAMETRIC_REPRESENTATION_CONTEXT() REPRESENTATION_CONTEXT('2D SPACE',''
  ) );
#847 = PCURVE('',#848,#853);
#848 = PLANE('',#849);
#849 = AXIS2_PLACEMENT_3D('',#850,#851,#852);
#850 = CARTESIAN_POINT('',(-53.,-233.,-2.));
#851 = DIRECTION('',(1.,0.,0.));
#852 = DIRECTION('',(0.,0.,1.));
#853 = DEFINITIONAL_REPRESENTATION('',(#854),#858);
#854 = LINE('',#855,#856);
#855 = CARTESIAN_POINT('',(0.,-66.));
#856 = VECTOR('',#857,1.);
#857 = DIRECTION('',(1.,0.));
#858 = ( GEOMETRIC_REPRESENTATION_CONTEXT(2) 
PARAMETRIC_REPRESENTATION_CONTEXT() REPRESENTATION_CONTEXT('2D SPACE',''
  ) );
#859 = ORIENTED_EDGE('',*,*,#860,.T.);
#860 = EDGE_CURVE('',#833,#861,#863,.T.);
#861 = VERTEX_POINT('',#862);
#862 = CARTESIAN_POINT('',(-51.54167670684,-167.,0.));
#863 = SURFACE_CURVE('',#864,(#868,#874),.PCURVE_S1.);
#864 = LINE('',#865,#866);
#865 = CARTESIAN_POINT('',(-54.,-167.,0.));
#866 = VECTOR('',#867,1.);
#867 = DIRECTION('',(1.,0.,0.));
#868 = PCURVE('',#780,#869);
#869 = DEFINITIONAL_REPRESENTATION('',(#870),#873);
#870 = B_SPLINE_CURVE_WITH_KNOTS('',1,(#871,#872),.UNSPECIFIED.,.F.,.F.,
  (2,2),(1.,2.6),.PIECEWISE_BEZIER_KNOTS.);
#871 = CARTESIAN_POINT('',(2.,0.));
#872 = CARTESIAN_POINT('',(2.,1.6));
#873 = ( GEOMETRIC_REPRESENTATION_CONTEXT(2) 
PARAMETRIC_REPRESENTATION_CONTEXT() REPRESENTATION_CONTEXT('2D SPACE',''
  ) );
#874 = PCURVE('',#875,#880);
#875 = PLANE('',#876);
#876 = AXIS2_PLACEMENT_3D('',#877,#878,#879);
#877 = CARTESIAN_POINT('',(-55.,-166.,0.));
#878 = DIRECTION('',(0.,0.,1.));
#879 = DIRECTION('',(1.,0.,-0.));
#880 = DEFINITIONAL_REPRESENTATION('',(#881),#884);
#881 = B_SPLINE_CURVE_WITH_KNOTS('',1,(#882,#883),.UNSPECIFIED.,.F.,.F.,
  (2,2),(1.,2.6),.PIECEWISE_BEZIER_KNOTS.);
#882 = CARTESIAN_POINT('',(2.,-1.));
#883 = CARTESIAN_POINT('',(3.6,-1.));
#884 = ( GEOMETRIC_REPRESENTATION_CONTEXT(2) 
PARAMETRIC_REPRESENTATION_CONTEXT() REPRESENTATION_CONTEXT('2D SPACE',''
  ) );
#885 = ORIENTED_EDGE('',*,*,#886,.F.);
#886 = EDGE_CURVE('',#887,#861,#889,.T.);
#887 = VERTEX_POINT('',#888);
#888 = CARTESIAN_POINT('',(-51.54167670684,-167.,2.));
#889 = SURFACE_CURVE('',#890,(#894,#900),.PCURVE_S1.);
#890 = LINE('',#891,#892);
#891 = CARTESIAN_POINT('',(-51.54167670684,-167.,0.));
#892 = VECTOR('',#893,1.);
#893 = DIRECTION('',(-0.,-0.,-1.));
#894 = PCURVE('',#780,#895);
#895 = DEFINITIONAL_REPRESENTATION('',(#896),#899);
#896 = B_SPLINE_CURVE_WITH_KNOTS('',1,(#897,#898),.UNSPECIFIED.,.F.,.F.,
  (2,2),(-2.4,6.E-07),.PIECEWISE_BEZIER_KNOTS.);
#897 = CARTESIAN_POINT('',(4.4,1.458323293158));
#898 = CARTESIAN_POINT('',(1.9999994,1.458323293158));
#899 = ( GEOMETRIC_REPRESENTATION_CONTEXT(2) 
PARAMETRIC_REPRESENTATION_CONTEXT() REPRESENTATION_CONTEXT('2D SPACE',''
  ) );
#900 = PCURVE('',#901,#906);
#901 = CYLINDRICAL_SURFACE('',#902,3.6);
#902 = AXIS2_PLACEMENT_3D('',#903,#904,#905);
#903 = CARTESIAN_POINT('',(-55.,-166.,0.));
#904 = DIRECTION('',(-0.,-0.,-1.));
#905 = DIRECTION('',(1.,0.,0.));
#906 = DEFINITIONAL_REPRESENTATION('',(#907),#910);
#907 = B_SPLINE_CURVE_WITH_KNOTS('',1,(#908,#909),.UNSPECIFIED.,.F.,.F.,
  (2,2),(-2.4,6.E-07),.PIECEWISE_BEZIER_KNOTS.);
#908 = CARTESIAN_POINT('',(-6.001705233949,-2.4));
#909 = CARTESIAN_POINT('',(-6.001705233949,6.E-07));
#910 = ( GEOMETRIC_REPRESENTATION_CONTEXT(2) 
PARAMETRIC_REPRESENTATION_CONTEXT() REPRESENTATION_CONTEXT('2D SPACE',''
  ) );
#911 = ORIENTED_EDGE('',*,*,#912,.T.);
#912 = EDGE_CURVE('',#887,#913,#915,.T.);
#913 = VERTEX_POINT('',#914);
#914 = CARTESIAN_POINT('',(51.541676706842,-167.,2.));
#915 = SURFACE_CURVE('',#916,(#920,#927),.PCURVE_S1.);
#916 = LINE('',#917,#918);
#917 = CARTESIAN_POINT('',(-53.,-167.,2.));
#918 = VECTOR('',#919,1.);
#919 = DIRECTION('',(1.,0.,0.));
#920 = PCURVE('',#780,#921);
#921 = DEFINITIONAL_REPRESENTATION('',(#922),#926);
#922 = LINE('',#923,#924);
#923 = CARTESIAN_POINT('',(4.,0.));
#924 = VECTOR('',#925,1.);
#925 = DIRECTION('',(0.,1.));
#926 = ( GEOMETRIC_REPRESENTATION_CONTEXT(2) 
PARAMETRIC_REPRESENTATION_CONTEXT() REPRESENTATION_CONTEXT('2D SPACE',''
  ) );
#927 = PCURVE('',#928,#933);
#928 = PLANE('',#929);
#929 = AXIS2_PLACEMENT_3D('',#930,#931,#932);
#930 = CARTESIAN_POINT('',(-53.,-233.,2.));
#931 = DIRECTION('',(0.,0.,1.));
#932 = DIRECTION('',(1.,0.,0.));
#933 = DEFINITIONAL_REPRESENTATION('',(#934),#938);
#934 = LINE('',#935,#936);
#935 = CARTESIAN_POINT('',(0.,66.));
#936 = VECTOR('',#937,1.);
#937 = DIRECTION('',(1.,0.));
#938 = ( GEOMETRIC_REPRESENTATION_CONTEXT(2) 
PARAMETRIC_REPRESENTATION_CONTEXT() REPRESENTATION_CONTEXT('2D SPACE',''
  ) );
#939 = ORIENTED_EDGE('',*,*,#940,.T.);
#940 = EDGE_CURVE('',#913,#941,#943,.T.);
#941 = VERTEX_POINT('',#942);
#942 = CARTESIAN_POINT('',(51.541676706842,-167.,0.));
#943 = SURFACE_CURVE('',#944,(#948,#954),.PCURVE_S1.);
#944 = LINE('',#945,#946);
#945 = CARTESIAN_POINT('',(51.541676706842,-167.,0.));
#946 = VECTOR('',#947,1.);
#947 = DIRECTION('',(-0.,-0.,-1.));
#948 = PCURVE('',#780,#949);
#949 = DEFINITIONAL_REPRESENTATION('',(#950),#953);
#950 = B_SPLINE_CURVE_WITH_KNOTS('',1,(#951,#952),.UNSPECIFIED.,.F.,.F.,
  (2,2),(-2.4,6.E-07),.PIECEWISE_BEZIER_KNOTS.);
#951 = CARTESIAN_POINT('',(4.4,104.54167670684));
#952 = CARTESIAN_POINT('',(1.9999994,104.54167670684));
#953 = ( GEOMETRIC_REPRESENTATION_CONTEXT(2) 
PARAMETRIC_REPRESENTATION_CONTEXT() REPRESENTATION_CONTEXT('2D SPACE',''
  ) );
#954 = PCURVE('',#955,#960);
#955 = CYLINDRICAL_SURFACE('',#956,3.6);
#956 = AXIS2_PLACEMENT_3D('',#957,#958,#959);
#957 = CARTESIAN_POINT('',(55.,-166.,0.));
#958 = DIRECTION('',(-0.,-0.,-1.));
#959 = DIRECTION('',(1.,0.,0.));
#960 = DEFINITIONAL_REPRESENTATION('',(#961),#964);
#961 = B_SPLINE_CURVE_WITH_KNOTS('',1,(#962,#963),.UNSPECIFIED.,.F.,.F.,
  (2,2),(-2.4,6.E-07),.PIECEWISE_BEZIER_KNOTS.);
#962 = CARTESIAN_POINT('',(-3.423072726821,-2.4));
#963 = CARTESIAN_POINT('',(-3.423072726821,6.E-07));
#964 = ( GEOMETRIC_REPRESENTATION_CONTEXT(2) 
PARAMETRIC_REPRESENTATION_CONTEXT() REPRESENTATION_CONTEXT('2D SPACE',''
  ) );
#965 = ORIENTED_EDGE('',*,*,#966,.T.);
#966 = EDGE_CURVE('',#941,#772,#967,.T.);
#967 = SURFACE_CURVE('',#968,(#972,#978),.PCURVE_S1.);
#968 = LINE('',#969,#970);
#969 = CARTESIAN_POINT('',(1.,-167.,0.));
#970 = VECTOR('',#971,1.);
#971 = DIRECTION('',(1.,0.,0.));
#972 = PCURVE('',#780,#973);
#973 = DEFINITIONAL_REPRESENTATION('',(#974),#977);
#974 = B_SPLINE_CURVE_WITH_KNOTS('',1,(#975,#976),.UNSPECIFIED.,.F.,.F.,
  (2,2),(50.4,52.),.PIECEWISE_BEZIER_KNOTS.);
#975 = CARTESIAN_POINT('',(2.,104.4));
#976 = CARTESIAN_POINT('',(2.,106.));
#977 = ( GEOMETRIC_REPRESENTATION_CONTEXT(2) 
PARAMETRIC_REPRESENTATION_CONTEXT() REPRESENTATION_CONTEXT('2D SPACE',''
  ) );
#978 = PCURVE('',#979,#984);
#979 = PLANE('',#980);
#980 = AXIS2_PLACEMENT_3D('',#981,#982,#983);
#981 = CARTESIAN_POINT('',(55.,-166.,0.));
#982 = DIRECTION('',(0.,0.,1.));
#983 = DIRECTION('',(1.,0.,-0.));
#984 = DEFINITIONAL_REPRESENTATION('',(#985),#988);
#985 = B_SPLINE_CURVE_WITH_KNOTS('',1,(#986,#987),.UNSPECIFIED.,.F.,.F.,
  (2,2),(50.4,52.),.PIECEWISE_BEZIER_KNOTS.);
#986 = CARTESIAN_POINT('',(-3.6,-1.));
#987 = CARTESIAN_POINT('',(-2.,-1.));
#988 = ( GEOMETRIC_REPRESENTATION_CONTEXT(2) 
PARAMETRIC_REPRESENTATION_CONTEXT() REPRESENTATION_CONTEXT('2D SPACE',''
  ) );
#989 = ADVANCED_FACE('',(#990),#792,.T.);
#990 = FACE_BOUND('',#991,.T.);
#991 = EDGE_LOOP('',(#992,#1022,#1043,#1044,#1065,#1086,#1109,#1135));
#992 = ORIENTED_EDGE('',*,*,#993,.F.);
#993 = EDGE_CURVE('',#994,#996,#998,.T.);
#994 = VERTEX_POINT('',#995);
#995 = CARTESIAN_POINT('',(53.,-233.,-2.));
#996 = VERTEX_POINT('',#997);
#997 = CARTESIAN_POINT('',(53.,-233.,0.));
#998 = SURFACE_CURVE('',#999,(#1003,#1010),.PCURVE_S1.);
#999 = LINE('',#1000,#1001);
#1000 = CARTESIAN_POINT('',(53.,-233.,-2.));
#1001 = VECTOR('',#1002,1.);
#1002 = DIRECTION('',(0.,0.,1.));
#1003 = PCURVE('',#792,#1004);
#1004 = DEFINITIONAL_REPRESENTATION('',(#1005),#1009);
#1005 = LINE('',#1006,#1007);
#1006 = CARTESIAN_POINT('',(0.,0.));
#1007 = VECTOR('',#1008,1.);
#1008 = DIRECTION('',(1.,0.));
#1009 = ( GEOMETRIC_REPRESENTATION_CONTEXT(2) 
PARAMETRIC_REPRESENTATION_CONTEXT() REPRESENTATION_CONTEXT('2D SPACE',''
  ) );
#1010 = PCURVE('',#1011,#1016);
#1011 = PLANE('',#1012);
#1012 = AXIS2_PLACEMENT_3D('',#1013,#1014,#1015);
#1013 = CARTESIAN_POINT('',(-53.,-233.,-2.));
#1014 = DIRECTION('',(0.,1.,0.));
#1015 = DIRECTION('',(0.,0.,1.));
#1016 = DEFINITIONAL_REPRESENTATION('',(#1017),#1021);
#1017 = LINE('',#1018,#1019);
#1018 = CARTESIAN_POINT('',(0.,106.));
#1019 = VECTOR('',#1020,1.);
#1020 = DIRECTION('',(1.,0.));
#1021 = ( GEOMETRIC_REPRESENTATION_CONTEXT(2) 
PARAMETRIC_REPRESENTATION_CONTEXT() REPRESENTATION_CONTEXT('2D SPACE',''
  ) );
#1022 = ORIENTED_EDGE('',*,*,#1023,.T.);
#1023 = EDGE_CURVE('',#994,#770,#1024,.T.);
#1024 = SURFACE_CURVE('',#1025,(#1029,#1036),.PCURVE_S1.);
#1025 = LINE('',#1026,#1027);
#1026 = CARTESIAN_POINT('',(53.,-233.,-2.));
#1027 = VECTOR('',#1028,1.);
#1028 = DIRECTION('',(0.,1.,0.));
#1029 = PCURVE('',#792,#1030);
#1030 = DEFINITIONAL_REPRESENTATION('',(#1031),#1035);
#1031 = LINE('',#1032,#1033);
#1032 = CARTESIAN_POINT('',(0.,0.));
#1033 = VECTOR('',#1034,1.);
#1034 = DIRECTION('',(0.,-1.));
#1035 = ( GEOMETRIC_REPRESENTATION_CONTEXT(2) 
PARAMETRIC_REPRESENTATION_CONTEXT() REPRESENTATION_CONTEXT('2D SPACE',''
  ) );
#1036 = PCURVE('',#820,#1037);
#1037 = DEFINITIONAL_REPRESENTATION('',(#1038),#1042);
#1038 = LINE('',#1039,#1040);
#1039 = CARTESIAN_POINT('',(106.,0.));
#1040 = VECTOR('',#1041,1.);
#1041 = DIRECTION('',(0.,1.));
#1042 = ( GEOMETRIC_REPRESENTATION_CONTEXT(2) 
PARAMETRIC_REPRESENTATION_CONTEXT() REPRESENTATION_CONTEXT('2D SPACE',''
  ) );
#1043 = ORIENTED_EDGE('',*,*,#769,.T.);
#1044 = ORIENTED_EDGE('',*,*,#1045,.T.);
#1045 = EDGE_CURVE('',#772,#1046,#1048,.T.);
#1046 = VERTEX_POINT('',#1047);
#1047 = CARTESIAN_POINT('',(53.,-168.9933259094,0.));
#1048 = SURFACE_CURVE('',#1049,(#1053,#1059),.PCURVE_S1.);
#1049 = LINE('',#1050,#1051);
#1050 = CARTESIAN_POINT('',(53.,-199.5,0.));
#1051 = VECTOR('',#1052,1.);
#1052 = DIRECTION('',(0.,-1.,0.));
#1053 = PCURVE('',#792,#1054);
#1054 = DEFINITIONAL_REPRESENTATION('',(#1055),#1058);
#1055 = B_SPLINE_CURVE_WITH_KNOTS('',1,(#1056,#1057),.UNSPECIFIED.,.F.,
  .F.,(2,2),(-32.5,-29.9),.PIECEWISE_BEZIER_KNOTS.);
#1056 = CARTESIAN_POINT('',(2.,-66.));
#1057 = CARTESIAN_POINT('',(2.,-63.4));
#1058 = ( GEOMETRIC_REPRESENTATION_CONTEXT(2) 
PARAMETRIC_REPRESENTATION_CONTEXT() REPRESENTATION_CONTEXT('2D SPACE',''
  ) );
#1059 = PCURVE('',#979,#1060);
#1060 = DEFINITIONAL_REPRESENTATION('',(#1061),#1064);
#1061 = B_SPLINE_CURVE_WITH_KNOTS('',1,(#1062,#1063),.UNSPECIFIED.,.F.,
  .F.,(2,2),(-32.5,-29.9),.PIECEWISE_BEZIER_KNOTS.);
#1062 = CARTESIAN_POINT('',(-2.,-1.));
#1063 = CARTESIAN_POINT('',(-2.,-3.6));
#1064 = ( GEOMETRIC_REPRESENTATION_CONTEXT(2) 
PARAMETRIC_REPRESENTATION_CONTEXT() REPRESENTATION_CONTEXT('2D SPACE',''
  ) );
#1065 = ORIENTED_EDGE('',*,*,#1066,.F.);
#1066 = EDGE_CURVE('',#1067,#1046,#1069,.T.);
#1067 = VERTEX_POINT('',#1068);
#1068 = CARTESIAN_POINT('',(53.,-168.9933259094,2.));
#1069 = SURFACE_CURVE('',#1070,(#1074,#1080),.PCURVE_S1.);
#1070 = LINE('',#1071,#1072);
#1071 = CARTESIAN_POINT('',(53.,-168.9933259094,0.));
#1072 = VECTOR('',#1073,1.);
#1073 = DIRECTION('',(-0.,-0.,-1.));
#1074 = PCURVE('',#792,#1075);
#1075 = DEFINITIONAL_REPRESENTATION('',(#1076),#1079);
#1076 = B_SPLINE_CURVE_WITH_KNOTS('',1,(#1077,#1078),.UNSPECIFIED.,.F.,
  .F.,(2,2),(-2.4,6.E-07),.PIECEWISE_BEZIER_KNOTS.);
#1077 = CARTESIAN_POINT('',(4.4,-64.00667409058));
#1078 = CARTESIAN_POINT('',(1.9999994,-64.00667409058));
#1079 = ( GEOMETRIC_REPRESENTATION_CONTEXT(2) 
PARAMETRIC_REPRESENTATION_CONTEXT() REPRESENTATION_CONTEXT('2D SPACE',''
  ) );
#1080 = PCURVE('',#955,#1081);
#1081 = DEFINITIONAL_REPRESENTATION('',(#1082),#1085);
#1082 = B_SPLINE_CURVE_WITH_KNOTS('',1,(#1083,#1084),.UNSPECIFIED.,.F.,
  .F.,(2,2),(-2.4,6.E-07),.PIECEWISE_BEZIER_KNOTS.);
#1083 = CARTESIAN_POINT('',(-4.123358010168,-2.4));
#1084 = CARTESIAN_POINT('',(-4.123358010168,6.E-07));
#1085 = ( GEOMETRIC_REPRESENTATION_CONTEXT(2) 
PARAMETRIC_REPRESENTATION_CONTEXT() REPRESENTATION_CONTEXT('2D SPACE',''
  ) );
#1086 = ORIENTED_EDGE('',*,*,#1087,.F.);
#1087 = EDGE_CURVE('',#1088,#1067,#1090,.T.);
#1088 = VERTEX_POINT('',#1089);
#1089 = CARTESIAN_POINT('',(53.,-231.0066740905,2.));
#1090 = SURFACE_CURVE('',#1091,(#1095,#1102),.PCURVE_S1.);
#1091 = LINE('',#1092,#1093);
#1092 = CARTESIAN_POINT('',(53.,-233.,2.));
#1093 = VECTOR('',#1094,1.);
#1094 = DIRECTION('',(0.,1.,0.));
#1095 = PCURVE('',#792,#1096);
#1096 = DEFINITIONAL_REPRESENTATION('',(#1097),#1101);
#1097 = LINE('',#1098,#1099);
#1098 = CARTESIAN_POINT('',(4.,0.));
#1099 = VECTOR('',#1100,1.);
#1100 = DIRECTION('',(0.,-1.));
#1101 = ( GEOMETRIC_REPRESENTATION_CONTEXT(2) 
PARAMETRIC_REPRESENTATION_CONTEXT() REPRESENTATION_CONTEXT('2D SPACE',''
  ) );
#1102 = PCURVE('',#928,#1103);
#1103 = DEFINITIONAL_REPRESENTATION('',(#1104),#1108);
#1104 = LINE('',#1105,#1106);
#1105 = CARTESIAN_POINT('',(106.,0.));
#1106 = VECTOR('',#1107,1.);
#1107 = DIRECTION('',(0.,1.));
#1108 = ( GEOMETRIC_REPRESENTATION_CONTEXT(2) 
PARAMETRIC_REPRESENTATION_CONTEXT() REPRESENTATION_CONTEXT('2D SPACE',''
  ) );
#1109 = ORIENTED_EDGE('',*,*,#1110,.T.);
#1110 = EDGE_CURVE('',#1088,#1111,#1113,.T.);
#1111 = VERTEX_POINT('',#1112);
#1112 = CARTESIAN_POINT('',(53.,-231.0066740905,0.));
#1113 = SURFACE_CURVE('',#1114,(#1118,#1124),.PCURVE_S1.);
#1114 = LINE('',#1115,#1116);
#1115 = CARTESIAN_POINT('',(53.,-231.0066740905,0.));
#1116 = VECTOR('',#1117,1.);
#1117 = DIRECTION('',(-0.,-0.,-1.));
#1118 = PCURVE('',#792,#1119);
#1119 = DEFINITIONAL_REPRESENTATION('',(#1120),#1123);
#1120 = B_SPLINE_CURVE_WITH_KNOTS('',1,(#1121,#1122),.UNSPECIFIED.,.F.,
  .F.,(2,2),(-2.4,6.E-07),.PIECEWISE_BEZIER_KNOTS.);
#1121 = CARTESIAN_POINT('',(4.4,-1.993325909419));
#1122 = CARTESIAN_POINT('',(1.9999994,-1.993325909419));
#1123 = ( GEOMETRIC_REPRESENTATION_CONTEXT(2) 
PARAMETRIC_REPRESENTATION_CONTEXT() REPRESENTATION_CONTEXT('2D SPACE',''
  ) );
#1124 = PCURVE('',#1125,#1130);
#1125 = CYLINDRICAL_SURFACE('',#1126,3.6);
#1126 = AXIS2_PLACEMENT_3D('',#1127,#1128,#1129);
#1127 = CARTESIAN_POINT('',(55.,-234.,0.));
#1128 = DIRECTION('',(-0.,-0.,-1.));
#1129 = DIRECTION('',(1.,0.,0.));
#1130 = DEFINITIONAL_REPRESENTATION('',(#1131),#1134);
#1131 = B_SPLINE_CURVE_WITH_KNOTS('',1,(#1132,#1133),.UNSPECIFIED.,.F.,
  .F.,(2,2),(-2.4,6.E-07),.PIECEWISE_BEZIER_KNOTS.);
#1132 = CARTESIAN_POINT('',(-2.159827297011,-2.4));
#1133 = CARTESIAN_POINT('',(-2.159827297011,6.E-07));
#1134 = ( GEOMETRIC_REPRESENTATION_CONTEXT(2) 
PARAMETRIC_REPRESENTATION_CONTEXT() REPRESENTATION_CONTEXT('2D SPACE',''
  ) );
#1135 = ORIENTED_EDGE('',*,*,#1136,.T.);
#1136 = EDGE_CURVE('',#1111,#996,#1137,.T.);
#1137 = SURFACE_CURVE('',#1138,(#1142,#1148),.PCURVE_S1.);
#1138 = LINE('',#1139,#1140);
#1139 = CARTESIAN_POINT('',(53.,-233.5,0.));
#1140 = VECTOR('',#1141,1.);
#1141 = DIRECTION('',(0.,-1.,0.));
#1142 = PCURVE('',#792,#1143);
#1143 = DEFINITIONAL_REPRESENTATION('',(#1144),#1147);
#1144 = B_SPLINE_CURVE_WITH_KNOTS('',1,(#1145,#1146),.UNSPECIFIED.,.F.,
  .F.,(2,2),(-3.1,-0.5),.PIECEWISE_BEZIER_KNOTS.);
#1145 = CARTESIAN_POINT('',(2.,-2.6));
#1146 = CARTESIAN_POINT('',(2.,0.));
#1147 = ( GEOMETRIC_REPRESENTATION_CONTEXT(2) 
PARAMETRIC_REPRESENTATION_CONTEXT() REPRESENTATION_CONTEXT('2D SPACE',''
  ) );
#1148 = PCURVE('',#1149,#1154);
#1149 = PLANE('',#1150);
#1150 = AXIS2_PLACEMENT_3D('',#1151,#1152,#1153);
#1151 = CARTESIAN_POINT('',(55.,-234.,0.));
#1152 = DIRECTION('',(0.,0.,1.));
#1153 = DIRECTION('',(1.,0.,-0.));
#1154 = DEFINITIONAL_REPRESENTATION('',(#1155),#1158);
#1155 = B_SPLINE_CURVE_WITH_KNOTS('',1,(#1156,#1157),.UNSPECIFIED.,.F.,
  .F.,(2,2),(-3.1,-0.5),.PIECEWISE_BEZIER_KNOTS.);
#1156 = CARTESIAN_POINT('',(-2.,3.6));
#1157 = CARTESIAN_POINT('',(-2.,1.));
#1158 = ( GEOMETRIC_REPRESENTATION_CONTEXT(2) 
PARAMETRIC_REPRESENTATION_CONTEXT() REPRESENTATION_CONTEXT('2D SPACE',''
  ) );
#1159 = ADVANCED_FACE('',(#1160),#979,.T.);
#1160 = FACE_BOUND('',#1161,.T.);
#1161 = EDGE_LOOP('',(#1162,#1163,#1185));
#1162 = ORIENTED_EDGE('',*,*,#966,.F.);
#1163 = ORIENTED_EDGE('',*,*,#1164,.T.);
#1164 = EDGE_CURVE('',#941,#1046,#1165,.T.);
#1165 = SURFACE_CURVE('',#1166,(#1171,#1178),.PCURVE_S1.);
#1166 = CIRCLE('',#1167,3.6);
#1167 = AXIS2_PLACEMENT_3D('',#1168,#1169,#1170);
#1168 = CARTESIAN_POINT('',(55.,-166.,0.));
#1169 = DIRECTION('',(0.,0.,1.));
#1170 = DIRECTION('',(1.,0.,0.));
#1171 = PCURVE('',#979,#1172);
#1172 = DEFINITIONAL_REPRESENTATION('',(#1173),#1177);
#1173 = CIRCLE('',#1174,3.6);
#1174 = AXIS2_PLACEMENT_2D('',#1175,#1176);
#1175 = CARTESIAN_POINT('',(0.,0.));
#1176 = DIRECTION('',(1.,0.));
#1177 = ( GEOMETRIC_REPRESENTATION_CONTEXT(2) 
PARAMETRIC_REPRESENTATION_CONTEXT() REPRESENTATION_CONTEXT('2D SPACE',''
  ) );
#1178 = PCURVE('',#955,#1179);
#1179 = DEFINITIONAL_REPRESENTATION('',(#1180),#1184);
#1180 = LINE('',#1181,#1182);
#1181 = CARTESIAN_POINT('',(-0.,0.));
#1182 = VECTOR('',#1183,1.);
#1183 = DIRECTION('',(-1.,0.));
#1184 = ( GEOMETRIC_REPRESENTATION_CONTEXT(2) 
PARAMETRIC_REPRESENTATION_CONTEXT() REPRESENTATION_CONTEXT('2D SPACE',''
  ) );
#1185 = ORIENTED_EDGE('',*,*,#1045,.F.);
#1186 = ADVANCED_FACE('',(#1187),#955,.F.);
#1187 = FACE_BOUND('',#1188,.T.);
#1188 = EDGE_LOOP('',(#1189,#1190,#1191,#1217));
#1189 = ORIENTED_EDGE('',*,*,#1164,.F.);
#1190 = ORIENTED_EDGE('',*,*,#940,.F.);
#1191 = ORIENTED_EDGE('',*,*,#1192,.F.);
#1192 = EDGE_CURVE('',#1067,#913,#1193,.T.);
#1193 = SURFACE_CURVE('',#1194,(#1199,#1206),.PCURVE_S1.);
#1194 = CIRCLE('',#1195,3.6);
#1195 = AXIS2_PLACEMENT_3D('',#1196,#1197,#1198);
#1196 = CARTESIAN_POINT('',(55.,-166.,2.));
#1197 = DIRECTION('',(0.,0.,-1.));
#1198 = DIRECTION('',(1.,0.,0.));
#1199 = PCURVE('',#955,#1200);
#1200 = DEFINITIONAL_REPRESENTATION('',(#1201),#1205);
#1201 = LINE('',#1202,#1203);
#1202 = CARTESIAN_POINT('',(-6.28318530718,-2.));
#1203 = VECTOR('',#1204,1.);
#1204 = DIRECTION('',(1.,-0.));
#1205 = ( GEOMETRIC_REPRESENTATION_CONTEXT(2) 
PARAMETRIC_REPRESENTATION_CONTEXT() REPRESENTATION_CONTEXT('2D SPACE',''
  ) );
#1206 = PCURVE('',#928,#1207);
#1207 = DEFINITIONAL_REPRESENTATION('',(#1208),#1216);
#1208 = ( BOUNDED_CURVE() B_SPLINE_CURVE(2,(#1209,#1210,#1211,#1212,
#1213,#1214,#1215),.UNSPECIFIED.,.T.,.F.) B_SPLINE_CURVE_WITH_KNOTS((1,2
    ,2,2,2,1),(-2.094395102393,0.,2.094395102393,4.188790204786,
6.28318530718,8.377580409573),.UNSPECIFIED.) CURVE() 
GEOMETRIC_REPRESENTATION_ITEM() RATIONAL_B_SPLINE_CURVE((1.,0.5,1.,0.5,
1.,0.5,1.)) REPRESENTATION_ITEM('') );
#1209 = CARTESIAN_POINT('',(111.6,67.));
#1210 = CARTESIAN_POINT('',(111.6,60.764617092752));
#1211 = CARTESIAN_POINT('',(106.2,63.882308546376));
#1212 = CARTESIAN_POINT('',(100.8,67.));
#1213 = CARTESIAN_POINT('',(106.2,70.117691453624));
#1214 = CARTESIAN_POINT('',(111.6,73.235382907248));
#1215 = CARTESIAN_POINT('',(111.6,67.));
#1216 = ( GEOMETRIC_REPRESENTATION_CONTEXT(2) 
PARAMETRIC_REPRESENTATION_CONTEXT() REPRESENTATION_CONTEXT('2D SPACE',''
  ) );
#1217 = ORIENTED_EDGE('',*,*,#1066,.T.);
#1218 = ADVANCED_FACE('',(#1219),#928,.T.);
#1219 = FACE_BOUND('',#1220,.T.);
#1220 = EDGE_LOOP('',(#1221,#1246,#1279,#1302,#1328,#1329,#1330,#1331));
#1221 = ORIENTED_EDGE('',*,*,#1222,.F.);
#1222 = EDGE_CURVE('',#1223,#1225,#1227,.T.);
#1223 = VERTEX_POINT('',#1224);
#1224 = CARTESIAN_POINT('',(-53.,-231.0066740905,2.));
#1225 = VERTEX_POINT('',#1226);
#1226 = CARTESIAN_POINT('',(-53.,-168.9933259094,2.));
#1227 = SURFACE_CURVE('',#1228,(#1232,#1239),.PCURVE_S1.);
#1228 = LINE('',#1229,#1230);
#1229 = CARTESIAN_POINT('',(-53.,-233.,2.));
#1230 = VECTOR('',#1231,1.);
#1231 = DIRECTION('',(0.,1.,0.));
#1232 = PCURVE('',#928,#1233);
#1233 = DEFINITIONAL_REPRESENTATION('',(#1234),#1238);
#1234 = LINE('',#1235,#1236);
#1235 = CARTESIAN_POINT('',(0.,0.));
#1236 = VECTOR('',#1237,1.);
#1237 = DIRECTION('',(0.,1.));
#1238 = ( GEOMETRIC_REPRESENTATION_CONTEXT(2) 
PARAMETRIC_REPRESENTATION_CONTEXT() REPRESENTATION_CONTEXT('2D SPACE',''
  ) );
#1239 = PCURVE('',#848,#1240);
#1240 = DEFINITIONAL_REPRESENTATION('',(#1241),#1245);
#1241 = LINE('',#1242,#1243);
#1242 = CARTESIAN_POINT('',(4.,0.));
#1243 = VECTOR('',#1244,1.);
#1244 = DIRECTION('',(0.,-1.));
#1245 = ( GEOMETRIC_REPRESENTATION_CONTEXT(2) 
PARAMETRIC_REPRESENTATION_CONTEXT() REPRESENTATION_CONTEXT('2D SPACE',''
  ) );
#1246 = ORIENTED_EDGE('',*,*,#1247,.T.);
#1247 = EDGE_CURVE('',#1223,#1248,#1250,.T.);
#1248 = VERTEX_POINT('',#1249);
#1249 = CARTESIAN_POINT('',(-51.54167670684,-233.,2.));
#1250 = SURFACE_CURVE('',#1251,(#1256,#1267),.PCURVE_S1.);
#1251 = CIRCLE('',#1252,3.6);
#1252 = AXIS2_PLACEMENT_3D('',#1253,#1254,#1255);
#1253 = CARTESIAN_POINT('',(-55.,-234.,2.));
#1254 = DIRECTION('',(0.,0.,-1.));
#1255 = DIRECTION('',(1.,0.,0.));
#1256 = PCURVE('',#928,#1257);
#1257 = DEFINITIONAL_REPRESENTATION('',(#1258),#1266);
#1258 = ( BOUNDED_CURVE() B_SPLINE_CURVE(2,(#1259,#1260,#1261,#1262,
#1263,#1264,#1265),.UNSPECIFIED.,.T.,.F.) B_SPLINE_CURVE_WITH_KNOTS((1,2
    ,2,2,2,1),(-2.094395102393,0.,2.094395102393,4.188790204786,
6.28318530718,8.377580409573),.UNSPECIFIED.) CURVE() 
GEOMETRIC_REPRESENTATION_ITEM() RATIONAL_B_SPLINE_CURVE((1.,0.5,1.,0.5,
1.,0.5,1.)) REPRESENTATION_ITEM('') );
#1259 = CARTESIAN_POINT('',(1.6,-1.));
#1260 = CARTESIAN_POINT('',(1.6,-7.235382907248));
#1261 = CARTESIAN_POINT('',(-3.8,-4.117691453624));
#1262 = CARTESIAN_POINT('',(-9.2,-1.));
#1263 = CARTESIAN_POINT('',(-3.8,2.117691453624));
#1264 = CARTESIAN_POINT('',(1.6,5.235382907248));
#1265 = CARTESIAN_POINT('',(1.6,-1.));
#1266 = ( GEOMETRIC_REPRESENTATION_CONTEXT(2) 
PARAMETRIC_REPRESENTATION_CONTEXT() REPRESENTATION_CONTEXT('2D SPACE',''
  ) );
#1267 = PCURVE('',#1268,#1273);
#1268 = CYLINDRICAL_SURFACE('',#1269,3.6);
#1269 = AXIS2_PLACEMENT_3D('',#1270,#1271,#1272);
#1270 = CARTESIAN_POINT('',(-55.,-234.,0.));
#1271 = DIRECTION('',(-0.,-0.,-1.));
#1272 = DIRECTION('',(1.,0.,0.));
#1273 = DEFINITIONAL_REPRESENTATION('',(#1274),#1278);
#1274 = LINE('',#1275,#1276);
#1275 = CARTESIAN_POINT('',(-6.28318530718,-2.));
#1276 = VECTOR('',#1277,1.);
#1277 = DIRECTION('',(1.,-0.));
#1278 = ( GEOMETRIC_REPRESENTATION_CONTEXT(2) 
PARAMETRIC_REPRESENTATION_CONTEXT() REPRESENTATION_CONTEXT('2D SPACE',''
  ) );
#1279 = ORIENTED_EDGE('',*,*,#1280,.T.);
#1280 = EDGE_CURVE('',#1248,#1281,#1283,.T.);
#1281 = VERTEX_POINT('',#1282);
#1282 = CARTESIAN_POINT('',(51.541676706843,-233.,2.));
#1283 = SURFACE_CURVE('',#1284,(#1288,#1295),.PCURVE_S1.);
#1284 = LINE('',#1285,#1286);
#1285 = CARTESIAN_POINT('',(-53.,-233.,2.));
#1286 = VECTOR('',#1287,1.);
#1287 = DIRECTION('',(1.,0.,0.));
#1288 = PCURVE('',#928,#1289);
#1289 = DEFINITIONAL_REPRESENTATION('',(#1290),#1294);
#1290 = LINE('',#1291,#1292);
#1291 = CARTESIAN_POINT('',(0.,0.));
#1292 = VECTOR('',#1293,1.);
#1293 = DIRECTION('',(1.,0.));
#1294 = ( GEOMETRIC_REPRESENTATION_CONTEXT(2) 
PARAMETRIC_REPRESENTATION_CONTEXT() REPRESENTATION_CONTEXT('2D SPACE',''
  ) );
#1295 = PCURVE('',#1011,#1296);
#1296 = DEFINITIONAL_REPRESENTATION('',(#1297),#1301);
#1297 = LINE('',#1298,#1299);
#1298 = CARTESIAN_POINT('',(4.,0.));
#1299 = VECTOR('',#1300,1.);
#1300 = DIRECTION('',(0.,1.));
#1301 = ( GEOMETRIC_REPRESENTATION_CONTEXT(2) 
PARAMETRIC_REPRESENTATION_CONTEXT() REPRESENTATION_CONTEXT('2D SPACE',''
  ) );
#1302 = ORIENTED_EDGE('',*,*,#1303,.T.);
#1303 = EDGE_CURVE('',#1281,#1088,#1304,.T.);
#1304 = SURFACE_CURVE('',#1305,(#1310,#1321),.PCURVE_S1.);
#1305 = CIRCLE('',#1306,3.6);
#1306 = AXIS2_PLACEMENT_3D('',#1307,#1308,#1309);
#1307 = CARTESIAN_POINT('',(55.,-234.,2.));
#1308 = DIRECTION('',(0.,0.,-1.));
#1309 = DIRECTION('',(1.,0.,0.));
#1310 = PCURVE('',#928,#1311);
#1311 = DEFINITIONAL_REPRESENTATION('',(#1312),#1320);
#1312 = ( BOUNDED_CURVE() B_SPLINE_CURVE(2,(#1313,#1314,#1315,#1316,
#1317,#1318,#1319),.UNSPECIFIED.,.T.,.F.) B_SPLINE_CURVE_WITH_KNOTS((1,2
    ,2,2,2,1),(-2.094395102393,0.,2.094395102393,4.188790204786,
6.28318530718,8.377580409573),.UNSPECIFIED.) CURVE() 
GEOMETRIC_REPRESENTATION_ITEM() RATIONAL_B_SPLINE_CURVE((1.,0.5,1.,0.5,
1.,0.5,1.)) REPRESENTATION_ITEM('') );
#1313 = CARTESIAN_POINT('',(111.6,-1.));
#1314 = CARTESIAN_POINT('',(111.6,-7.235382907248));
#1315 = CARTESIAN_POINT('',(106.2,-4.117691453624));
#1316 = CARTESIAN_POINT('',(100.8,-1.));
#1317 = CARTESIAN_POINT('',(106.2,2.117691453624));
#1318 = CARTESIAN_POINT('',(111.6,5.235382907248));
#1319 = CARTESIAN_POINT('',(111.6,-1.));
#1320 = ( GEOMETRIC_REPRESENTATION_CONTEXT(2) 
PARAMETRIC_REPRESENTATION_CONTEXT() REPRESENTATION_CONTEXT('2D SPACE',''
  ) );
#1321 = PCURVE('',#1125,#1322);
#1322 = DEFINITIONAL_REPRESENTATION('',(#1323),#1327);
#1323 = LINE('',#1324,#1325);
#1324 = CARTESIAN_POINT('',(-6.28318530718,-2.));
#1325 = VECTOR('',#1326,1.);
#1326 = DIRECTION('',(1.,-0.));
#1327 = ( GEOMETRIC_REPRESENTATION_CONTEXT(2) 
PARAMETRIC_REPRESENTATION_CONTEXT() REPRESENTATION_CONTEXT('2D SPACE',''
  ) );
#1328 = ORIENTED_EDGE('',*,*,#1087,.T.);
#1329 = ORIENTED_EDGE('',*,*,#1192,.T.);
#1330 = ORIENTED_EDGE('',*,*,#912,.F.);
#1331 = ORIENTED_EDGE('',*,*,#1332,.T.);
#1332 = EDGE_CURVE('',#887,#1225,#1333,.T.);
#1333 = SURFACE_CURVE('',#1334,(#1339,#1350),.PCURVE_S1.);
#1334 = CIRCLE('',#1335,3.6);
#1335 = AXIS2_PLACEMENT_3D('',#1336,#1337,#1338);
#1336 = CARTESIAN_POINT('',(-55.,-166.,2.));
#1337 = DIRECTION('',(0.,0.,-1.));
#1338 = DIRECTION('',(1.,0.,0.));
#1339 = PCURVE('',#928,#1340);
#1340 = DEFINITIONAL_REPRESENTATION('',(#1341),#1349);
#1341 = ( BOUNDED_CURVE() B_SPLINE_CURVE(2,(#1342,#1343,#1344,#1345,
#1346,#1347,#1348),.UNSPECIFIED.,.T.,.F.) B_SPLINE_CURVE_WITH_KNOTS((1,2
    ,2,2,2,1),(-2.094395102393,0.,2.094395102393,4.188790204786,
6.28318530718,8.377580409573),.UNSPECIFIED.) CURVE() 
GEOMETRIC_REPRESENTATION_ITEM() RATIONAL_B_SPLINE_CURVE((1.,0.5,1.,0.5,
1.,0.5,1.)) REPRESENTATION_ITEM('') );
#1342 = CARTESIAN_POINT('',(1.6,67.));
#1343 = CARTESIAN_POINT('',(1.6,60.764617092752));
#1344 = CARTESIAN_POINT('',(-3.8,63.882308546376));
#1345 = CARTESIAN_POINT('',(-9.2,67.));
#1346 = CARTESIAN_POINT('',(-3.8,70.117691453624));
#1347 = CARTESIAN_POINT('',(1.6,73.235382907248));
#1348 = CARTESIAN_POINT('',(1.6,67.));
#1349 = ( GEOMETRIC_REPRESENTATION_CONTEXT(2) 
PARAMETRIC_REPRESENTATION_CONTEXT() REPRESENTATION_CONTEXT('2D SPACE',''
  ) );
#1350 = PCURVE('',#901,#1351);
#1351 = DEFINITIONAL_REPRESENTATION('',(#1352),#1356);
#1352 = LINE('',#1353,#1354);
#1353 = CARTESIAN_POINT('',(-6.28318530718,-2.));
#1354 = VECTOR('',#1355,1.);
#1355 = DIRECTION('',(1.,-0.));
#1356 = ( GEOMETRIC_REPRESENTATION_CONTEXT(2) 
PARAMETRIC_REPRESENTATION_CONTEXT() REPRESENTATION_CONTEXT('2D SPACE',''
  ) );
#1357 = ADVANCED_FACE('',(#1358),#901,.F.);
#1358 = FACE_BOUND('',#1359,.T.);
#1359 = EDGE_LOOP('',(#1360,#1384,#1403,#1404));
#1360 = ORIENTED_EDGE('',*,*,#1361,.F.);
#1361 = EDGE_CURVE('',#1362,#861,#1364,.T.);
#1362 = VERTEX_POINT('',#1363);
#1363 = CARTESIAN_POINT('',(-53.,-168.9933259094,0.));
#1364 = SURFACE_CURVE('',#1365,(#1370,#1377),.PCURVE_S1.);
#1365 = CIRCLE('',#1366,3.6);
#1366 = AXIS2_PLACEMENT_3D('',#1367,#1368,#1369);
#1367 = CARTESIAN_POINT('',(-55.,-166.,0.));
#1368 = DIRECTION('',(0.,0.,1.));
#1369 = DIRECTION('',(1.,0.,0.));
#1370 = PCURVE('',#901,#1371);
#1371 = DEFINITIONAL_REPRESENTATION('',(#1372),#1376);
#1372 = LINE('',#1373,#1374);
#1373 = CARTESIAN_POINT('',(-0.,0.));
#1374 = VECTOR('',#1375,1.);
#1375 = DIRECTION('',(-1.,0.));
#1376 = ( GEOMETRIC_REPRESENTATION_CONTEXT(2) 
PARAMETRIC_REPRESENTATION_CONTEXT() REPRESENTATION_CONTEXT('2D SPACE',''
  ) );
#1377 = PCURVE('',#875,#1378);
#1378 = DEFINITIONAL_REPRESENTATION('',(#1379),#1383);
#1379 = CIRCLE('',#1380,3.6);
#1380 = AXIS2_PLACEMENT_2D('',#1381,#1382);
#1381 = CARTESIAN_POINT('',(0.,0.));
#1382 = DIRECTION('',(1.,0.));
#1383 = ( GEOMETRIC_REPRESENTATION_CONTEXT(2) 
PARAMETRIC_REPRESENTATION_CONTEXT() REPRESENTATION_CONTEXT('2D SPACE',''
  ) );
#1384 = ORIENTED_EDGE('',*,*,#1385,.F.);
#1385 = EDGE_CURVE('',#1225,#1362,#1386,.T.);
#1386 = SURFACE_CURVE('',#1387,(#1391,#1397),.PCURVE_S1.);
#1387 = LINE('',#1388,#1389);
#1388 = CARTESIAN_POINT('',(-53.,-168.9933259094,0.));
#1389 = VECTOR('',#1390,1.);
#1390 = DIRECTION('',(-0.,-0.,-1.));
#1391 = PCURVE('',#901,#1392);
#1392 = DEFINITIONAL_REPRESENTATION('',(#1393),#1396);
#1393 = B_SPLINE_CURVE_WITH_KNOTS('',1,(#1394,#1395),.UNSPECIFIED.,.F.,
  .F.,(2,2),(-2.4,6.E-07),.PIECEWISE_BEZIER_KNOTS.);
#1394 = CARTESIAN_POINT('',(-5.301419950601,-2.4));
#1395 = CARTESIAN_POINT('',(-5.301419950601,6.E-07));
#1396 = ( GEOMETRIC_REPRESENTATION_CONTEXT(2) 
PARAMETRIC_REPRESENTATION_CONTEXT() REPRESENTATION_CONTEXT('2D SPACE',''
  ) );
#1397 = PCURVE('',#848,#1398);
#1398 = DEFINITIONAL_REPRESENTATION('',(#1399),#1402);
#1399 = B_SPLINE_CURVE_WITH_KNOTS('',1,(#1400,#1401),.UNSPECIFIED.,.F.,
  .F.,(2,2),(-2.4,6.E-07),.PIECEWISE_BEZIER_KNOTS.);
#1400 = CARTESIAN_POINT('',(4.4,-64.00667409058));
#1401 = CARTESIAN_POINT('',(1.9999994,-64.00667409058));
#1402 = ( GEOMETRIC_REPRESENTATION_CONTEXT(2) 
PARAMETRIC_REPRESENTATION_CONTEXT() REPRESENTATION_CONTEXT('2D SPACE',''
  ) );
#1403 = ORIENTED_EDGE('',*,*,#1332,.F.);
#1404 = ORIENTED_EDGE('',*,*,#886,.T.);
#1405 = ADVANCED_FACE('',(#1406),#875,.T.);
#1406 = FACE_BOUND('',#1407,.T.);
#1407 = EDGE_LOOP('',(#1408,#1427,#1428));
#1408 = ORIENTED_EDGE('',*,*,#1409,.T.);
#1409 = EDGE_CURVE('',#833,#1362,#1410,.T.);
#1410 = SURFACE_CURVE('',#1411,(#1415,#1421),.PCURVE_S1.);
#1411 = LINE('',#1412,#1413);
#1412 = CARTESIAN_POINT('',(-53.,-199.5,0.));
#1413 = VECTOR('',#1414,1.);
#1414 = DIRECTION('',(0.,-1.,0.));
#1415 = PCURVE('',#875,#1416);
#1416 = DEFINITIONAL_REPRESENTATION('',(#1417),#1420);
#1417 = B_SPLINE_CURVE_WITH_KNOTS('',1,(#1418,#1419),.UNSPECIFIED.,.F.,
  .F.,(2,2),(-32.5,-29.9),.PIECEWISE_BEZIER_KNOTS.);
#1418 = CARTESIAN_POINT('',(2.,-1.));
#1419 = CARTESIAN_POINT('',(2.,-3.6));
#1420 = ( GEOMETRIC_REPRESENTATION_CONTEXT(2) 
PARAMETRIC_REPRESENTATION_CONTEXT() REPRESENTATION_CONTEXT('2D SPACE',''
  ) );
#1421 = PCURVE('',#848,#1422);
#1422 = DEFINITIONAL_REPRESENTATION('',(#1423),#1426);
#1423 = B_SPLINE_CURVE_WITH_KNOTS('',1,(#1424,#1425),.UNSPECIFIED.,.F.,
  .F.,(2,2),(-32.5,-29.9),.PIECEWISE_BEZIER_KNOTS.);
#1424 = CARTESIAN_POINT('',(2.,-66.));
#1425 = CARTESIAN_POINT('',(2.,-63.4));
#1426 = ( GEOMETRIC_REPRESENTATION_CONTEXT(2) 
PARAMETRIC_REPRESENTATION_CONTEXT() REPRESENTATION_CONTEXT('2D SPACE',''
  ) );
#1427 = ORIENTED_EDGE('',*,*,#1361,.T.);
#1428 = ORIENTED_EDGE('',*,*,#860,.F.);
#1429 = ADVANCED_FACE('',(#1430),#848,.F.);
#1430 = FACE_BOUND('',#1431,.F.);
#1431 = EDGE_LOOP('',(#1432,#1457,#1478,#1479,#1480,#1481,#1482,#1503));
#1432 = ORIENTED_EDGE('',*,*,#1433,.F.);
#1433 = EDGE_CURVE('',#1434,#1436,#1438,.T.);
#1434 = VERTEX_POINT('',#1435);
#1435 = CARTESIAN_POINT('',(-53.,-233.,-2.));
#1436 = VERTEX_POINT('',#1437);
#1437 = CARTESIAN_POINT('',(-53.,-233.,0.));
#1438 = SURFACE_CURVE('',#1439,(#1443,#1450),.PCURVE_S1.);
#1439 = LINE('',#1440,#1441);
#1440 = CARTESIAN_POINT('',(-53.,-233.,-2.));
#1441 = VECTOR('',#1442,1.);
#1442 = DIRECTION('',(0.,0.,1.));
#1443 = PCURVE('',#848,#1444);
#1444 = DEFINITIONAL_REPRESENTATION('',(#1445),#1449);
#1445 = LINE('',#1446,#1447);
#1446 = CARTESIAN_POINT('',(0.,0.));
#1447 = VECTOR('',#1448,1.);
#1448 = DIRECTION('',(1.,0.));
#1449 = ( GEOMETRIC_REPRESENTATION_CONTEXT(2) 
PARAMETRIC_REPRESENTATION_CONTEXT() REPRESENTATION_CONTEXT('2D SPACE',''
  ) );
#1450 = PCURVE('',#1011,#1451);
#1451 = DEFINITIONAL_REPRESENTATION('',(#1452),#1456);
#1452 = LINE('',#1453,#1454);
#1453 = CARTESIAN_POINT('',(0.,0.));
#1454 = VECTOR('',#1455,1.);
#1455 = DIRECTION('',(1.,0.));
#1456 = ( GEOMETRIC_REPRESENTATION_CONTEXT(2) 
PARAMETRIC_REPRESENTATION_CONTEXT() REPRESENTATION_CONTEXT('2D SPACE',''
  ) );
#1457 = ORIENTED_EDGE('',*,*,#1458,.T.);
#1458 = EDGE_CURVE('',#1434,#805,#1459,.T.);
#1459 = SURFACE_CURVE('',#1460,(#1464,#1471),.PCURVE_S1.);
#1460 = LINE('',#1461,#1462);
#1461 = CARTESIAN_POINT('',(-53.,-233.,-2.));
#1462 = VECTOR('',#1463,1.);
#1463 = DIRECTION('',(0.,1.,0.));
#1464 = PCURVE('',#848,#1465);
#1465 = DEFINITIONAL_REPRESENTATION('',(#1466),#1470);
#1466 = LINE('',#1467,#1468);
#1467 = CARTESIAN_POINT('',(0.,0.));
#1468 = VECTOR('',#1469,1.);
#1469 = DIRECTION('',(0.,-1.));
#1470 = ( GEOMETRIC_REPRESENTATION_CONTEXT(2) 
PARAMETRIC_REPRESENTATION_CONTEXT() REPRESENTATION_CONTEXT('2D SPACE',''
  ) );
#1471 = PCURVE('',#820,#1472);
#1472 = DEFINITIONAL_REPRESENTATION('',(#1473),#1477);
#1473 = LINE('',#1474,#1475);
#1474 = CARTESIAN_POINT('',(0.,0.));
#1475 = VECTOR('',#1476,1.);
#1476 = DIRECTION('',(0.,1.));
#1477 = ( GEOMETRIC_REPRESENTATION_CONTEXT(2) 
PARAMETRIC_REPRESENTATION_CONTEXT() REPRESENTATION_CONTEXT('2D SPACE',''
  ) );
#1478 = ORIENTED_EDGE('',*,*,#832,.T.);
#1479 = ORIENTED_EDGE('',*,*,#1409,.T.);
#1480 = ORIENTED_EDGE('',*,*,#1385,.F.);
#1481 = ORIENTED_EDGE('',*,*,#1222,.F.);
#1482 = ORIENTED_EDGE('',*,*,#1483,.T.);
#1483 = EDGE_CURVE('',#1223,#1484,#1486,.T.);
#1484 = VERTEX_POINT('',#1485);
#1485 = CARTESIAN_POINT('',(-53.,-231.0066740905,0.));
#1486 = SURFACE_CURVE('',#1487,(#1491,#1497),.PCURVE_S1.);
#1487 = LINE('',#1488,#1489);
#1488 = CARTESIAN_POINT('',(-53.,-231.0066740905,0.));
#1489 = VECTOR('',#1490,1.);
#1490 = DIRECTION('',(-0.,-0.,-1.));
#1491 = PCURVE('',#848,#1492);
#1492 = DEFINITIONAL_REPRESENTATION('',(#1493),#1496);
#1493 = B_SPLINE_CURVE_WITH_KNOTS('',1,(#1494,#1495),.UNSPECIFIED.,.F.,
  .F.,(2,2),(-2.4,6.E-07),.PIECEWISE_BEZIER_KNOTS.);
#1494 = CARTESIAN_POINT('',(4.4,-1.993325909419));
#1495 = CARTESIAN_POINT('',(1.9999994,-1.993325909419));
#1496 = ( GEOMETRIC_REPRESENTATION_CONTEXT(2) 
PARAMETRIC_REPRESENTATION_CONTEXT() REPRESENTATION_CONTEXT('2D SPACE',''
  ) );
#1497 = PCURVE('',#1268,#1498);
#1498 = DEFINITIONAL_REPRESENTATION('',(#1499),#1502);
#1499 = B_SPLINE_CURVE_WITH_KNOTS('',1,(#1500,#1501),.UNSPECIFIED.,.F.,
  .F.,(2,2),(-2.4,6.E-07),.PIECEWISE_BEZIER_KNOTS.);
#1500 = CARTESIAN_POINT('',(-0.981765356579,-2.4));
#1501 = CARTESIAN_POINT('',(-0.981765356579,6.E-07));
#1502 = ( GEOMETRIC_REPRESENTATION_CONTEXT(2) 
PARAMETRIC_REPRESENTATION_CONTEXT() REPRESENTATION_CONTEXT('2D SPACE',''
  ) );
#1503 = ORIENTED_EDGE('',*,*,#1504,.T.);
#1504 = EDGE_CURVE('',#1484,#1436,#1505,.T.);
#1505 = SURFACE_CURVE('',#1506,(#1510,#1516),.PCURVE_S1.);
#1506 = LINE('',#1507,#1508);
#1507 = CARTESIAN_POINT('',(-53.,-233.5,0.));
#1508 = VECTOR('',#1509,1.);
#1509 = DIRECTION('',(0.,-1.,0.));
#1510 = PCURVE('',#848,#1511);
#1511 = DEFINITIONAL_REPRESENTATION('',(#1512),#1515);
#1512 = B_SPLINE_CURVE_WITH_KNOTS('',1,(#1513,#1514),.UNSPECIFIED.,.F.,
  .F.,(2,2),(-3.1,-0.5),.PIECEWISE_BEZIER_KNOTS.);
#1513 = CARTESIAN_POINT('',(2.,-2.6));
#1514 = CARTESIAN_POINT('',(2.,0.));
#1515 = ( GEOMETRIC_REPRESENTATION_CONTEXT(2) 
PARAMETRIC_REPRESENTATION_CONTEXT() REPRESENTATION_CONTEXT('2D SPACE',''
  ) );
#1516 = PCURVE('',#1517,#1522);
#1517 = PLANE('',#1518);
#1518 = AXIS2_PLACEMENT_3D('',#1519,#1520,#1521);
#1519 = CARTESIAN_POINT('',(-55.,-234.,0.));
#1520 = DIRECTION('',(0.,0.,1.));
#1521 = DIRECTION('',(1.,0.,-0.));
#1522 = DEFINITIONAL_REPRESENTATION('',(#1523),#1526);
#1523 = B_SPLINE_CURVE_WITH_KNOTS('',1,(#1524,#1525),.UNSPECIFIED.,.F.,
  .F.,(2,2),(-3.1,-0.5),.PIECEWISE_BEZIER_KNOTS.);
#1524 = CARTESIAN_POINT('',(2.,3.6));
#1525 = CARTESIAN_POINT('',(2.,1.));
#1526 = ( GEOMETRIC_REPRESENTATION_CONTEXT(2) 
PARAMETRIC_REPRESENTATION_CONTEXT() REPRESENTATION_CONTEXT('2D SPACE',''
  ) );
#1527 = ADVANCED_FACE('',(#1528),#820,.F.);
#1528 = FACE_BOUND('',#1529,.F.);
#1529 = EDGE_LOOP('',(#1530,#1531,#1552,#1553));
#1530 = ORIENTED_EDGE('',*,*,#1458,.F.);
#1531 = ORIENTED_EDGE('',*,*,#1532,.T.);
#1532 = EDGE_CURVE('',#1434,#994,#1533,.T.);
#1533 = SURFACE_CURVE('',#1534,(#1538,#1545),.PCURVE_S1.);
#1534 = LINE('',#1535,#1536);
#1535 = CARTESIAN_POINT('',(-53.,-233.,-2.));
#1536 = VECTOR('',#1537,1.);
#1537 = DIRECTION('',(1.,0.,0.));
#1538 = PCURVE('',#820,#1539);
#1539 = DEFINITIONAL_REPRESENTATION('',(#1540),#1544);
#1540 = LINE('',#1541,#1542);
#1541 = CARTESIAN_POINT('',(0.,0.));
#1542 = VECTOR('',#1543,1.);
#1543 = DIRECTION('',(1.,0.));
#1544 = ( GEOMETRIC_REPRESENTATION_CONTEXT(2) 
PARAMETRIC_REPRESENTATION_CONTEXT() REPRESENTATION_CONTEXT('2D SPACE',''
  ) );
#1545 = PCURVE('',#1011,#1546);
#1546 = DEFINITIONAL_REPRESENTATION('',(#1547),#1551);
#1547 = LINE('',#1548,#1549);
#1548 = CARTESIAN_POINT('',(0.,0.));
#1549 = VECTOR('',#1550,1.);
#1550 = DIRECTION('',(0.,1.));
#1551 = ( GEOMETRIC_REPRESENTATION_CONTEXT(2) 
PARAMETRIC_REPRESENTATION_CONTEXT() REPRESENTATION_CONTEXT('2D SPACE',''
  ) );
#1552 = ORIENTED_EDGE('',*,*,#1023,.T.);
#1553 = ORIENTED_EDGE('',*,*,#804,.F.);
#1554 = ADVANCED_FACE('',(#1555),#1011,.F.);
#1555 = FACE_BOUND('',#1556,.F.);
#1556 = EDGE_LOOP('',(#1557,#1558,#1559,#1560,#1581,#1600,#1601,#1622));
#1557 = ORIENTED_EDGE('',*,*,#993,.F.);
#1558 = ORIENTED_EDGE('',*,*,#1532,.F.);
#1559 = ORIENTED_EDGE('',*,*,#1433,.T.);
#1560 = ORIENTED_EDGE('',*,*,#1561,.T.);
#1561 = EDGE_CURVE('',#1436,#1562,#1564,.T.);
#1562 = VERTEX_POINT('',#1563);
#1563 = CARTESIAN_POINT('',(-51.54167670684,-233.,0.));
#1564 = SURFACE_CURVE('',#1565,(#1569,#1575),.PCURVE_S1.);
#1565 = LINE('',#1566,#1567);
#1566 = CARTESIAN_POINT('',(-54.,-233.,0.));
#1567 = VECTOR('',#1568,1.);
#1568 = DIRECTION('',(1.,0.,0.));
#1569 = PCURVE('',#1011,#1570);
#1570 = DEFINITIONAL_REPRESENTATION('',(#1571),#1574);
#1571 = B_SPLINE_CURVE_WITH_KNOTS('',1,(#1572,#1573),.UNSPECIFIED.,.F.,
  .F.,(2,2),(1.,2.6),.PIECEWISE_BEZIER_KNOTS.);
#1572 = CARTESIAN_POINT('',(2.,0.));
#1573 = CARTESIAN_POINT('',(2.,1.6));
#1574 = ( GEOMETRIC_REPRESENTATION_CONTEXT(2) 
PARAMETRIC_REPRESENTATION_CONTEXT() REPRESENTATION_CONTEXT('2D SPACE',''
  ) );
#1575 = PCURVE('',#1517,#1576);
#1576 = DEFINITIONAL_REPRESENTATION('',(#1577),#1580);
#1577 = B_SPLINE_CURVE_WITH_KNOTS('',1,(#1578,#1579),.UNSPECIFIED.,.F.,
  .F.,(2,2),(1.,2.6),.PIECEWISE_BEZIER_KNOTS.);
#1578 = CARTESIAN_POINT('',(2.,1.));
#1579 = CARTESIAN_POINT('',(3.6,1.));
#1580 = ( GEOMETRIC_REPRESENTATION_CONTEXT(2) 
PARAMETRIC_REPRESENTATION_CONTEXT() REPRESENTATION_CONTEXT('2D SPACE',''
  ) );
#1581 = ORIENTED_EDGE('',*,*,#1582,.F.);
#1582 = EDGE_CURVE('',#1248,#1562,#1583,.T.);
#1583 = SURFACE_CURVE('',#1584,(#1588,#1594),.PCURVE_S1.);
#1584 = LINE('',#1585,#1586);
#1585 = CARTESIAN_POINT('',(-51.54167670684,-233.,0.));
#1586 = VECTOR('',#1587,1.);
#1587 = DIRECTION('',(-0.,-0.,-1.));
#1588 = PCURVE('',#1011,#1589);
#1589 = DEFINITIONAL_REPRESENTATION('',(#1590),#1593);
#1590 = B_SPLINE_CURVE_WITH_KNOTS('',1,(#1591,#1592),.UNSPECIFIED.,.F.,
  .F.,(2,2),(-2.4,6.E-07),.PIECEWISE_BEZIER_KNOTS.);
#1591 = CARTESIAN_POINT('',(4.4,1.458323293158));
#1592 = CARTESIAN_POINT('',(1.9999994,1.458323293158));
#1593 = ( GEOMETRIC_REPRESENTATION_CONTEXT(2) 
PARAMETRIC_REPRESENTATION_CONTEXT() REPRESENTATION_CONTEXT('2D SPACE',''
  ) );
#1594 = PCURVE('',#1268,#1595);
#1595 = DEFINITIONAL_REPRESENTATION('',(#1596),#1599);
#1596 = B_SPLINE_CURVE_WITH_KNOTS('',1,(#1597,#1598),.UNSPECIFIED.,.F.,
  .F.,(2,2),(-2.4,6.E-07),.PIECEWISE_BEZIER_KNOTS.);
#1597 = CARTESIAN_POINT('',(-0.281480073231,-2.4));
#1598 = CARTESIAN_POINT('',(-0.281480073231,6.E-07));
#1599 = ( GEOMETRIC_REPRESENTATION_CONTEXT(2) 
PARAMETRIC_REPRESENTATION_CONTEXT() REPRESENTATION_CONTEXT('2D SPACE',''
  ) );
#1600 = ORIENTED_EDGE('',*,*,#1280,.T.);
#1601 = ORIENTED_EDGE('',*,*,#1602,.T.);
#1602 = EDGE_CURVE('',#1281,#1603,#1605,.T.);
#1603 = VERTEX_POINT('',#1604);
#1604 = CARTESIAN_POINT('',(51.541676706842,-233.,0.));
#1605 = SURFACE_CURVE('',#1606,(#1610,#1616),.PCURVE_S1.);
#1606 = LINE('',#1607,#1608);
#1607 = CARTESIAN_POINT('',(51.541676706842,-233.,0.));
#1608 = VECTOR('',#1609,1.);
#1609 = DIRECTION('',(-0.,-0.,-1.));
#1610 = PCURVE('',#1011,#1611);
#1611 = DEFINITIONAL_REPRESENTATION('',(#1612),#1615);
#1612 = B_SPLINE_CURVE_WITH_KNOTS('',1,(#1613,#1614),.UNSPECIFIED.,.F.,
  .F.,(2,2),(-2.4,6.E-07),.PIECEWISE_BEZIER_KNOTS.);
#1613 = CARTESIAN_POINT('',(4.4,104.54167670684));
#1614 = CARTESIAN_POINT('',(1.9999994,104.54167670684));
#1615 = ( GEOMETRIC_REPRESENTATION_CONTEXT(2) 
PARAMETRIC_REPRESENTATION_CONTEXT() REPRESENTATION_CONTEXT('2D SPACE',''
  ) );
#1616 = PCURVE('',#1125,#1617);
#1617 = DEFINITIONAL_REPRESENTATION('',(#1618),#1621);
#1618 = B_SPLINE_CURVE_WITH_KNOTS('',1,(#1619,#1620),.UNSPECIFIED.,.F.,
  .F.,(2,2),(-2.4,6.E-07),.PIECEWISE_BEZIER_KNOTS.);
#1619 = CARTESIAN_POINT('',(-2.860112580359,-2.4));
#1620 = CARTESIAN_POINT('',(-2.860112580359,6.E-07));
#1621 = ( GEOMETRIC_REPRESENTATION_CONTEXT(2) 
PARAMETRIC_REPRESENTATION_CONTEXT() REPRESENTATION_CONTEXT('2D SPACE',''
  ) );
#1622 = ORIENTED_EDGE('',*,*,#1623,.T.);
#1623 = EDGE_CURVE('',#1603,#996,#1624,.T.);
#1624 = SURFACE_CURVE('',#1625,(#1629,#1635),.PCURVE_S1.);
#1625 = LINE('',#1626,#1627);
#1626 = CARTESIAN_POINT('',(1.,-233.,0.));
#1627 = VECTOR('',#1628,1.);
#1628 = DIRECTION('',(1.,0.,0.));
#1629 = PCURVE('',#1011,#1630);
#1630 = DEFINITIONAL_REPRESENTATION('',(#1631),#1634);
#1631 = B_SPLINE_CURVE_WITH_KNOTS('',1,(#1632,#1633),.UNSPECIFIED.,.F.,
  .F.,(2,2),(50.4,52.),.PIECEWISE_BEZIER_KNOTS.);
#1632 = CARTESIAN_POINT('',(2.,104.4));
#1633 = CARTESIAN_POINT('',(2.,106.));
#1634 = ( GEOMETRIC_REPRESENTATION_CONTEXT(2) 
PARAMETRIC_REPRESENTATION_CONTEXT() REPRESENTATION_CONTEXT('2D SPACE',''
  ) );
#1635 = PCURVE('',#1149,#1636);
#1636 = DEFINITIONAL_REPRESENTATION('',(#1637),#1640);
#1637 = B_SPLINE_CURVE_WITH_KNOTS('',1,(#1638,#1639),.UNSPECIFIED.,.F.,
  .F.,(2,2),(50.4,52.),.PIECEWISE_BEZIER_KNOTS.);
#1638 = CARTESIAN_POINT('',(-3.6,1.));
#1639 = CARTESIAN_POINT('',(-2.,1.));
#1640 = ( GEOMETRIC_REPRESENTATION_CONTEXT(2) 
PARAMETRIC_REPRESENTATION_CONTEXT() REPRESENTATION_CONTEXT('2D SPACE',''
  ) );
#1641 = ADVANCED_FACE('',(#1642),#1149,.T.);
#1642 = FACE_BOUND('',#1643,.T.);
#1643 = EDGE_LOOP('',(#1644,#1645,#1667));
#1644 = ORIENTED_EDGE('',*,*,#1136,.F.);
#1645 = ORIENTED_EDGE('',*,*,#1646,.T.);
#1646 = EDGE_CURVE('',#1111,#1603,#1647,.T.);
#1647 = SURFACE_CURVE('',#1648,(#1653,#1660),.PCURVE_S1.);
#1648 = CIRCLE('',#1649,3.6);
#1649 = AXIS2_PLACEMENT_3D('',#1650,#1651,#1652);
#1650 = CARTESIAN_POINT('',(55.,-234.,0.));
#1651 = DIRECTION('',(0.,0.,1.));
#1652 = DIRECTION('',(1.,0.,0.));
#1653 = PCURVE('',#1149,#1654);
#1654 = DEFINITIONAL_REPRESENTATION('',(#1655),#1659);
#1655 = CIRCLE('',#1656,3.6);
#1656 = AXIS2_PLACEMENT_2D('',#1657,#1658);
#1657 = CARTESIAN_POINT('',(0.,0.));
#1658 = DIRECTION('',(1.,0.));
#1659 = ( GEOMETRIC_REPRESENTATION_CONTEXT(2) 
PARAMETRIC_REPRESENTATION_CONTEXT() REPRESENTATION_CONTEXT('2D SPACE',''
  ) );
#1660 = PCURVE('',#1125,#1661);
#1661 = DEFINITIONAL_REPRESENTATION('',(#1662),#1666);
#1662 = LINE('',#1663,#1664);
#1663 = CARTESIAN_POINT('',(-0.,0.));
#1664 = VECTOR('',#1665,1.);
#1665 = DIRECTION('',(-1.,0.));
#1666 = ( GEOMETRIC_REPRESENTATION_CONTEXT(2) 
PARAMETRIC_REPRESENTATION_CONTEXT() REPRESENTATION_CONTEXT('2D SPACE',''
  ) );
#1667 = ORIENTED_EDGE('',*,*,#1623,.T.);
#1668 = ADVANCED_FACE('',(#1669),#1125,.F.);
#1669 = FACE_BOUND('',#1670,.T.);
#1670 = EDGE_LOOP('',(#1671,#1672,#1673,#1674));
#1671 = ORIENTED_EDGE('',*,*,#1646,.F.);
#1672 = ORIENTED_EDGE('',*,*,#1110,.F.);
#1673 = ORIENTED_EDGE('',*,*,#1303,.F.);
#1674 = ORIENTED_EDGE('',*,*,#1602,.T.);
#1675 = ADVANCED_FACE('',(#1676),#1268,.F.);
#1676 = FACE_BOUND('',#1677,.T.);
#1677 = EDGE_LOOP('',(#1678,#1700,#1701,#1702));
#1678 = ORIENTED_EDGE('',*,*,#1679,.F.);
#1679 = EDGE_CURVE('',#1562,#1484,#1680,.T.);
#1680 = SURFACE_CURVE('',#1681,(#1686,#1693),.PCURVE_S1.);
#1681 = CIRCLE('',#1682,3.6);
#1682 = AXIS2_PLACEMENT_3D('',#1683,#1684,#1685);
#1683 = CARTESIAN_POINT('',(-55.,-234.,0.));
#1684 = DIRECTION('',(0.,0.,1.));
#1685 = DIRECTION('',(1.,0.,0.));
#1686 = PCURVE('',#1268,#1687);
#1687 = DEFINITIONAL_REPRESENTATION('',(#1688),#1692);
#1688 = LINE('',#1689,#1690);
#1689 = CARTESIAN_POINT('',(-0.,0.));
#1690 = VECTOR('',#1691,1.);
#1691 = DIRECTION('',(-1.,0.));
#1692 = ( GEOMETRIC_REPRESENTATION_CONTEXT(2) 
PARAMETRIC_REPRESENTATION_CONTEXT() REPRESENTATION_CONTEXT('2D SPACE',''
  ) );
#1693 = PCURVE('',#1517,#1694);
#1694 = DEFINITIONAL_REPRESENTATION('',(#1695),#1699);
#1695 = CIRCLE('',#1696,3.6);
#1696 = AXIS2_PLACEMENT_2D('',#1697,#1698);
#1697 = CARTESIAN_POINT('',(0.,0.));
#1698 = DIRECTION('',(1.,0.));
#1699 = ( GEOMETRIC_REPRESENTATION_CONTEXT(2) 
PARAMETRIC_REPRESENTATION_CONTEXT() REPRESENTATION_CONTEXT('2D SPACE',''
  ) );
#1700 = ORIENTED_EDGE('',*,*,#1582,.F.);
#1701 = ORIENTED_EDGE('',*,*,#1247,.F.);
#1702 = ORIENTED_EDGE('',*,*,#1483,.T.);
#1703 = ADVANCED_FACE('',(#1704),#1517,.T.);
#1704 = FACE_BOUND('',#1705,.T.);
#1705 = EDGE_LOOP('',(#1706,#1707,#1708));
#1706 = ORIENTED_EDGE('',*,*,#1561,.T.);
#1707 = ORIENTED_EDGE('',*,*,#1679,.T.);
#1708 = ORIENTED_EDGE('',*,*,#1504,.T.);
#1709 = ( GEOMETRIC_REPRESENTATION_CONTEXT(3) 
GLOBAL_UNCERTAINTY_ASSIGNED_CONTEXT((#1713)) 
GLOBAL_UNIT_ASSIGNED_CONTEXT((#1710,#1711,#1712)) REPRESENTATION_CONTEXT
('Context #1','3D Context with UNIT and UNCERTAINTY') );
#1710 = ( LENGTH_UNIT() NAMED_UNIT(*) SI_UNIT(.MILLI.,.METRE.) );
#1711 = ( NAMED_UNIT(*) PLANE_ANGLE_UNIT() SI_UNIT($,.RADIAN.) );
#1712 = ( NAMED_UNIT(*) SI_UNIT($,.STERADIAN.) SOLID_ANGLE_UNIT() );
#1713 = UNCERTAINTY_MEASURE_WITH_UNIT(LENGTH_MEASURE(1.E-07),#1710,
  'distance_accuracy_value','confusion accuracy');
#1714 = CONTEXT_DEPENDENT_SHAPE_REPRESENTATION(#1715,#1717);
#1715 = ( REPRESENTATION_RELATIONSHIP('','',#56,#10) 
REPRESENTATION_RELATIONSHIP_WITH_TRANSFORMATION(#1716) 
SHAPE_REPRESENTATION_RELATIONSHIP() );
#1716 = ITEM_DEFINED_TRANSFORMATION('','',#11,#15);
#1717 = PRODUCT_DEFINITION_SHAPE('Placement','Placement of an item',
  #1718);
#1718 = NEXT_ASSEMBLY_USAGE_OCCURRENCE('1','','',#5,#51,$);
#1719 = PRODUCT_RELATED_PRODUCT_CATEGORY('part',$,(#53));
#1720 = SHAPE_DEFINITION_REPRESENTATION(#1721,#1727);
#1721 = PRODUCT_DEFINITION_SHAPE('','',#1722);
#1722 = PRODUCT_DEFINITION('design','',#1723,#1726);
#1723 = PRODUCT_DEFINITION_FORMATION('','',#1724);
#1724 = PRODUCT('Open CASCADE STEP translator 7.9 1.2',
  'Open CASCADE STEP translator 7.9 1.2','',(#1725));
#1725 = PRODUCT_CONTEXT('',#2,'mechanical');
#1726 = PRODUCT_DEFINITION_CONTEXT('part definition',#2,'design');
#1727 = SHAPE_REPRESENTATION('',(#11,#1728,#1732),#1736);
#1728 = AXIS2_PLACEMENT_3D('',#1729,#1730,#1731);
#1729 = CARTESIAN_POINT('',(0.,0.,0.));
#1730 = DIRECTION('',(0.,0.,1.));
#1731 = DIRECTION('',(1.,0.,-0.));
#1732 = AXIS2_PLACEMENT_3D('',#1733,#1734,#1735);
#1733 = CARTESIAN_POINT('',(0.,0.,0.));
#1734 = DIRECTION('',(0.,0.,1.));
#1735 = DIRECTION('',(1.,0.,-0.));
#1736 = ( GEOMETRIC_REPRESENTATION_CONTEXT(3) 
GLOBAL_UNCERTAINTY_ASSIGNED_CONTEXT((#1740)) 
GLOBAL_UNIT_ASSIGNED_CONTEXT((#1737,#1738,#1739)) REPRESENTATION_CONTEXT
('Context #1','3D Context with UNIT and UNCERTAINTY') );
#1737 = ( LENGTH_UNIT() NAMED_UNIT(*) SI_UNIT(.MILLI.,.METRE.) );
#1738 = ( NAMED_UNIT(*) PLANE_ANGLE_UNIT() SI_UNIT($,.RADIAN.) );
#1739 = ( NAMED_UNIT(*) SI_UNIT($,.STERADIAN.) SOLID_ANGLE_UNIT() );
#1740 = UNCERTAINTY_MEASURE_WITH_UNIT(LENGTH_MEASURE(1.E-07),#1737,
  'distance_accuracy_value','confusion accuracy');
#1741 = CONTEXT_DEPENDENT_SHAPE_REPRESENTATION(#1742,#1744);
#1742 = ( REPRESENTATION_RELATIONSHIP('','',#1727,#10) 
REPRESENTATION_RELATIONSHIP_WITH_TRANSFORMATION(#1743) 
SHAPE_REPRESENTATION_RELATIONSHIP() );
#1743 = ITEM_DEFINED_TRANSFORMATION('','',#11,#19);
#1744 = PRODUCT_DEFINITION_SHAPE('Placement','Placement of an item',
  #1745);
#1745 = NEXT_ASSEMBLY_USAGE_OCCURRENCE('4','','',#5,#1722,$);
#1746 = PRODUCT_RELATED_PRODUCT_CATEGORY('part',$,(#1724));
#1747 = SHAPE_DEFINITION_REPRESENTATION(#1748,#1754);
#1748 = PRODUCT_DEFINITION_SHAPE('','',#1749);
#1749 = PRODUCT_DEFINITION('design','',#1750,#1753);
#1750 = PRODUCT_DEFINITION_FORMATION('','',#1751);
#1751 = PRODUCT('Open CASCADE STEP translator 7.9 1.2.1',
  'Open CASCADE STEP translator 7.9 1.2.1','',(#1752));
#1752 = PRODUCT_CONTEXT('',#2,'mechanical');
#1753 = PRODUCT_DEFINITION_CONTEXT('part definition',#2,'design');
#1754 = ADVANCED_BREP_SHAPE_REPRESENTATION('',(#11,#1755),#3043);
#1755 = MANIFOLD_SOLID_BREP('',#1756);
#1756 = CLOSED_SHELL('',(#1757,#1877,#1953,#2338,#2387,#2552,#2579,#2606
    ,#2633,#2733,#2765,#2792,#2965,#2993,#3021,#3028,#3033,#3038));
#1757 = ADVANCED_FACE('',(#1758),#1772,.F.);
#1758 = FACE_BOUND('',#1759,.F.);
#1759 = EDGE_LOOP('',(#1760,#1795,#1823,#1851));
#1760 = ORIENTED_EDGE('',*,*,#1761,.F.);
#1761 = EDGE_CURVE('',#1762,#1764,#1766,.T.);
#1762 = VERTEX_POINT('',#1763);
#1763 = CARTESIAN_POINT('',(-45.,-235.,-38.));
#1764 = VERTEX_POINT('',#1765);
#1765 = CARTESIAN_POINT('',(-45.,-235.,62.));
#1766 = SURFACE_CURVE('',#1767,(#1771,#1783),.PCURVE_S1.);
#1767 = LINE('',#1768,#1769);
#1768 = CARTESIAN_POINT('',(-45.,-235.,-38.));
#1769 = VECTOR('',#1770,1.);
#1770 = DIRECTION('',(0.,0.,1.));
#1771 = PCURVE('',#1772,#1777);
#1772 = PLANE('',#1773);
#1773 = AXIS2_PLACEMENT_3D('',#1774,#1775,#1776);
#1774 = CARTESIAN_POINT('',(-45.,-235.,-38.));
#1775 = DIRECTION('',(1.,0.,0.));
#1776 = DIRECTION('',(0.,0.,1.));
#1777 = DEFINITIONAL_REPRESENTATION('',(#1778),#1782);
#1778 = LINE('',#1779,#1780);
#1779 = CARTESIAN_POINT('',(0.,0.));
#1780 = VECTOR('',#1781,1.);
#1781 = DIRECTION('',(1.,0.));
#1782 = ( GEOMETRIC_REPRESENTATION_CONTEXT(2) 
PARAMETRIC_REPRESENTATION_CONTEXT() REPRESENTATION_CONTEXT('2D SPACE',''
  ) );
#1783 = PCURVE('',#1784,#1789);
#1784 = PLANE('',#1785);
#1785 = AXIS2_PLACEMENT_3D('',#1786,#1787,#1788);
#1786 = CARTESIAN_POINT('',(-45.,-235.,-38.));
#1787 = DIRECTION('',(0.,1.,0.));
#1788 = DIRECTION('',(0.,0.,1.));
#1789 = DEFINITIONAL_REPRESENTATION('',(#1790),#1794);
#1790 = LINE('',#1791,#1792);
#1791 = CARTESIAN_POINT('',(0.,0.));
#1792 = VECTOR('',#1793,1.);
#1793 = DIRECTION('',(1.,0.));
#1794 = ( GEOMETRIC_REPRESENTATION_CONTEXT(2) 
PARAMETRIC_REPRESENTATION_CONTEXT() REPRESENTATION_CONTEXT('2D SPACE',''
  ) );
#1795 = ORIENTED_EDGE('',*,*,#1796,.T.);
#1796 = EDGE_CURVE('',#1762,#1797,#1799,.T.);
#1797 = VERTEX_POINT('',#1798);
#1798 = CARTESIAN_POINT('',(-45.,-165.,-38.));
#1799 = SURFACE_CURVE('',#1800,(#1804,#1811),.PCURVE_S1.);
#1800 = LINE('',#1801,#1802);
#1801 = CARTESIAN_POINT('',(-45.,-235.,-38.));
#1802 = VECTOR('',#1803,1.);
#1803 = DIRECTION('',(0.,1.,0.));
#1804 = PCURVE('',#1772,#1805);
#1805 = DEFINITIONAL_REPRESENTATION('',(#1806),#1810);
#1806 = LINE('',#1807,#1808);
#1807 = CARTESIAN_POINT('',(0.,0.));
#1808 = VECTOR('',#1809,1.);
#1809 = DIRECTION('',(0.,-1.));
#1810 = ( GEOMETRIC_REPRESENTATION_CONTEXT(2) 
PARAMETRIC_REPRESENTATION_CONTEXT() REPRESENTATION_CONTEXT('2D SPACE',''
  ) );
#1811 = PCURVE('',#1812,#1817);
#1812 = PLANE('',#1813);
#1813 = AXIS2_PLACEMENT_3D('',#1814,#1815,#1816);
#1814 = CARTESIAN_POINT('',(-45.,-235.,-38.));
#1815 = DIRECTION('',(0.,0.,1.));
#1816 = DIRECTION('',(1.,0.,0.));
#1817 = DEFINITIONAL_REPRESENTATION('',(#1818),#1822);
#1818 = LINE('',#1819,#1820);
#1819 = CARTESIAN_POINT('',(0.,0.));
#1820 = VECTOR('',#1821,1.);
#1821 = DIRECTION('',(0.,1.));
#1822 = ( GEOMETRIC_REPRESENTATION_CONTEXT(2) 
PARAMETRIC_REPRESENTATION_CONTEXT() REPRESENTATION_CONTEXT('2D SPACE',''
  ) );
#1823 = ORIENTED_EDGE('',*,*,#1824,.T.);
#1824 = EDGE_CURVE('',#1797,#1825,#1827,.T.);
#1825 = VERTEX_POINT('',#1826);
#1826 = CARTESIAN_POINT('',(-45.,-165.,62.));
#1827 = SURFACE_CURVE('',#1828,(#1832,#1839),.PCURVE_S1.);
#1828 = LINE('',#1829,#1830);
#1829 = CARTESIAN_POINT('',(-45.,-165.,-38.));
#1830 = VECTOR('',#1831,1.);
#1831 = DIRECTION('',(0.,0.,1.));
#1832 = PCURVE('',#1772,#1833);
#1833 = DEFINITIONAL_REPRESENTATION('',(#1834),#1838);
#1834 = LINE('',#1835,#1836);
#1835 = CARTESIAN_POINT('',(0.,-70.));
#1836 = VECTOR('',#1837,1.);
#1837 = DIRECTION('',(1.,0.));
#1838 = ( GEOMETRIC_REPRESENTATION_CONTEXT(2) 
PARAMETRIC_REPRESENTATION_CONTEXT() REPRESENTATION_CONTEXT('2D SPACE',''
  ) );
#1839 = PCURVE('',#1840,#1845);
#1840 = PLANE('',#1841);
#1841 = AXIS2_PLACEMENT_3D('',#1842,#1843,#1844);
#1842 = CARTESIAN_POINT('',(-45.,-165.,-38.));
#1843 = DIRECTION('',(0.,1.,0.));
#1844 = DIRECTION('',(0.,0.,1.));
#1845 = DEFINITIONAL_REPRESENTATION('',(#1846),#1850);
#1846 = LINE('',#1847,#1848);
#1847 = CARTESIAN_POINT('',(0.,0.));
#1848 = VECTOR('',#1849,1.);
#1849 = DIRECTION('',(1.,0.));
#1850 = ( GEOMETRIC_REPRESENTATION_CONTEXT(2) 
PARAMETRIC_REPRESENTATION_CONTEXT() REPRESENTATION_CONTEXT('2D SPACE',''
  ) );
#1851 = ORIENTED_EDGE('',*,*,#1852,.F.);
#1852 = EDGE_CURVE('',#1764,#1825,#1853,.T.);
#1853 = SURFACE_CURVE('',#1854,(#1858,#1865),.PCURVE_S1.);
#1854 = LINE('',#1855,#1856);
#1855 = CARTESIAN_POINT('',(-45.,-235.,62.));
#1856 = VECTOR('',#1857,1.);
#1857 = DIRECTION('',(0.,1.,0.));
#1858 = PCURVE('',#1772,#1859);
#1859 = DEFINITIONAL_REPRESENTATION('',(#1860),#1864);
#1860 = LINE('',#1861,#1862);
#1861 = CARTESIAN_POINT('',(100.,0.));
#1862 = VECTOR('',#1863,1.);
#1863 = DIRECTION('',(0.,-1.));
#1864 = ( GEOMETRIC_REPRESENTATION_CONTEXT(2) 
PARAMETRIC_REPRESENTATION_CONTEXT() REPRESENTATION_CONTEXT('2D SPACE',''
  ) );
#1865 = PCURVE('',#1866,#1871);
#1866 = PLANE('',#1867);
#1867 = AXIS2_PLACEMENT_3D('',#1868,#1869,#1870);
#1868 = CARTESIAN_POINT('',(-45.,-235.,62.));
#1869 = DIRECTION('',(0.,0.,1.));
#1870 = DIRECTION('',(1.,0.,0.));
#1871 = DEFINITIONAL_REPRESENTATION('',(#1872),#1876);
#1872 = LINE('',#1873,#1874);
#1873 = CARTESIAN_POINT('',(0.,0.));
#1874 = VECTOR('',#1875,1.);
#1875 = DIRECTION('',(0.,1.));
#1876 = ( GEOMETRIC_REPRESENTATION_CONTEXT(2) 
PARAMETRIC_REPRESENTATION_CONTEXT() REPRESENTATION_CONTEXT('2D SPACE',''
  ) );
#1877 = ADVANCED_FACE('',(#1878),#1784,.F.);
#1878 = FACE_BOUND('',#1879,.F.);
#1879 = EDGE_LOOP('',(#1880,#1903,#1904,#1927));
#1880 = ORIENTED_EDGE('',*,*,#1881,.F.);
#1881 = EDGE_CURVE('',#1762,#1882,#1884,.T.);
#1882 = VERTEX_POINT('',#1883);
#1883 = CARTESIAN_POINT('',(19.,-235.,-38.));
#1884 = SURFACE_CURVE('',#1885,(#1889,#1896),.PCURVE_S1.);
#1885 = LINE('',#1886,#1887);
#1886 = CARTESIAN_POINT('',(-45.,-235.,-38.));
#1887 = VECTOR('',#1888,1.);
#1888 = DIRECTION('',(1.,0.,0.));
#1889 = PCURVE('',#1784,#1890);
#1890 = DEFINITIONAL_REPRESENTATION('',(#1891),#1895);
#1891 = LINE('',#1892,#1893);
#1892 = CARTESIAN_POINT('',(0.,0.));
#1893 = VECTOR('',#1894,1.);
#1894 = DIRECTION('',(0.,1.));
#1895 = ( GEOMETRIC_REPRESENTATION_CONTEXT(2) 
PARAMETRIC_REPRESENTATION_CONTEXT() REPRESENTATION_CONTEXT('2D SPACE',''
  ) );
#1896 = PCURVE('',#1812,#1897);
#1897 = DEFINITIONAL_REPRESENTATION('',(#1898),#1902);
#1898 = LINE('',#1899,#1900);
#1899 = CARTESIAN_POINT('',(0.,0.));
#1900 = VECTOR('',#1901,1.);
#1901 = DIRECTION('',(1.,0.));
#1902 = ( GEOMETRIC_REPRESENTATION_CONTEXT(2) 
PARAMETRIC_REPRESENTATION_CONTEXT() REPRESENTATION_CONTEXT('2D SPACE',''
  ) );
#1903 = ORIENTED_EDGE('',*,*,#1761,.T.);
#1904 = ORIENTED_EDGE('',*,*,#1905,.T.);
#1905 = EDGE_CURVE('',#1764,#1906,#1908,.T.);
#1906 = VERTEX_POINT('',#1907);
#1907 = CARTESIAN_POINT('',(19.,-235.,62.));
#1908 = SURFACE_CURVE('',#1909,(#1913,#1920),.PCURVE_S1.);
#1909 = LINE('',#1910,#1911);
#1910 = CARTESIAN_POINT('',(-45.,-235.,62.));
#1911 = VECTOR('',#1912,1.);
#1912 = DIRECTION('',(1.,0.,0.));
#1913 = PCURVE('',#1784,#1914);
#1914 = DEFINITIONAL_REPRESENTATION('',(#1915),#1919);
#1915 = LINE('',#1916,#1917);
#1916 = CARTESIAN_POINT('',(100.,0.));
#1917 = VECTOR('',#1918,1.);
#1918 = DIRECTION('',(0.,1.));
#1919 = ( GEOMETRIC_REPRESENTATION_CONTEXT(2) 
PARAMETRIC_REPRESENTATION_CONTEXT() REPRESENTATION_CONTEXT('2D SPACE',''
  ) );
#1920 = PCURVE('',#1866,#1921);
#1921 = DEFINITIONAL_REPRESENTATION('',(#1922),#1926);
#1922 = LINE('',#1923,#1924);
#1923 = CARTESIAN_POINT('',(0.,0.));
#1924 = VECTOR('',#1925,1.);
#1925 = DIRECTION('',(1.,0.));
#1926 = ( GEOMETRIC_REPRESENTATION_CONTEXT(2) 
PARAMETRIC_REPRESENTATION_CONTEXT() REPRESENTATION_CONTEXT('2D SPACE',''
  ) );
#1927 = ORIENTED_EDGE('',*,*,#1928,.F.);
#1928 = EDGE_CURVE('',#1882,#1906,#1929,.T.);
#1929 = SURFACE_CURVE('',#1930,(#1934,#1941),.PCURVE_S1.);
#1930 = LINE('',#1931,#1932);
#1931 = CARTESIAN_POINT('',(19.,-235.,-39.));
#1932 = VECTOR('',#1933,1.);
#1933 = DIRECTION('',(0.,0.,1.));
#1934 = PCURVE('',#1784,#1935);
#1935 = DEFINITIONAL_REPRESENTATION('',(#1936),#1940);
#1936 = LINE('',#1937,#1938);
#1937 = CARTESIAN_POINT('',(-1.,64.));
#1938 = VECTOR('',#1939,1.);
#1939 = DIRECTION('',(1.,0.));
#1940 = ( GEOMETRIC_REPRESENTATION_CONTEXT(2) 
PARAMETRIC_REPRESENTATION_CONTEXT() REPRESENTATION_CONTEXT('2D SPACE',''
  ) );
#1941 = PCURVE('',#1942,#1947);
#1942 = PLANE('',#1943);
#1943 = AXIS2_PLACEMENT_3D('',#1944,#1945,#1946);
#1944 = CARTESIAN_POINT('',(19.,-235.,-39.));
#1945 = DIRECTION('',(1.,0.,0.));
#1946 = DIRECTION('',(0.,0.,1.));
#1947 = DEFINITIONAL_REPRESENTATION('',(#1948),#1952);
#1948 = LINE('',#1949,#1950);
#1949 = CARTESIAN_POINT('',(0.,0.));
#1950 = VECTOR('',#1951,1.);
#1951 = DIRECTION('',(1.,0.));
#1952 = ( GEOMETRIC_REPRESENTATION_CONTEXT(2) 
PARAMETRIC_REPRESENTATION_CONTEXT() REPRESENTATION_CONTEXT('2D SPACE',''
  ) );
#1953 = ADVANCED_FACE('',(#1954),#1866,.T.);
#1954 = FACE_BOUND('',#1955,.T.);
#1955 = EDGE_LOOP('',(#1956,#1979,#1980,#1981,#2004,#2032,#2060,#2093,
    #2116,#2149,#2172,#2200,#2228,#2261,#2284,#2312));
#1956 = ORIENTED_EDGE('',*,*,#1957,.F.);
#1957 = EDGE_CURVE('',#1825,#1958,#1960,.T.);
#1958 = VERTEX_POINT('',#1959);
#1959 = CARTESIAN_POINT('',(45.,-165.,62.));
#1960 = SURFACE_CURVE('',#1961,(#1965,#1972),.PCURVE_S1.);
#1961 = LINE('',#1962,#1963);
#1962 = CARTESIAN_POINT('',(-45.,-165.,62.));
#1963 = VECTOR('',#1964,1.);
#1964 = DIRECTION('',(1.,0.,0.));
#1965 = PCURVE('',#1866,#1966);
#1966 = DEFINITIONAL_REPRESENTATION('',(#1967),#1971);
#1967 = LINE('',#1968,#1969);
#1968 = CARTESIAN_POINT('',(0.,70.));
#1969 = VECTOR('',#1970,1.);
#1970 = DIRECTION('',(1.,0.));
#1971 = ( GEOMETRIC_REPRESENTATION_CONTEXT(2) 
PARAMETRIC_REPRESENTATION_CONTEXT() REPRESENTATION_CONTEXT('2D SPACE',''
  ) );
#1972 = PCURVE('',#1840,#1973);
#1973 = DEFINITIONAL_REPRESENTATION('',(#1974),#1978);
#1974 = LINE('',#1975,#1976);
#1975 = CARTESIAN_POINT('',(100.,0.));
#1976 = VECTOR('',#1977,1.);
#1977 = DIRECTION('',(0.,1.));
#1978 = ( GEOMETRIC_REPRESENTATION_CONTEXT(2) 
PARAMETRIC_REPRESENTATION_CONTEXT() REPRESENTATION_CONTEXT('2D SPACE',''
  ) );
#1979 = ORIENTED_EDGE('',*,*,#1852,.F.);
#1980 = ORIENTED_EDGE('',*,*,#1905,.T.);
#1981 = ORIENTED_EDGE('',*,*,#1982,.T.);
#1982 = EDGE_CURVE('',#1906,#1983,#1985,.T.);
#1983 = VERTEX_POINT('',#1984);
#1984 = CARTESIAN_POINT('',(19.,-230.,62.));
#1985 = SURFACE_CURVE('',#1986,(#1990,#1997),.PCURVE_S1.);
#1986 = LINE('',#1987,#1988);
#1987 = CARTESIAN_POINT('',(19.,-235.,62.));
#1988 = VECTOR('',#1989,1.);
#1989 = DIRECTION('',(0.,1.,0.));
#1990 = PCURVE('',#1866,#1991);
#1991 = DEFINITIONAL_REPRESENTATION('',(#1992),#1996);
#1992 = LINE('',#1993,#1994);
#1993 = CARTESIAN_POINT('',(64.,0.));
#1994 = VECTOR('',#1995,1.);
#1995 = DIRECTION('',(0.,1.));
#1996 = ( GEOMETRIC_REPRESENTATION_CONTEXT(2) 
PARAMETRIC_REPRESENTATION_CONTEXT() REPRESENTATION_CONTEXT('2D SPACE',''
  ) );
#1997 = PCURVE('',#1942,#1998);
#1998 = DEFINITIONAL_REPRESENTATION('',(#1999),#2003);
#1999 = LINE('',#2000,#2001);
#2000 = CARTESIAN_POINT('',(101.,0.));
#2001 = VECTOR('',#2002,1.);
#2002 = DIRECTION('',(0.,-1.));
#2003 = ( GEOMETRIC_REPRESENTATION_CONTEXT(2) 
PARAMETRIC_REPRESENTATION_CONTEXT() REPRESENTATION_CONTEXT('2D SPACE',''
  ) );
#2004 = ORIENTED_EDGE('',*,*,#2005,.T.);
#2005 = EDGE_CURVE('',#1983,#2006,#2008,.T.);
#2006 = VERTEX_POINT('',#2007);
#2007 = CARTESIAN_POINT('',(-40.,-230.,62.));
#2008 = SURFACE_CURVE('',#2009,(#2013,#2020),.PCURVE_S1.);
#2009 = LINE('',#2010,#2011);
#2010 = CARTESIAN_POINT('',(-42.5,-230.,62.));
#2011 = VECTOR('',#2012,1.);
#2012 = DIRECTION('',(-1.,0.,0.));
#2013 = PCURVE('',#1866,#2014);
#2014 = DEFINITIONAL_REPRESENTATION('',(#2015),#2019);
#2015 = LINE('',#2016,#2017);
#2016 = CARTESIAN_POINT('',(2.5,5.));
#2017 = VECTOR('',#2018,1.);
#2018 = DIRECTION('',(-1.,0.));
#2019 = ( GEOMETRIC_REPRESENTATION_CONTEXT(2) 
PARAMETRIC_REPRESENTATION_CONTEXT() REPRESENTATION_CONTEXT('2D SPACE',''
  ) );
#2020 = PCURVE('',#2021,#2026);
#2021 = PLANE('',#2022);
#2022 = AXIS2_PLACEMENT_3D('',#2023,#2024,#2025);
#2023 = CARTESIAN_POINT('',(-40.,-230.,-39.));
#2024 = DIRECTION('',(0.,1.,0.));
#2025 = DIRECTION('',(0.,0.,1.));
#2026 = DEFINITIONAL_REPRESENTATION('',(#2027),#2031);
#2027 = LINE('',#2028,#2029);
#2028 = CARTESIAN_POINT('',(101.,-2.5));
#2029 = VECTOR('',#2030,1.);
#2030 = DIRECTION('',(0.,-1.));
#2031 = ( GEOMETRIC_REPRESENTATION_CONTEXT(2) 
PARAMETRIC_REPRESENTATION_CONTEXT() REPRESENTATION_CONTEXT('2D SPACE',''
  ) );
#2032 = ORIENTED_EDGE('',*,*,#2033,.T.);
#2033 = EDGE_CURVE('',#2006,#2034,#2036,.T.);
#2034 = VERTEX_POINT('',#2035);
#2035 = CARTESIAN_POINT('',(-40.,-224.9165151389,62.));
#2036 = SURFACE_CURVE('',#2037,(#2041,#2048),.PCURVE_S1.);
#2037 = LINE('',#2038,#2039);
#2038 = CARTESIAN_POINT('',(-40.,-232.5,62.));
#2039 = VECTOR('',#2040,1.);
#2040 = DIRECTION('',(0.,1.,0.));
#2041 = PCURVE('',#1866,#2042);
#2042 = DEFINITIONAL_REPRESENTATION('',(#2043),#2047);
#2043 = LINE('',#2044,#2045);
#2044 = CARTESIAN_POINT('',(5.,2.5));
#2045 = VECTOR('',#2046,1.);
#2046 = DIRECTION('',(0.,1.));
#2047 = ( GEOMETRIC_REPRESENTATION_CONTEXT(2) 
PARAMETRIC_REPRESENTATION_CONTEXT() REPRESENTATION_CONTEXT('2D SPACE',''
  ) );
#2048 = PCURVE('',#2049,#2054);
#2049 = PLANE('',#2050);
#2050 = AXIS2_PLACEMENT_3D('',#2051,#2052,#2053);
#2051 = CARTESIAN_POINT('',(-40.,-230.,-39.));
#2052 = DIRECTION('',(1.,0.,0.));
#2053 = DIRECTION('',(0.,0.,1.));
#2054 = DEFINITIONAL_REPRESENTATION('',(#2055),#2059);
#2055 = LINE('',#2056,#2057);
#2056 = CARTESIAN_POINT('',(101.,2.5));
#2057 = VECTOR('',#2058,1.);
#2058 = DIRECTION('',(0.,-1.));
#2059 = ( GEOMETRIC_REPRESENTATION_CONTEXT(2) 
PARAMETRIC_REPRESENTATION_CONTEXT() REPRESENTATION_CONTEXT('2D SPACE',''
  ) );
#2060 = ORIENTED_EDGE('',*,*,#2061,.T.);
#2061 = EDGE_CURVE('',#2034,#2062,#2064,.T.);
#2062 = VERTEX_POINT('',#2063);
#2063 = CARTESIAN_POINT('',(-40.,-223.083484861,62.));
#2064 = SURFACE_CURVE('',#2065,(#2070,#2081),.PCURVE_S1.);
#2065 = CIRCLE('',#2066,2.2);
#2066 = AXIS2_PLACEMENT_3D('',#2067,#2068,#2069);
#2067 = CARTESIAN_POINT('',(-38.,-224.,62.));
#2068 = DIRECTION('',(0.,0.,-1.));
#2069 = DIRECTION('',(1.,0.,0.));
#2070 = PCURVE('',#1866,#2071);
#2071 = DEFINITIONAL_REPRESENTATION('',(#2072),#2080);
#2072 = ( BOUNDED_CURVE() B_SPLINE_CURVE(2,(#2073,#2074,#2075,#2076,
#2077,#2078,#2079),.UNSPECIFIED.,.T.,.F.) B_SPLINE_CURVE_WITH_KNOTS((1,2
    ,2,2,2,1),(-2.094395102393,0.,2.094395102393,4.188790204786,
6.28318530718,8.377580409573),.UNSPECIFIED.) CURVE() 
GEOMETRIC_REPRESENTATION_ITEM() RATIONAL_B_SPLINE_CURVE((1.,0.5,1.,0.5,
1.,0.5,1.)) REPRESENTATION_ITEM('') );
#2073 = CARTESIAN_POINT('',(9.2,11.));
#2074 = CARTESIAN_POINT('',(9.2,7.189488223348));
#2075 = CARTESIAN_POINT('',(5.9,9.094744111674));
#2076 = CARTESIAN_POINT('',(2.6,11.));
#2077 = CARTESIAN_POINT('',(5.9,12.905255888326));
#2078 = CARTESIAN_POINT('',(9.2,14.810511776652));
#2079 = CARTESIAN_POINT('',(9.2,11.));
#2080 = ( GEOMETRIC_REPRESENTATION_CONTEXT(2) 
PARAMETRIC_REPRESENTATION_CONTEXT() REPRESENTATION_CONTEXT('2D SPACE',''
  ) );
#2081 = PCURVE('',#2082,#2087);
#2082 = CYLINDRICAL_SURFACE('',#2083,2.2);
#2083 = AXIS2_PLACEMENT_3D('',#2084,#2085,#2086);
#2084 = CARTESIAN_POINT('',(-38.,-224.,12.));
#2085 = DIRECTION('',(-0.,-0.,-1.));
#2086 = DIRECTION('',(1.,0.,0.));
#2087 = DEFINITIONAL_REPRESENTATION('',(#2088),#2092);
#2088 = LINE('',#2089,#2090);
#2089 = CARTESIAN_POINT('',(-6.28318530718,-50.));
#2090 = VECTOR('',#2091,1.);
#2091 = DIRECTION('',(1.,-0.));
#2092 = ( GEOMETRIC_REPRESENTATION_CONTEXT(2) 
PARAMETRIC_REPRESENTATION_CONTEXT() REPRESENTATION_CONTEXT('2D SPACE',''
  ) );
#2093 = ORIENTED_EDGE('',*,*,#2094,.T.);
#2094 = EDGE_CURVE('',#2062,#2095,#2097,.T.);
#2095 = VERTEX_POINT('',#2096);
#2096 = CARTESIAN_POINT('',(-40.,-176.9165151389,62.));
#2097 = SURFACE_CURVE('',#2098,(#2102,#2109),.PCURVE_S1.);
#2098 = LINE('',#2099,#2100);
#2099 = CARTESIAN_POINT('',(-40.,-232.5,62.));
#2100 = VECTOR('',#2101,1.);
#2101 = DIRECTION('',(0.,1.,0.));
#2102 = PCURVE('',#1866,#2103);
#2103 = DEFINITIONAL_REPRESENTATION('',(#2104),#2108);
#2104 = LINE('',#2105,#2106);
#2105 = CARTESIAN_POINT('',(5.,2.5));
#2106 = VECTOR('',#2107,1.);
#2107 = DIRECTION('',(0.,1.));
#2108 = ( GEOMETRIC_REPRESENTATION_CONTEXT(2) 
PARAMETRIC_REPRESENTATION_CONTEXT() REPRESENTATION_CONTEXT('2D SPACE',''
  ) );
#2109 = PCURVE('',#2049,#2110);
#2110 = DEFINITIONAL_REPRESENTATION('',(#2111),#2115);
#2111 = LINE('',#2112,#2113);
#2112 = CARTESIAN_POINT('',(101.,2.5));
#2113 = VECTOR('',#2114,1.);
#2114 = DIRECTION('',(0.,-1.));
#2115 = ( GEOMETRIC_REPRESENTATION_CONTEXT(2) 
PARAMETRIC_REPRESENTATION_CONTEXT() REPRESENTATION_CONTEXT('2D SPACE',''
  ) );
#2116 = ORIENTED_EDGE('',*,*,#2117,.T.);
#2117 = EDGE_CURVE('',#2095,#2118,#2120,.T.);
#2118 = VERTEX_POINT('',#2119);
#2119 = CARTESIAN_POINT('',(-40.,-175.083484861,62.));
#2120 = SURFACE_CURVE('',#2121,(#2126,#2137),.PCURVE_S1.);
#2121 = CIRCLE('',#2122,2.2);
#2122 = AXIS2_PLACEMENT_3D('',#2123,#2124,#2125);
#2123 = CARTESIAN_POINT('',(-38.,-176.,62.));
#2124 = DIRECTION('',(0.,0.,-1.));
#2125 = DIRECTION('',(1.,0.,0.));
#2126 = PCURVE('',#1866,#2127);
#2127 = DEFINITIONAL_REPRESENTATION('',(#2128),#2136);
#2128 = ( BOUNDED_CURVE() B_SPLINE_CURVE(2,(#2129,#2130,#2131,#2132,
#2133,#2134,#2135),.UNSPECIFIED.,.T.,.F.) B_SPLINE_CURVE_WITH_KNOTS((1,2
    ,2,2,2,1),(-2.094395102393,0.,2.094395102393,4.188790204786,
6.28318530718,8.377580409573),.UNSPECIFIED.) CURVE() 
GEOMETRIC_REPRESENTATION_ITEM() RATIONAL_B_SPLINE_CURVE((1.,0.5,1.,0.5,
1.,0.5,1.)) REPRESENTATION_ITEM('') );
#2129 = CARTESIAN_POINT('',(9.2,59.));
#2130 = CARTESIAN_POINT('',(9.2,55.189488223348));
#2131 = CARTESIAN_POINT('',(5.9,57.094744111674));
#2132 = CARTESIAN_POINT('',(2.6,59.));
#2133 = CARTESIAN_POINT('',(5.9,60.905255888326));
#2134 = CARTESIAN_POINT('',(9.2,62.810511776652));
#2135 = CARTESIAN_POINT('',(9.2,59.));
#2136 = ( GEOMETRIC_REPRESENTATION_CONTEXT(2) 
PARAMETRIC_REPRESENTATION_CONTEXT() REPRESENTATION_CONTEXT('2D SPACE',''
  ) );
#2137 = PCURVE('',#2138,#2143);
#2138 = CYLINDRICAL_SURFACE('',#2139,2.2);
#2139 = AXIS2_PLACEMENT_3D('',#2140,#2141,#2142);
#2140 = CARTESIAN_POINT('',(-38.,-176.,12.));
#2141 = DIRECTION('',(-0.,-0.,-1.));
#2142 = DIRECTION('',(1.,0.,0.));
#2143 = DEFINITIONAL_REPRESENTATION('',(#2144),#2148);
#2144 = LINE('',#2145,#2146);
#2145 = CARTESIAN_POINT('',(-6.28318530718,-50.));
#2146 = VECTOR('',#2147,1.);
#2147 = DIRECTION('',(1.,-0.));
#2148 = ( GEOMETRIC_REPRESENTATION_CONTEXT(2) 
PARAMETRIC_REPRESENTATION_CONTEXT() REPRESENTATION_CONTEXT('2D SPACE',''
  ) );
#2149 = ORIENTED_EDGE('',*,*,#2150,.T.);
#2150 = EDGE_CURVE('',#2118,#2151,#2153,.T.);
#2151 = VERTEX_POINT('',#2152);
#2152 = CARTESIAN_POINT('',(-40.,-170.,62.));
#2153 = SURFACE_CURVE('',#2154,(#2158,#2165),.PCURVE_S1.);
#2154 = LINE('',#2155,#2156);
#2155 = CARTESIAN_POINT('',(-40.,-232.5,62.));
#2156 = VECTOR('',#2157,1.);
#2157 = DIRECTION('',(0.,1.,0.));
#2158 = PCURVE('',#1866,#2159);
#2159 = DEFINITIONAL_REPRESENTATION('',(#2160),#2164);
#2160 = LINE('',#2161,#2162);
#2161 = CARTESIAN_POINT('',(5.,2.5));
#2162 = VECTOR('',#2163,1.);
#2163 = DIRECTION('',(0.,1.));
#2164 = ( GEOMETRIC_REPRESENTATION_CONTEXT(2) 
PARAMETRIC_REPRESENTATION_CONTEXT() REPRESENTATION_CONTEXT('2D SPACE',''
  ) );
#2165 = PCURVE('',#2049,#2166);
#2166 = DEFINITIONAL_REPRESENTATION('',(#2167),#2171);
#2167 = LINE('',#2168,#2169);
#2168 = CARTESIAN_POINT('',(101.,2.5));
#2169 = VECTOR('',#2170,1.);
#2170 = DIRECTION('',(0.,-1.));
#2171 = ( GEOMETRIC_REPRESENTATION_CONTEXT(2) 
PARAMETRIC_REPRESENTATION_CONTEXT() REPRESENTATION_CONTEXT('2D SPACE',''
  ) );
#2172 = ORIENTED_EDGE('',*,*,#2173,.F.);
#2173 = EDGE_CURVE('',#2174,#2151,#2176,.T.);
#2174 = VERTEX_POINT('',#2175);
#2175 = CARTESIAN_POINT('',(40.,-170.,62.));
#2176 = SURFACE_CURVE('',#2177,(#2181,#2188),.PCURVE_S1.);
#2177 = LINE('',#2178,#2179);
#2178 = CARTESIAN_POINT('',(-42.5,-170.,62.));
#2179 = VECTOR('',#2180,1.);
#2180 = DIRECTION('',(-1.,0.,0.));
#2181 = PCURVE('',#1866,#2182);
#2182 = DEFINITIONAL_REPRESENTATION('',(#2183),#2187);
#2183 = LINE('',#2184,#2185);
#2184 = CARTESIAN_POINT('',(2.5,65.));
#2185 = VECTOR('',#2186,1.);
#2186 = DIRECTION('',(-1.,0.));
#2187 = ( GEOMETRIC_REPRESENTATION_CONTEXT(2) 
PARAMETRIC_REPRESENTATION_CONTEXT() REPRESENTATION_CONTEXT('2D SPACE',''
  ) );
#2188 = PCURVE('',#2189,#2194);
#2189 = PLANE('',#2190);
#2190 = AXIS2_PLACEMENT_3D('',#2191,#2192,#2193);
#2191 = CARTESIAN_POINT('',(-40.,-170.,-39.));
#2192 = DIRECTION('',(0.,1.,0.));
#2193 = DIRECTION('',(0.,0.,1.));
#2194 = DEFINITIONAL_REPRESENTATION('',(#2195),#2199);
#2195 = LINE('',#2196,#2197);
#2196 = CARTESIAN_POINT('',(101.,-2.5));
#2197 = VECTOR('',#2198,1.);
#2198 = DIRECTION('',(0.,-1.));
#2199 = ( GEOMETRIC_REPRESENTATION_CONTEXT(2) 
PARAMETRIC_REPRESENTATION_CONTEXT() REPRESENTATION_CONTEXT('2D SPACE',''
  ) );
#2200 = ORIENTED_EDGE('',*,*,#2201,.F.);
#2201 = EDGE_CURVE('',#2202,#2174,#2204,.T.);
#2202 = VERTEX_POINT('',#2203);
#2203 = CARTESIAN_POINT('',(40.,-175.083484861,62.));
#2204 = SURFACE_CURVE('',#2205,(#2209,#2216),.PCURVE_S1.);
#2205 = LINE('',#2206,#2207);
#2206 = CARTESIAN_POINT('',(40.,-232.5,62.));
#2207 = VECTOR('',#2208,1.);
#2208 = DIRECTION('',(0.,1.,0.));
#2209 = PCURVE('',#1866,#2210);
#2210 = DEFINITIONAL_REPRESENTATION('',(#2211),#2215);
#2211 = LINE('',#2212,#2213);
#2212 = CARTESIAN_POINT('',(85.,2.5));
#2213 = VECTOR('',#2214,1.);
#2214 = DIRECTION('',(0.,1.));
#2215 = ( GEOMETRIC_REPRESENTATION_CONTEXT(2) 
PARAMETRIC_REPRESENTATION_CONTEXT() REPRESENTATION_CONTEXT('2D SPACE',''
  ) );
#2216 = PCURVE('',#2217,#2222);
#2217 = PLANE('',#2218);
#2218 = AXIS2_PLACEMENT_3D('',#2219,#2220,#2221);
#2219 = CARTESIAN_POINT('',(40.,-230.,-39.));
#2220 = DIRECTION('',(1.,0.,0.));
#2221 = DIRECTION('',(0.,0.,1.));
#2222 = DEFINITIONAL_REPRESENTATION('',(#2223),#2227);
#2223 = LINE('',#2224,#2225);
#2224 = CARTESIAN_POINT('',(101.,2.5));
#2225 = VECTOR('',#2226,1.);
#2226 = DIRECTION('',(0.,-1.));
#2227 = ( GEOMETRIC_REPRESENTATION_CONTEXT(2) 
PARAMETRIC_REPRESENTATION_CONTEXT() REPRESENTATION_CONTEXT('2D SPACE',''
  ) );
#2228 = ORIENTED_EDGE('',*,*,#2229,.T.);
#2229 = EDGE_CURVE('',#2202,#2230,#2232,.T.);
#2230 = VERTEX_POINT('',#2231);
#2231 = CARTESIAN_POINT('',(40.,-176.9165151389,62.));
#2232 = SURFACE_CURVE('',#2233,(#2238,#2249),.PCURVE_S1.);
#2233 = CIRCLE('',#2234,2.2);
#2234 = AXIS2_PLACEMENT_3D('',#2235,#2236,#2237);
#2235 = CARTESIAN_POINT('',(38.,-176.,62.));
#2236 = DIRECTION('',(0.,0.,-1.));
#2237 = DIRECTION('',(0.909090909091,0.41659779045,0.));
#2238 = PCURVE('',#1866,#2239);
#2239 = DEFINITIONAL_REPRESENTATION('',(#2240),#2248);
#2240 = ( BOUNDED_CURVE() B_SPLINE_CURVE(2,(#2241,#2242,#2243,#2244,
#2245,#2246,#2247),.UNSPECIFIED.,.T.,.F.) B_SPLINE_CURVE_WITH_KNOTS((1,2
    ,2,2,2,1),(-2.094395102393,0.,2.094395102393,4.188790204786,
6.28318530718,8.377580409573),.UNSPECIFIED.) CURVE() 
GEOMETRIC_REPRESENTATION_ITEM() RATIONAL_B_SPLINE_CURVE((1.,0.5,1.,0.5,
1.,0.5,1.)) REPRESENTATION_ITEM('') );
#2241 = CARTESIAN_POINT('',(85.000000000001,59.91651513899));
#2242 = CARTESIAN_POINT('',(86.587450786637,56.452413523851));
#2243 = CARTESIAN_POINT('',(82.793725393318,56.809691622936));
#2244 = CARTESIAN_POINT('',(78.999999999999,57.166969722021));
#2245 = CARTESIAN_POINT('',(81.206274606682,60.273793238075));
#2246 = CARTESIAN_POINT('',(83.412549213365,63.380616754129));
#2247 = CARTESIAN_POINT('',(85.000000000001,59.91651513899));
#2248 = ( GEOMETRIC_REPRESENTATION_CONTEXT(2) 
PARAMETRIC_REPRESENTATION_CONTEXT() REPRESENTATION_CONTEXT('2D SPACE',''
  ) );
#2249 = PCURVE('',#2250,#2255);
#2250 = CYLINDRICAL_SURFACE('',#2251,2.2);
#2251 = AXIS2_PLACEMENT_3D('',#2252,#2253,#2254);
#2252 = CARTESIAN_POINT('',(38.,-176.,12.));
#2253 = DIRECTION('',(-0.,-0.,-1.));
#2254 = DIRECTION('',(1.,0.,0.));
#2255 = DEFINITIONAL_REPRESENTATION('',(#2256),#2260);
#2256 = LINE('',#2257,#2258);
#2257 = CARTESIAN_POINT('',(-6.71288497333,-50.));
#2258 = VECTOR('',#2259,1.);
#2259 = DIRECTION('',(1.,-0.));
#2260 = ( GEOMETRIC_REPRESENTATION_CONTEXT(2) 
PARAMETRIC_REPRESENTATION_CONTEXT() REPRESENTATION_CONTEXT('2D SPACE',''
  ) );
#2261 = ORIENTED_EDGE('',*,*,#2262,.F.);
#2262 = EDGE_CURVE('',#2263,#2230,#2265,.T.);
#2263 = VERTEX_POINT('',#2264);
#2264 = CARTESIAN_POINT('',(40.,-215.,62.));
#2265 = SURFACE_CURVE('',#2266,(#2270,#2277),.PCURVE_S1.);
#2266 = LINE('',#2267,#2268);
#2267 = CARTESIAN_POINT('',(40.,-232.5,62.));
#2268 = VECTOR('',#2269,1.);
#2269 = DIRECTION('',(0.,1.,0.));
#2270 = PCURVE('',#1866,#2271);
#2271 = DEFINITIONAL_REPRESENTATION('',(#2272),#2276);
#2272 = LINE('',#2273,#2274);
#2273 = CARTESIAN_POINT('',(85.,2.5));
#2274 = VECTOR('',#2275,1.);
#2275 = DIRECTION('',(0.,1.));
#2276 = ( GEOMETRIC_REPRESENTATION_CONTEXT(2) 
PARAMETRIC_REPRESENTATION_CONTEXT() REPRESENTATION_CONTEXT('2D SPACE',''
  ) );
#2277 = PCURVE('',#2217,#2278);
#2278 = DEFINITIONAL_REPRESENTATION('',(#2279),#2283);
#2279 = LINE('',#2280,#2281);
#2280 = CARTESIAN_POINT('',(101.,2.5));
#2281 = VECTOR('',#2282,1.);
#2282 = DIRECTION('',(0.,-1.));
#2283 = ( GEOMETRIC_REPRESENTATION_CONTEXT(2) 
PARAMETRIC_REPRESENTATION_CONTEXT() REPRESENTATION_CONTEXT('2D SPACE',''
  ) );
#2284 = ORIENTED_EDGE('',*,*,#2285,.F.);
#2285 = EDGE_CURVE('',#2286,#2263,#2288,.T.);
#2286 = VERTEX_POINT('',#2287);
#2287 = CARTESIAN_POINT('',(45.,-215.,62.));
#2288 = SURFACE_CURVE('',#2289,(#2293,#2300),.PCURVE_S1.);
#2289 = LINE('',#2290,#2291);
#2290 = CARTESIAN_POINT('',(-13.,-215.,62.));
#2291 = VECTOR('',#2292,1.);
#2292 = DIRECTION('',(-1.,0.,0.));
#2293 = PCURVE('',#1866,#2294);
#2294 = DEFINITIONAL_REPRESENTATION('',(#2295),#2299);
#2295 = LINE('',#2296,#2297);
#2296 = CARTESIAN_POINT('',(32.,20.));
#2297 = VECTOR('',#2298,1.);
#2298 = DIRECTION('',(-1.,0.));
#2299 = ( GEOMETRIC_REPRESENTATION_CONTEXT(2) 
PARAMETRIC_REPRESENTATION_CONTEXT() REPRESENTATION_CONTEXT('2D SPACE',''
  ) );
#2300 = PCURVE('',#2301,#2306);
#2301 = PLANE('',#2302);
#2302 = AXIS2_PLACEMENT_3D('',#2303,#2304,#2305);
#2303 = CARTESIAN_POINT('',(19.,-215.,-39.));
#2304 = DIRECTION('',(0.,1.,0.));
#2305 = DIRECTION('',(0.,0.,1.));
#2306 = DEFINITIONAL_REPRESENTATION('',(#2307),#2311);
#2307 = LINE('',#2308,#2309);
#2308 = CARTESIAN_POINT('',(101.,-32.));
#2309 = VECTOR('',#2310,1.);
#2310 = DIRECTION('',(0.,-1.));
#2311 = ( GEOMETRIC_REPRESENTATION_CONTEXT(2) 
PARAMETRIC_REPRESENTATION_CONTEXT() REPRESENTATION_CONTEXT('2D SPACE',''
  ) );
#2312 = ORIENTED_EDGE('',*,*,#2313,.T.);
#2313 = EDGE_CURVE('',#2286,#1958,#2314,.T.);
#2314 = SURFACE_CURVE('',#2315,(#2319,#2326),.PCURVE_S1.);
#2315 = LINE('',#2316,#2317);
#2316 = CARTESIAN_POINT('',(45.,-235.,62.));
#2317 = VECTOR('',#2318,1.);
#2318 = DIRECTION('',(0.,1.,0.));
#2319 = PCURVE('',#1866,#2320);
#2320 = DEFINITIONAL_REPRESENTATION('',(#2321),#2325);
#2321 = LINE('',#2322,#2323);
#2322 = CARTESIAN_POINT('',(90.,0.));
#2323 = VECTOR('',#2324,1.);
#2324 = DIRECTION('',(0.,1.));
#2325 = ( GEOMETRIC_REPRESENTATION_CONTEXT(2) 
PARAMETRIC_REPRESENTATION_CONTEXT() REPRESENTATION_CONTEXT('2D SPACE',''
  ) );
#2326 = PCURVE('',#2327,#2332);
#2327 = PLANE('',#2328);
#2328 = AXIS2_PLACEMENT_3D('',#2329,#2330,#2331);
#2329 = CARTESIAN_POINT('',(45.,-235.,-38.));
#2330 = DIRECTION('',(1.,0.,0.));
#2331 = DIRECTION('',(0.,0.,1.));
#2332 = DEFINITIONAL_REPRESENTATION('',(#2333),#2337);
#2333 = LINE('',#2334,#2335);
#2334 = CARTESIAN_POINT('',(100.,0.));
#2335 = VECTOR('',#2336,1.);
#2336 = DIRECTION('',(0.,-1.));
#2337 = ( GEOMETRIC_REPRESENTATION_CONTEXT(2) 
PARAMETRIC_REPRESENTATION_CONTEXT() REPRESENTATION_CONTEXT('2D SPACE',''
  ) );
#2338 = ADVANCED_FACE('',(#2339),#1840,.T.);
#2339 = FACE_BOUND('',#2340,.T.);
#2340 = EDGE_LOOP('',(#2341,#2364,#2365,#2366));
#2341 = ORIENTED_EDGE('',*,*,#2342,.F.);
#2342 = EDGE_CURVE('',#1797,#2343,#2345,.T.);
#2343 = VERTEX_POINT('',#2344);
#2344 = CARTESIAN_POINT('',(45.,-165.,-38.));
#2345 = SURFACE_CURVE('',#2346,(#2350,#2357),.PCURVE_S1.);
#2346 = LINE('',#2347,#2348);
#2347 = CARTESIAN_POINT('',(-45.,-165.,-38.));
#2348 = VECTOR('',#2349,1.);
#2349 = DIRECTION('',(1.,0.,0.));
#2350 = PCURVE('',#1840,#2351);
#2351 = DEFINITIONAL_REPRESENTATION('',(#2352),#2356);
#2352 = LINE('',#2353,#2354);
#2353 = CARTESIAN_POINT('',(0.,0.));
#2354 = VECTOR('',#2355,1.);
#2355 = DIRECTION('',(0.,1.));
#2356 = ( GEOMETRIC_REPRESENTATION_CONTEXT(2) 
PARAMETRIC_REPRESENTATION_CONTEXT() REPRESENTATION_CONTEXT('2D SPACE',''
  ) );
#2357 = PCURVE('',#1812,#2358);
#2358 = DEFINITIONAL_REPRESENTATION('',(#2359),#2363);
#2359 = LINE('',#2360,#2361);
#2360 = CARTESIAN_POINT('',(0.,70.));
#2361 = VECTOR('',#2362,1.);
#2362 = DIRECTION('',(1.,0.));
#2363 = ( GEOMETRIC_REPRESENTATION_CONTEXT(2) 
PARAMETRIC_REPRESENTATION_CONTEXT() REPRESENTATION_CONTEXT('2D SPACE',''
  ) );
#2364 = ORIENTED_EDGE('',*,*,#1824,.T.);
#2365 = ORIENTED_EDGE('',*,*,#1957,.T.);
#2366 = ORIENTED_EDGE('',*,*,#2367,.F.);
#2367 = EDGE_CURVE('',#2343,#1958,#2368,.T.);
#2368 = SURFACE_CURVE('',#2369,(#2373,#2380),.PCURVE_S1.);
#2369 = LINE('',#2370,#2371);
#2370 = CARTESIAN_POINT('',(45.,-165.,-38.));
#2371 = VECTOR('',#2372,1.);
#2372 = DIRECTION('',(0.,0.,1.));
#2373 = PCURVE('',#1840,#2374);
#2374 = DEFINITIONAL_REPRESENTATION('',(#2375),#2379);
#2375 = LINE('',#2376,#2377);
#2376 = CARTESIAN_POINT('',(0.,90.));
#2377 = VECTOR('',#2378,1.);
#2378 = DIRECTION('',(1.,0.));
#2379 = ( GEOMETRIC_REPRESENTATION_CONTEXT(2) 
PARAMETRIC_REPRESENTATION_CONTEXT() REPRESENTATION_CONTEXT('2D SPACE',''
  ) );
#2380 = PCURVE('',#2327,#2381);
#2381 = DEFINITIONAL_REPRESENTATION('',(#2382),#2386);
#2382 = LINE('',#2383,#2384);
#2383 = CARTESIAN_POINT('',(0.,-70.));
#2384 = VECTOR('',#2385,1.);
#2385 = DIRECTION('',(1.,0.));
#2386 = ( GEOMETRIC_REPRESENTATION_CONTEXT(2) 
PARAMETRIC_REPRESENTATION_CONTEXT() REPRESENTATION_CONTEXT('2D SPACE',''
  ) );
#2387 = ADVANCED_FACE('',(#2388),#1812,.F.);
#2388 = FACE_BOUND('',#2389,.F.);
#2389 = EDGE_LOOP('',(#2390,#2391,#2392,#2393,#2416,#2439,#2462,#2485,
    #2508,#2531));
#2390 = ORIENTED_EDGE('',*,*,#2342,.F.);
#2391 = ORIENTED_EDGE('',*,*,#1796,.F.);
#2392 = ORIENTED_EDGE('',*,*,#1881,.T.);
#2393 = ORIENTED_EDGE('',*,*,#2394,.T.);
#2394 = EDGE_CURVE('',#1882,#2395,#2397,.T.);
#2395 = VERTEX_POINT('',#2396);
#2396 = CARTESIAN_POINT('',(19.,-230.,-38.));
#2397 = SURFACE_CURVE('',#2398,(#2402,#2409),.PCURVE_S1.);
#2398 = LINE('',#2399,#2400);
#2399 = CARTESIAN_POINT('',(19.,-235.,-38.));
#2400 = VECTOR('',#2401,1.);
#2401 = DIRECTION('',(0.,1.,0.));
#2402 = PCURVE('',#1812,#2403);
#2403 = DEFINITIONAL_REPRESENTATION('',(#2404),#2408);
#2404 = LINE('',#2405,#2406);
#2405 = CARTESIAN_POINT('',(64.,0.));
#2406 = VECTOR('',#2407,1.);
#2407 = DIRECTION('',(0.,1.));
#2408 = ( GEOMETRIC_REPRESENTATION_CONTEXT(2) 
PARAMETRIC_REPRESENTATION_CONTEXT() REPRESENTATION_CONTEXT('2D SPACE',''
  ) );
#2409 = PCURVE('',#1942,#2410);
#2410 = DEFINITIONAL_REPRESENTATION('',(#2411),#2415);
#2411 = LINE('',#2412,#2413);
#2412 = CARTESIAN_POINT('',(1.,0.));
#2413 = VECTOR('',#2414,1.);
#2414 = DIRECTION('',(0.,-1.));
#2415 = ( GEOMETRIC_REPRESENTATION_CONTEXT(2) 
PARAMETRIC_REPRESENTATION_CONTEXT() REPRESENTATION_CONTEXT('2D SPACE',''
  ) );
#2416 = ORIENTED_EDGE('',*,*,#2417,.T.);
#2417 = EDGE_CURVE('',#2395,#2418,#2420,.T.);
#2418 = VERTEX_POINT('',#2419);
#2419 = CARTESIAN_POINT('',(-40.,-230.,-38.));
#2420 = SURFACE_CURVE('',#2421,(#2425,#2432),.PCURVE_S1.);
#2421 = LINE('',#2422,#2423);
#2422 = CARTESIAN_POINT('',(-42.5,-230.,-38.));
#2423 = VECTOR('',#2424,1.);
#2424 = DIRECTION('',(-1.,0.,0.));
#2425 = PCURVE('',#1812,#2426);
#2426 = DEFINITIONAL_REPRESENTATION('',(#2427),#2431);
#2427 = LINE('',#2428,#2429);
#2428 = CARTESIAN_POINT('',(2.5,5.));
#2429 = VECTOR('',#2430,1.);
#2430 = DIRECTION('',(-1.,0.));
#2431 = ( GEOMETRIC_REPRESENTATION_CONTEXT(2) 
PARAMETRIC_REPRESENTATION_CONTEXT() REPRESENTATION_CONTEXT('2D SPACE',''
  ) );
#2432 = PCURVE('',#2021,#2433);
#2433 = DEFINITIONAL_REPRESENTATION('',(#2434),#2438);
#2434 = LINE('',#2435,#2436);
#2435 = CARTESIAN_POINT('',(1.,-2.5));
#2436 = VECTOR('',#2437,1.);
#2437 = DIRECTION('',(0.,-1.));
#2438 = ( GEOMETRIC_REPRESENTATION_CONTEXT(2) 
PARAMETRIC_REPRESENTATION_CONTEXT() REPRESENTATION_CONTEXT('2D SPACE',''
  ) );
#2439 = ORIENTED_EDGE('',*,*,#2440,.T.);
#2440 = EDGE_CURVE('',#2418,#2441,#2443,.T.);
#2441 = VERTEX_POINT('',#2442);
#2442 = CARTESIAN_POINT('',(-40.,-170.,-38.));
#2443 = SURFACE_CURVE('',#2444,(#2448,#2455),.PCURVE_S1.);
#2444 = LINE('',#2445,#2446);
#2445 = CARTESIAN_POINT('',(-40.,-232.5,-38.));
#2446 = VECTOR('',#2447,1.);
#2447 = DIRECTION('',(0.,1.,0.));
#2448 = PCURVE('',#1812,#2449);
#2449 = DEFINITIONAL_REPRESENTATION('',(#2450),#2454);
#2450 = LINE('',#2451,#2452);
#2451 = CARTESIAN_POINT('',(5.,2.5));
#2452 = VECTOR('',#2453,1.);
#2453 = DIRECTION('',(0.,1.));
#2454 = ( GEOMETRIC_REPRESENTATION_CONTEXT(2) 
PARAMETRIC_REPRESENTATION_CONTEXT() REPRESENTATION_CONTEXT('2D SPACE',''
  ) );
#2455 = PCURVE('',#2049,#2456);
#2456 = DEFINITIONAL_REPRESENTATION('',(#2457),#2461);
#2457 = LINE('',#2458,#2459);
#2458 = CARTESIAN_POINT('',(1.,2.5));
#2459 = VECTOR('',#2460,1.);
#2460 = DIRECTION('',(0.,-1.));
#2461 = ( GEOMETRIC_REPRESENTATION_CONTEXT(2) 
PARAMETRIC_REPRESENTATION_CONTEXT() REPRESENTATION_CONTEXT('2D SPACE',''
  ) );
#2462 = ORIENTED_EDGE('',*,*,#2463,.F.);
#2463 = EDGE_CURVE('',#2464,#2441,#2466,.T.);
#2464 = VERTEX_POINT('',#2465);
#2465 = CARTESIAN_POINT('',(40.,-170.,-38.));
#2466 = SURFACE_CURVE('',#2467,(#2471,#2478),.PCURVE_S1.);
#2467 = LINE('',#2468,#2469);
#2468 = CARTESIAN_POINT('',(-42.5,-170.,-38.));
#2469 = VECTOR('',#2470,1.);
#2470 = DIRECTION('',(-1.,0.,0.));
#2471 = PCURVE('',#1812,#2472);
#2472 = DEFINITIONAL_REPRESENTATION('',(#2473),#2477);
#2473 = LINE('',#2474,#2475);
#2474 = CARTESIAN_POINT('',(2.5,65.));
#2475 = VECTOR('',#2476,1.);
#2476 = DIRECTION('',(-1.,0.));
#2477 = ( GEOMETRIC_REPRESENTATION_CONTEXT(2) 
PARAMETRIC_REPRESENTATION_CONTEXT() REPRESENTATION_CONTEXT('2D SPACE',''
  ) );
#2478 = PCURVE('',#2189,#2479);
#2479 = DEFINITIONAL_REPRESENTATION('',(#2480),#2484);
#2480 = LINE('',#2481,#2482);
#2481 = CARTESIAN_POINT('',(1.,-2.5));
#2482 = VECTOR('',#2483,1.);
#2483 = DIRECTION('',(0.,-1.));
#2484 = ( GEOMETRIC_REPRESENTATION_CONTEXT(2) 
PARAMETRIC_REPRESENTATION_CONTEXT() REPRESENTATION_CONTEXT('2D SPACE',''
  ) );
#2485 = ORIENTED_EDGE('',*,*,#2486,.F.);
#2486 = EDGE_CURVE('',#2487,#2464,#2489,.T.);
#2487 = VERTEX_POINT('',#2488);
#2488 = CARTESIAN_POINT('',(40.,-215.,-38.));
#2489 = SURFACE_CURVE('',#2490,(#2494,#2501),.PCURVE_S1.);
#2490 = LINE('',#2491,#2492);
#2491 = CARTESIAN_POINT('',(40.,-232.5,-38.));
#2492 = VECTOR('',#2493,1.);
#2493 = DIRECTION('',(0.,1.,0.));
#2494 = PCURVE('',#1812,#2495);
#2495 = DEFINITIONAL_REPRESENTATION('',(#2496),#2500);
#2496 = LINE('',#2497,#2498);
#2497 = CARTESIAN_POINT('',(85.,2.5));
#2498 = VECTOR('',#2499,1.);
#2499 = DIRECTION('',(0.,1.));
#2500 = ( GEOMETRIC_REPRESENTATION_CONTEXT(2) 
PARAMETRIC_REPRESENTATION_CONTEXT() REPRESENTATION_CONTEXT('2D SPACE',''
  ) );
#2501 = PCURVE('',#2217,#2502);
#2502 = DEFINITIONAL_REPRESENTATION('',(#2503),#2507);
#2503 = LINE('',#2504,#2505);
#2504 = CARTESIAN_POINT('',(1.,2.5));
#2505 = VECTOR('',#2506,1.);
#2506 = DIRECTION('',(0.,-1.));
#2507 = ( GEOMETRIC_REPRESENTATION_CONTEXT(2) 
PARAMETRIC_REPRESENTATION_CONTEXT() REPRESENTATION_CONTEXT('2D SPACE',''
  ) );
#2508 = ORIENTED_EDGE('',*,*,#2509,.F.);
#2509 = EDGE_CURVE('',#2510,#2487,#2512,.T.);
#2510 = VERTEX_POINT('',#2511);
#2511 = CARTESIAN_POINT('',(45.,-215.,-38.));
#2512 = SURFACE_CURVE('',#2513,(#2517,#2524),.PCURVE_S1.);
#2513 = LINE('',#2514,#2515);
#2514 = CARTESIAN_POINT('',(-13.,-215.,-38.));
#2515 = VECTOR('',#2516,1.);
#2516 = DIRECTION('',(-1.,0.,0.));
#2517 = PCURVE('',#1812,#2518);
#2518 = DEFINITIONAL_REPRESENTATION('',(#2519),#2523);
#2519 = LINE('',#2520,#2521);
#2520 = CARTESIAN_POINT('',(32.,20.));
#2521 = VECTOR('',#2522,1.);
#2522 = DIRECTION('',(-1.,0.));
#2523 = ( GEOMETRIC_REPRESENTATION_CONTEXT(2) 
PARAMETRIC_REPRESENTATION_CONTEXT() REPRESENTATION_CONTEXT('2D SPACE',''
  ) );
#2524 = PCURVE('',#2301,#2525);
#2525 = DEFINITIONAL_REPRESENTATION('',(#2526),#2530);
#2526 = LINE('',#2527,#2528);
#2527 = CARTESIAN_POINT('',(1.,-32.));
#2528 = VECTOR('',#2529,1.);
#2529 = DIRECTION('',(0.,-1.));
#2530 = ( GEOMETRIC_REPRESENTATION_CONTEXT(2) 
PARAMETRIC_REPRESENTATION_CONTEXT() REPRESENTATION_CONTEXT('2D SPACE',''
  ) );
#2531 = ORIENTED_EDGE('',*,*,#2532,.T.);
#2532 = EDGE_CURVE('',#2510,#2343,#2533,.T.);
#2533 = SURFACE_CURVE('',#2534,(#2538,#2545),.PCURVE_S1.);
#2534 = LINE('',#2535,#2536);
#2535 = CARTESIAN_POINT('',(45.,-235.,-38.));
#2536 = VECTOR('',#2537,1.);
#2537 = DIRECTION('',(0.,1.,0.));
#2538 = PCURVE('',#1812,#2539);
#2539 = DEFINITIONAL_REPRESENTATION('',(#2540),#2544);
#2540 = LINE('',#2541,#2542);
#2541 = CARTESIAN_POINT('',(90.,0.));
#2542 = VECTOR('',#2543,1.);
#2543 = DIRECTION('',(0.,1.));
#2544 = ( GEOMETRIC_REPRESENTATION_CONTEXT(2) 
PARAMETRIC_REPRESENTATION_CONTEXT() REPRESENTATION_CONTEXT('2D SPACE',''
  ) );
#2545 = PCURVE('',#2327,#2546);
#2546 = DEFINITIONAL_REPRESENTATION('',(#2547),#2551);
#2547 = LINE('',#2548,#2549);
#2548 = CARTESIAN_POINT('',(0.,0.));
#2549 = VECTOR('',#2550,1.);
#2550 = DIRECTION('',(0.,-1.));
#2551 = ( GEOMETRIC_REPRESENTATION_CONTEXT(2) 
PARAMETRIC_REPRESENTATION_CONTEXT() REPRESENTATION_CONTEXT('2D SPACE',''
  ) );
#2552 = ADVANCED_FACE('',(#2553),#1942,.T.);
#2553 = FACE_BOUND('',#2554,.T.);
#2554 = EDGE_LOOP('',(#2555,#2556,#2557,#2578));
#2555 = ORIENTED_EDGE('',*,*,#1928,.F.);
#2556 = ORIENTED_EDGE('',*,*,#2394,.T.);
#2557 = ORIENTED_EDGE('',*,*,#2558,.F.);
#2558 = EDGE_CURVE('',#1983,#2395,#2559,.T.);
#2559 = SURFACE_CURVE('',#2560,(#2564,#2571),.PCURVE_S1.);
#2560 = LINE('',#2561,#2562);
#2561 = CARTESIAN_POINT('',(19.,-230.,-39.));
#2562 = VECTOR('',#2563,1.);
#2563 = DIRECTION('',(0.,0.,-1.));
#2564 = PCURVE('',#1942,#2565);
#2565 = DEFINITIONAL_REPRESENTATION('',(#2566),#2570);
#2566 = LINE('',#2567,#2568);
#2567 = CARTESIAN_POINT('',(0.,-5.));
#2568 = VECTOR('',#2569,1.);
#2569 = DIRECTION('',(-1.,0.));
#2570 = ( GEOMETRIC_REPRESENTATION_CONTEXT(2) 
PARAMETRIC_REPRESENTATION_CONTEXT() REPRESENTATION_CONTEXT('2D SPACE',''
  ) );
#2571 = PCURVE('',#2021,#2572);
#2572 = DEFINITIONAL_REPRESENTATION('',(#2573),#2577);
#2573 = LINE('',#2574,#2575);
#2574 = CARTESIAN_POINT('',(0.,59.));
#2575 = VECTOR('',#2576,1.);
#2576 = DIRECTION('',(-1.,0.));
#2577 = ( GEOMETRIC_REPRESENTATION_CONTEXT(2) 
PARAMETRIC_REPRESENTATION_CONTEXT() REPRESENTATION_CONTEXT('2D SPACE',''
  ) );
#2578 = ORIENTED_EDGE('',*,*,#1982,.F.);
#2579 = ADVANCED_FACE('',(#2580),#2327,.T.);
#2580 = FACE_BOUND('',#2581,.T.);
#2581 = EDGE_LOOP('',(#2582,#2583,#2604,#2605));
#2582 = ORIENTED_EDGE('',*,*,#2313,.F.);
#2583 = ORIENTED_EDGE('',*,*,#2584,.F.);
#2584 = EDGE_CURVE('',#2510,#2286,#2585,.T.);
#2585 = SURFACE_CURVE('',#2586,(#2590,#2597),.PCURVE_S1.);
#2586 = LINE('',#2587,#2588);
#2587 = CARTESIAN_POINT('',(45.,-215.,-39.));
#2588 = VECTOR('',#2589,1.);
#2589 = DIRECTION('',(0.,0.,1.));
#2590 = PCURVE('',#2327,#2591);
#2591 = DEFINITIONAL_REPRESENTATION('',(#2592),#2596);
#2592 = LINE('',#2593,#2594);
#2593 = CARTESIAN_POINT('',(-1.,-20.));
#2594 = VECTOR('',#2595,1.);
#2595 = DIRECTION('',(1.,0.));
#2596 = ( GEOMETRIC_REPRESENTATION_CONTEXT(2) 
PARAMETRIC_REPRESENTATION_CONTEXT() REPRESENTATION_CONTEXT('2D SPACE',''
  ) );
#2597 = PCURVE('',#2301,#2598);
#2598 = DEFINITIONAL_REPRESENTATION('',(#2599),#2603);
#2599 = LINE('',#2600,#2601);
#2600 = CARTESIAN_POINT('',(0.,26.));
#2601 = VECTOR('',#2602,1.);
#2602 = DIRECTION('',(1.,0.));
#2603 = ( GEOMETRIC_REPRESENTATION_CONTEXT(2) 
PARAMETRIC_REPRESENTATION_CONTEXT() REPRESENTATION_CONTEXT('2D SPACE',''
  ) );
#2604 = ORIENTED_EDGE('',*,*,#2532,.T.);
#2605 = ORIENTED_EDGE('',*,*,#2367,.T.);
#2606 = ADVANCED_FACE('',(#2607),#2301,.F.);
#2607 = FACE_BOUND('',#2608,.F.);
#2608 = EDGE_LOOP('',(#2609,#2610,#2611,#2632));
#2609 = ORIENTED_EDGE('',*,*,#2584,.F.);
#2610 = ORIENTED_EDGE('',*,*,#2509,.T.);
#2611 = ORIENTED_EDGE('',*,*,#2612,.T.);
#2612 = EDGE_CURVE('',#2487,#2263,#2613,.T.);
#2613 = SURFACE_CURVE('',#2614,(#2618,#2625),.PCURVE_S1.);
#2614 = LINE('',#2615,#2616);
#2615 = CARTESIAN_POINT('',(40.,-215.,-39.));
#2616 = VECTOR('',#2617,1.);
#2617 = DIRECTION('',(0.,0.,1.));
#2618 = PCURVE('',#2301,#2619);
#2619 = DEFINITIONAL_REPRESENTATION('',(#2620),#2624);
#2620 = LINE('',#2621,#2622);
#2621 = CARTESIAN_POINT('',(0.,21.));
#2622 = VECTOR('',#2623,1.);
#2623 = DIRECTION('',(1.,0.));
#2624 = ( GEOMETRIC_REPRESENTATION_CONTEXT(2) 
PARAMETRIC_REPRESENTATION_CONTEXT() REPRESENTATION_CONTEXT('2D SPACE',''
  ) );
#2625 = PCURVE('',#2217,#2626);
#2626 = DEFINITIONAL_REPRESENTATION('',(#2627),#2631);
#2627 = LINE('',#2628,#2629);
#2628 = CARTESIAN_POINT('',(0.,-15.));
#2629 = VECTOR('',#2630,1.);
#2630 = DIRECTION('',(1.,0.));
#2631 = ( GEOMETRIC_REPRESENTATION_CONTEXT(2) 
PARAMETRIC_REPRESENTATION_CONTEXT() REPRESENTATION_CONTEXT('2D SPACE',''
  ) );
#2632 = ORIENTED_EDGE('',*,*,#2285,.F.);
#2633 = ADVANCED_FACE('',(#2634),#2217,.F.);
#2634 = FACE_BOUND('',#2635,.F.);
#2635 = EDGE_LOOP('',(#2636,#2637,#2638,#2659,#2660,#2683,#2711,#2732));
#2636 = ORIENTED_EDGE('',*,*,#2612,.F.);
#2637 = ORIENTED_EDGE('',*,*,#2486,.T.);
#2638 = ORIENTED_EDGE('',*,*,#2639,.F.);
#2639 = EDGE_CURVE('',#2174,#2464,#2640,.T.);
#2640 = SURFACE_CURVE('',#2641,(#2645,#2652),.PCURVE_S1.);
#2641 = LINE('',#2642,#2643);
#2642 = CARTESIAN_POINT('',(40.,-170.,62.));
#2643 = VECTOR('',#2644,1.);
#2644 = DIRECTION('',(0.,0.,-1.));
#2645 = PCURVE('',#2217,#2646);
#2646 = DEFINITIONAL_REPRESENTATION('',(#2647),#2651);
#2647 = LINE('',#2648,#2649);
#2648 = CARTESIAN_POINT('',(101.,-60.));
#2649 = VECTOR('',#2650,1.);
#2650 = DIRECTION('',(-1.,0.));
#2651 = ( GEOMETRIC_REPRESENTATION_CONTEXT(2) 
PARAMETRIC_REPRESENTATION_CONTEXT() REPRESENTATION_CONTEXT('2D SPACE',''
  ) );
#2652 = PCURVE('',#2189,#2653);
#2653 = DEFINITIONAL_REPRESENTATION('',(#2654),#2658);
#2654 = LINE('',#2655,#2656);
#2655 = CARTESIAN_POINT('',(101.,80.));
#2656 = VECTOR('',#2657,1.);
#2657 = DIRECTION('',(-1.,0.));
#2658 = ( GEOMETRIC_REPRESENTATION_CONTEXT(2) 
PARAMETRIC_REPRESENTATION_CONTEXT() REPRESENTATION_CONTEXT('2D SPACE',''
  ) );
#2659 = ORIENTED_EDGE('',*,*,#2201,.F.);
#2660 = ORIENTED_EDGE('',*,*,#2661,.T.);
#2661 = EDGE_CURVE('',#2202,#2662,#2664,.T.);
#2662 = VERTEX_POINT('',#2663);
#2663 = CARTESIAN_POINT('',(40.,-175.083484861,12.));
#2664 = SURFACE_CURVE('',#2665,(#2669,#2676),.PCURVE_S1.);
#2665 = LINE('',#2666,#2667);
#2666 = CARTESIAN_POINT('',(40.,-175.083484861,12.));
#2667 = VECTOR('',#2668,1.);
#2668 = DIRECTION('',(-0.,-0.,-1.));
#2669 = PCURVE('',#2217,#2670);
#2670 = DEFINITIONAL_REPRESENTATION('',(#2671),#2675);
#2671 = LINE('',#2672,#2673);
#2672 = CARTESIAN_POINT('',(51.,-54.91651513899));
#2673 = VECTOR('',#2674,1.);
#2674 = DIRECTION('',(-1.,0.));
#2675 = ( GEOMETRIC_REPRESENTATION_CONTEXT(2) 
PARAMETRIC_REPRESENTATION_CONTEXT() REPRESENTATION_CONTEXT('2D SPACE',''
  ) );
#2676 = PCURVE('',#2250,#2677);
#2677 = DEFINITIONAL_REPRESENTATION('',(#2678),#2682);
#2678 = LINE('',#2679,#2680);
#2679 = CARTESIAN_POINT('',(-6.712884973331,0.));
#2680 = VECTOR('',#2681,1.);
#2681 = DIRECTION('',(-0.,1.));
#2682 = ( GEOMETRIC_REPRESENTATION_CONTEXT(2) 
PARAMETRIC_REPRESENTATION_CONTEXT() REPRESENTATION_CONTEXT('2D SPACE',''
  ) );
#2683 = ORIENTED_EDGE('',*,*,#2684,.T.);
#2684 = EDGE_CURVE('',#2662,#2685,#2687,.T.);
#2685 = VERTEX_POINT('',#2686);
#2686 = CARTESIAN_POINT('',(40.,-176.9165151389,12.));
#2687 = SURFACE_CURVE('',#2688,(#2692,#2699),.PCURVE_S1.);
#2688 = LINE('',#2689,#2690);
#2689 = CARTESIAN_POINT('',(40.,-203.,12.));
#2690 = VECTOR('',#2691,1.);
#2691 = DIRECTION('',(0.,-1.,0.));
#2692 = PCURVE('',#2217,#2693);
#2693 = DEFINITIONAL_REPRESENTATION('',(#2694),#2698);
#2694 = LINE('',#2695,#2696);
#2695 = CARTESIAN_POINT('',(51.,-27.));
#2696 = VECTOR('',#2697,1.);
#2697 = DIRECTION('',(0.,1.));
#2698 = ( GEOMETRIC_REPRESENTATION_CONTEXT(2) 
PARAMETRIC_REPRESENTATION_CONTEXT() REPRESENTATION_CONTEXT('2D SPACE',''
  ) );
#2699 = PCURVE('',#2700,#2705);
#2700 = PLANE('',#2701);
#2701 = AXIS2_PLACEMENT_3D('',#2702,#2703,#2704);
#2702 = CARTESIAN_POINT('',(38.,-176.,12.));
#2703 = DIRECTION('',(0.,0.,1.));
#2704 = DIRECTION('',(1.,0.,-0.));
#2705 = DEFINITIONAL_REPRESENTATION('',(#2706),#2710);
#2706 = LINE('',#2707,#2708);
#2707 = CARTESIAN_POINT('',(2.,-27.));
#2708 = VECTOR('',#2709,1.);
#2709 = DIRECTION('',(0.,-1.));
#2710 = ( GEOMETRIC_REPRESENTATION_CONTEXT(2) 
PARAMETRIC_REPRESENTATION_CONTEXT() REPRESENTATION_CONTEXT('2D SPACE',''
  ) );
#2711 = ORIENTED_EDGE('',*,*,#2712,.F.);
#2712 = EDGE_CURVE('',#2230,#2685,#2713,.T.);
#2713 = SURFACE_CURVE('',#2714,(#2718,#2725),.PCURVE_S1.);
#2714 = LINE('',#2715,#2716);
#2715 = CARTESIAN_POINT('',(40.,-176.9165151389,12.));
#2716 = VECTOR('',#2717,1.);
#2717 = DIRECTION('',(-0.,-0.,-1.));
#2718 = PCURVE('',#2217,#2719);
#2719 = DEFINITIONAL_REPRESENTATION('',(#2720),#2724);
#2720 = LINE('',#2721,#2722);
#2721 = CARTESIAN_POINT('',(51.,-53.083484861));
#2722 = VECTOR('',#2723,1.);
#2723 = DIRECTION('',(-1.,0.));
#2724 = ( GEOMETRIC_REPRESENTATION_CONTEXT(2) 
PARAMETRIC_REPRESENTATION_CONTEXT() REPRESENTATION_CONTEXT('2D SPACE',''
  ) );
#2725 = PCURVE('',#2250,#2726);
#2726 = DEFINITIONAL_REPRESENTATION('',(#2727),#2731);
#2727 = LINE('',#2728,#2729);
#2728 = CARTESIAN_POINT('',(-5.853485641028,0.));
#2729 = VECTOR('',#2730,1.);
#2730 = DIRECTION('',(-0.,1.));
#2731 = ( GEOMETRIC_REPRESENTATION_CONTEXT(2) 
PARAMETRIC_REPRESENTATION_CONTEXT() REPRESENTATION_CONTEXT('2D SPACE',''
  ) );
#2732 = ORIENTED_EDGE('',*,*,#2262,.F.);
#2733 = ADVANCED_FACE('',(#2734),#2250,.F.);
#2734 = FACE_BOUND('',#2735,.T.);
#2735 = EDGE_LOOP('',(#2736,#2737,#2738,#2764));
#2736 = ORIENTED_EDGE('',*,*,#2229,.F.);
#2737 = ORIENTED_EDGE('',*,*,#2661,.T.);
#2738 = ORIENTED_EDGE('',*,*,#2739,.T.);
#2739 = EDGE_CURVE('',#2662,#2685,#2740,.T.);
#2740 = SURFACE_CURVE('',#2741,(#2746,#2753),.PCURVE_S1.);
#2741 = CIRCLE('',#2742,2.2);
#2742 = AXIS2_PLACEMENT_3D('',#2743,#2744,#2745);
#2743 = CARTESIAN_POINT('',(38.,-176.,12.));
#2744 = DIRECTION('',(0.,0.,-1.));
#2745 = DIRECTION('',(0.909090909091,0.416597790451,0.));
#2746 = PCURVE('',#2250,#2747);
#2747 = DEFINITIONAL_REPRESENTATION('',(#2748),#2752);
#2748 = LINE('',#2749,#2750);
#2749 = CARTESIAN_POINT('',(-6.712884973331,0.));
#2750 = VECTOR('',#2751,1.);
#2751 = DIRECTION('',(1.,-0.));
#2752 = ( GEOMETRIC_REPRESENTATION_CONTEXT(2) 
PARAMETRIC_REPRESENTATION_CONTEXT() REPRESENTATION_CONTEXT('2D SPACE',''
  ) );
#2753 = PCURVE('',#2700,#2754);
#2754 = DEFINITIONAL_REPRESENTATION('',(#2755),#2763);
#2755 = ( BOUNDED_CURVE() B_SPLINE_CURVE(2,(#2756,#2757,#2758,#2759,
#2760,#2761,#2762),.UNSPECIFIED.,.T.,.F.) B_SPLINE_CURVE_WITH_KNOTS((1,2
    ,2,2,2,1),(-2.094395102393,0.,2.094395102393,4.188790204786,
6.28318530718,8.377580409573),.UNSPECIFIED.) CURVE() 
GEOMETRIC_REPRESENTATION_ITEM() RATIONAL_B_SPLINE_CURVE((1.,0.5,1.,0.5,
1.,0.5,1.)) REPRESENTATION_ITEM('') );
#2756 = CARTESIAN_POINT('',(2.,0.916515138991));
#2757 = CARTESIAN_POINT('',(3.587450786639,-2.547586476147));
#2758 = CARTESIAN_POINT('',(-0.206274606681,-2.190308377064));
#2759 = CARTESIAN_POINT('',(-4.,-1.833030277982));
#2760 = CARTESIAN_POINT('',(-1.793725393319,1.273793238073));
#2761 = CARTESIAN_POINT('',(0.412549213361,4.380616754129));
#2762 = CARTESIAN_POINT('',(2.,0.916515138991));
#2763 = ( GEOMETRIC_REPRESENTATION_CONTEXT(2) 
PARAMETRIC_REPRESENTATION_CONTEXT() REPRESENTATION_CONTEXT('2D SPACE',''
  ) );
#2764 = ORIENTED_EDGE('',*,*,#2712,.F.);
#2765 = ADVANCED_FACE('',(#2766),#2189,.F.);
#2766 = FACE_BOUND('',#2767,.F.);
#2767 = EDGE_LOOP('',(#2768,#2769,#2790,#2791));
#2768 = ORIENTED_EDGE('',*,*,#2463,.T.);
#2769 = ORIENTED_EDGE('',*,*,#2770,.F.);
#2770 = EDGE_CURVE('',#2151,#2441,#2771,.T.);
#2771 = SURFACE_CURVE('',#2772,(#2776,#2783),.PCURVE_S1.);
#2772 = LINE('',#2773,#2774);
#2773 = CARTESIAN_POINT('',(-40.,-170.,62.));
#2774 = VECTOR('',#2775,1.);
#2775 = DIRECTION('',(0.,0.,-1.));
#2776 = PCURVE('',#2189,#2777);
#2777 = DEFINITIONAL_REPRESENTATION('',(#2778),#2782);
#2778 = LINE('',#2779,#2780);
#2779 = CARTESIAN_POINT('',(101.,0.));
#2780 = VECTOR('',#2781,1.);
#2781 = DIRECTION('',(-1.,0.));
#2782 = ( GEOMETRIC_REPRESENTATION_CONTEXT(2) 
PARAMETRIC_REPRESENTATION_CONTEXT() REPRESENTATION_CONTEXT('2D SPACE',''
  ) );
#2783 = PCURVE('',#2049,#2784);
#2784 = DEFINITIONAL_REPRESENTATION('',(#2785),#2789);
#2785 = LINE('',#2786,#2787);
#2786 = CARTESIAN_POINT('',(101.,-60.));
#2787 = VECTOR('',#2788,1.);
#2788 = DIRECTION('',(-1.,0.));
#2789 = ( GEOMETRIC_REPRESENTATION_CONTEXT(2) 
PARAMETRIC_REPRESENTATION_CONTEXT() REPRESENTATION_CONTEXT('2D SPACE',''
  ) );
#2790 = ORIENTED_EDGE('',*,*,#2173,.F.);
#2791 = ORIENTED_EDGE('',*,*,#2639,.T.);
#2792 = ADVANCED_FACE('',(#2793),#2049,.T.);
#2793 = FACE_BOUND('',#2794,.T.);
#2794 = EDGE_LOOP('',(#2795,#2816,#2817,#2818,#2819,#2842,#2870,#2891,
    #2892,#2915,#2943,#2964));
#2795 = ORIENTED_EDGE('',*,*,#2796,.F.);
#2796 = EDGE_CURVE('',#2418,#2006,#2797,.T.);
#2797 = SURFACE_CURVE('',#2798,(#2802,#2809),.PCURVE_S1.);
#2798 = LINE('',#2799,#2800);
#2799 = CARTESIAN_POINT('',(-40.,-230.,-38.));
#2800 = VECTOR('',#2801,1.);
#2801 = DIRECTION('',(0.,0.,1.));
#2802 = PCURVE('',#2049,#2803);
#2803 = DEFINITIONAL_REPRESENTATION('',(#2804),#2808);
#2804 = LINE('',#2805,#2806);
#2805 = CARTESIAN_POINT('',(1.,0.));
#2806 = VECTOR('',#2807,1.);
#2807 = DIRECTION('',(1.,0.));
#2808 = ( GEOMETRIC_REPRESENTATION_CONTEXT(2) 
PARAMETRIC_REPRESENTATION_CONTEXT() REPRESENTATION_CONTEXT('2D SPACE',''
  ) );
#2809 = PCURVE('',#2021,#2810);
#2810 = DEFINITIONAL_REPRESENTATION('',(#2811),#2815);
#2811 = LINE('',#2812,#2813);
#2812 = CARTESIAN_POINT('',(1.,0.));
#2813 = VECTOR('',#2814,1.);
#2814 = DIRECTION('',(1.,0.));
#2815 = ( GEOMETRIC_REPRESENTATION_CONTEXT(2) 
PARAMETRIC_REPRESENTATION_CONTEXT() REPRESENTATION_CONTEXT('2D SPACE',''
  ) );
#2816 = ORIENTED_EDGE('',*,*,#2440,.T.);
#2817 = ORIENTED_EDGE('',*,*,#2770,.F.);
#2818 = ORIENTED_EDGE('',*,*,#2150,.F.);
#2819 = ORIENTED_EDGE('',*,*,#2820,.T.);
#2820 = EDGE_CURVE('',#2118,#2821,#2823,.T.);
#2821 = VERTEX_POINT('',#2822);
#2822 = CARTESIAN_POINT('',(-40.,-175.083484861,12.));
#2823 = SURFACE_CURVE('',#2824,(#2828,#2835),.PCURVE_S1.);
#2824 = LINE('',#2825,#2826);
#2825 = CARTESIAN_POINT('',(-40.,-175.083484861,12.));
#2826 = VECTOR('',#2827,1.);
#2827 = DIRECTION('',(-0.,-0.,-1.));
#2828 = PCURVE('',#2049,#2829);
#2829 = DEFINITIONAL_REPRESENTATION('',(#2830),#2834);
#2830 = LINE('',#2831,#2832);
#2831 = CARTESIAN_POINT('',(51.,-54.91651513899));
#2832 = VECTOR('',#2833,1.);
#2833 = DIRECTION('',(-1.,0.));
#2834 = ( GEOMETRIC_REPRESENTATION_CONTEXT(2) 
PARAMETRIC_REPRESENTATION_CONTEXT() REPRESENTATION_CONTEXT('2D SPACE',''
  ) );
#2835 = PCURVE('',#2138,#2836);
#2836 = DEFINITIONAL_REPRESENTATION('',(#2837),#2841);
#2837 = LINE('',#2838,#2839);
#2838 = CARTESIAN_POINT('',(-2.711892987438,0.));
#2839 = VECTOR('',#2840,1.);
#2840 = DIRECTION('',(-0.,1.));
#2841 = ( GEOMETRIC_REPRESENTATION_CONTEXT(2) 
PARAMETRIC_REPRESENTATION_CONTEXT() REPRESENTATION_CONTEXT('2D SPACE',''
  ) );
#2842 = ORIENTED_EDGE('',*,*,#2843,.T.);
#2843 = EDGE_CURVE('',#2821,#2844,#2846,.T.);
#2844 = VERTEX_POINT('',#2845);
#2845 = CARTESIAN_POINT('',(-40.,-176.9165151389,12.));
#2846 = SURFACE_CURVE('',#2847,(#2851,#2858),.PCURVE_S1.);
#2847 = LINE('',#2848,#2849);
#2848 = CARTESIAN_POINT('',(-40.,-203.,12.));
#2849 = VECTOR('',#2850,1.);
#2850 = DIRECTION('',(0.,-1.,0.));
#2851 = PCURVE('',#2049,#2852);
#2852 = DEFINITIONAL_REPRESENTATION('',(#2853),#2857);
#2853 = LINE('',#2854,#2855);
#2854 = CARTESIAN_POINT('',(51.,-27.));
#2855 = VECTOR('',#2856,1.);
#2856 = DIRECTION('',(0.,1.));
#2857 = ( GEOMETRIC_REPRESENTATION_CONTEXT(2) 
PARAMETRIC_REPRESENTATION_CONTEXT() REPRESENTATION_CONTEXT('2D SPACE',''
  ) );
#2858 = PCURVE('',#2859,#2864);
#2859 = PLANE('',#2860);
#2860 = AXIS2_PLACEMENT_3D('',#2861,#2862,#2863);
#2861 = CARTESIAN_POINT('',(-38.,-176.,12.));
#2862 = DIRECTION('',(0.,0.,1.));
#2863 = DIRECTION('',(1.,0.,-0.));
#2864 = DEFINITIONAL_REPRESENTATION('',(#2865),#2869);
#2865 = LINE('',#2866,#2867);
#2866 = CARTESIAN_POINT('',(-2.,-27.));
#2867 = VECTOR('',#2868,1.);
#2868 = DIRECTION('',(0.,-1.));
#2869 = ( GEOMETRIC_REPRESENTATION_CONTEXT(2) 
PARAMETRIC_REPRESENTATION_CONTEXT() REPRESENTATION_CONTEXT('2D SPACE',''
  ) );
#2870 = ORIENTED_EDGE('',*,*,#2871,.F.);
#2871 = EDGE_CURVE('',#2095,#2844,#2872,.T.);
#2872 = SURFACE_CURVE('',#2873,(#2877,#2884),.PCURVE_S1.);
#2873 = LINE('',#2874,#2875);
#2874 = CARTESIAN_POINT('',(-40.,-176.9165151389,12.));
#2875 = VECTOR('',#2876,1.);
#2876 = DIRECTION('',(-0.,-0.,-1.));
#2877 = PCURVE('',#2049,#2878);
#2878 = DEFINITIONAL_REPRESENTATION('',(#2879),#2883);
#2879 = LINE('',#2880,#2881);
#2880 = CARTESIAN_POINT('',(51.,-53.083484861));
#2881 = VECTOR('',#2882,1.);
#2882 = DIRECTION('',(-1.,0.));
#2883 = ( GEOMETRIC_REPRESENTATION_CONTEXT(2) 
PARAMETRIC_REPRESENTATION_CONTEXT() REPRESENTATION_CONTEXT('2D SPACE',''
  ) );
#2884 = PCURVE('',#2138,#2885);
#2885 = DEFINITIONAL_REPRESENTATION('',(#2886),#2890);
#2886 = LINE('',#2887,#2888);
#2887 = CARTESIAN_POINT('',(-3.571292319741,0.));
#2888 = VECTOR('',#2889,1.);
#2889 = DIRECTION('',(-0.,1.));
#2890 = ( GEOMETRIC_REPRESENTATION_CONTEXT(2) 
PARAMETRIC_REPRESENTATION_CONTEXT() REPRESENTATION_CONTEXT('2D SPACE',''
  ) );
#2891 = ORIENTED_EDGE('',*,*,#2094,.F.);
#2892 = ORIENTED_EDGE('',*,*,#2893,.T.);
#2893 = EDGE_CURVE('',#2062,#2894,#2896,.T.);
#2894 = VERTEX_POINT('',#2895);
#2895 = CARTESIAN_POINT('',(-40.,-223.083484861,12.));
#2896 = SURFACE_CURVE('',#2897,(#2901,#2908),.PCURVE_S1.);
#2897 = LINE('',#2898,#2899);
#2898 = CARTESIAN_POINT('',(-40.,-223.083484861,12.));
#2899 = VECTOR('',#2900,1.);
#2900 = DIRECTION('',(-0.,-0.,-1.));
#2901 = PCURVE('',#2049,#2902);
#2902 = DEFINITIONAL_REPRESENTATION('',(#2903),#2907);
#2903 = LINE('',#2904,#2905);
#2904 = CARTESIAN_POINT('',(51.,-6.916515138991));
#2905 = VECTOR('',#2906,1.);
#2906 = DIRECTION('',(-1.,0.));
#2907 = ( GEOMETRIC_REPRESENTATION_CONTEXT(2) 
PARAMETRIC_REPRESENTATION_CONTEXT() REPRESENTATION_CONTEXT('2D SPACE',''
  ) );
#2908 = PCURVE('',#2082,#2909);
#2909 = DEFINITIONAL_REPRESENTATION('',(#2910),#2914);
#2910 = LINE('',#2911,#2912);
#2911 = CARTESIAN_POINT('',(-2.711892987438,0.));
#2912 = VECTOR('',#2913,1.);
#2913 = DIRECTION('',(-0.,1.));
#2914 = ( GEOMETRIC_REPRESENTATION_CONTEXT(2) 
PARAMETRIC_REPRESENTATION_CONTEXT() REPRESENTATION_CONTEXT('2D SPACE',''
  ) );
#2915 = ORIENTED_EDGE('',*,*,#2916,.T.);
#2916 = EDGE_CURVE('',#2894,#2917,#2919,.T.);
#2917 = VERTEX_POINT('',#2918);
#2918 = CARTESIAN_POINT('',(-40.,-224.9165151389,12.));
#2919 = SURFACE_CURVE('',#2920,(#2924,#2931),.PCURVE_S1.);
#2920 = LINE('',#2921,#2922);
#2921 = CARTESIAN_POINT('',(-40.,-227.,12.));
#2922 = VECTOR('',#2923,1.);
#2923 = DIRECTION('',(0.,-1.,0.));
#2924 = PCURVE('',#2049,#2925);
#2925 = DEFINITIONAL_REPRESENTATION('',(#2926),#2930);
#2926 = LINE('',#2927,#2928);
#2927 = CARTESIAN_POINT('',(51.,-3.));
#2928 = VECTOR('',#2929,1.);
#2929 = DIRECTION('',(0.,1.));
#2930 = ( GEOMETRIC_REPRESENTATION_CONTEXT(2) 
PARAMETRIC_REPRESENTATION_CONTEXT() REPRESENTATION_CONTEXT('2D SPACE',''
  ) );
#2931 = PCURVE('',#2932,#2937);
#2932 = PLANE('',#2933);
#2933 = AXIS2_PLACEMENT_3D('',#2934,#2935,#2936);
#2934 = CARTESIAN_POINT('',(-38.,-224.,12.));
#2935 = DIRECTION('',(0.,0.,1.));
#2936 = DIRECTION('',(1.,0.,-0.));
#2937 = DEFINITIONAL_REPRESENTATION('',(#2938),#2942);
#2938 = LINE('',#2939,#2940);
#2939 = CARTESIAN_POINT('',(-2.,-3.));
#2940 = VECTOR('',#2941,1.);
#2941 = DIRECTION('',(0.,-1.));
#2942 = ( GEOMETRIC_REPRESENTATION_CONTEXT(2) 
PARAMETRIC_REPRESENTATION_CONTEXT() REPRESENTATION_CONTEXT('2D SPACE',''
  ) );
#2943 = ORIENTED_EDGE('',*,*,#2944,.F.);
#2944 = EDGE_CURVE('',#2034,#2917,#2945,.T.);
#2945 = SURFACE_CURVE('',#2946,(#2950,#2957),.PCURVE_S1.);
#2946 = LINE('',#2947,#2948);
#2947 = CARTESIAN_POINT('',(-40.,-224.9165151389,12.));
#2948 = VECTOR('',#2949,1.);
#2949 = DIRECTION('',(-0.,-0.,-1.));
#2950 = PCURVE('',#2049,#2951);
#2951 = DEFINITIONAL_REPRESENTATION('',(#2952),#2956);
#2952 = LINE('',#2953,#2954);
#2953 = CARTESIAN_POINT('',(51.,-5.083484861009));
#2954 = VECTOR('',#2955,1.);
#2955 = DIRECTION('',(-1.,0.));
#2956 = ( GEOMETRIC_REPRESENTATION_CONTEXT(2) 
PARAMETRIC_REPRESENTATION_CONTEXT() REPRESENTATION_CONTEXT('2D SPACE',''
  ) );
#2957 = PCURVE('',#2082,#2958);
#2958 = DEFINITIONAL_REPRESENTATION('',(#2959),#2963);
#2959 = LINE('',#2960,#2961);
#2960 = CARTESIAN_POINT('',(-3.571292319741,0.));
#2961 = VECTOR('',#2962,1.);
#2962 = DIRECTION('',(-0.,1.));
#2963 = ( GEOMETRIC_REPRESENTATION_CONTEXT(2) 
PARAMETRIC_REPRESENTATION_CONTEXT() REPRESENTATION_CONTEXT('2D SPACE',''
  ) );
#2964 = ORIENTED_EDGE('',*,*,#2033,.F.);
#2965 = ADVANCED_FACE('',(#2966),#2138,.F.);
#2966 = FACE_BOUND('',#2967,.T.);
#2967 = EDGE_LOOP('',(#2968,#2990,#2991,#2992));
#2968 = ORIENTED_EDGE('',*,*,#2969,.F.);
#2969 = EDGE_CURVE('',#2821,#2844,#2970,.T.);
#2970 = SURFACE_CURVE('',#2971,(#2976,#2983),.PCURVE_S1.);
#2971 = CIRCLE('',#2972,2.2);
#2972 = AXIS2_PLACEMENT_3D('',#2973,#2974,#2975);
#2973 = CARTESIAN_POINT('',(-38.,-176.,12.));
#2974 = DIRECTION('',(0.,0.,1.));
#2975 = DIRECTION('',(1.,0.,0.));
#2976 = PCURVE('',#2138,#2977);
#2977 = DEFINITIONAL_REPRESENTATION('',(#2978),#2982);
#2978 = LINE('',#2979,#2980);
#2979 = CARTESIAN_POINT('',(-0.,0.));
#2980 = VECTOR('',#2981,1.);
#2981 = DIRECTION('',(-1.,0.));
#2982 = ( GEOMETRIC_REPRESENTATION_CONTEXT(2) 
PARAMETRIC_REPRESENTATION_CONTEXT() REPRESENTATION_CONTEXT('2D SPACE',''
  ) );
#2983 = PCURVE('',#2859,#2984);
#2984 = DEFINITIONAL_REPRESENTATION('',(#2985),#2989);
#2985 = CIRCLE('',#2986,2.2);
#2986 = AXIS2_PLACEMENT_2D('',#2987,#2988);
#2987 = CARTESIAN_POINT('',(0.,0.));
#2988 = DIRECTION('',(1.,0.));
#2989 = ( GEOMETRIC_REPRESENTATION_CONTEXT(2) 
PARAMETRIC_REPRESENTATION_CONTEXT() REPRESENTATION_CONTEXT('2D SPACE',''
  ) );
#2990 = ORIENTED_EDGE('',*,*,#2820,.F.);
#2991 = ORIENTED_EDGE('',*,*,#2117,.F.);
#2992 = ORIENTED_EDGE('',*,*,#2871,.T.);
#2993 = ADVANCED_FACE('',(#2994),#2082,.F.);
#2994 = FACE_BOUND('',#2995,.T.);
#2995 = EDGE_LOOP('',(#2996,#3018,#3019,#3020));
#2996 = ORIENTED_EDGE('',*,*,#2997,.F.);
#2997 = EDGE_CURVE('',#2894,#2917,#2998,.T.);
#2998 = SURFACE_CURVE('',#2999,(#3004,#3011),.PCURVE_S1.);
#2999 = CIRCLE('',#3000,2.2);
#3000 = AXIS2_PLACEMENT_3D('',#3001,#3002,#3003);
#3001 = CARTESIAN_POINT('',(-38.,-224.,12.));
#3002 = DIRECTION('',(0.,0.,1.));
#3003 = DIRECTION('',(1.,0.,0.));
#3004 = PCURVE('',#2082,#3005);
#3005 = DEFINITIONAL_REPRESENTATION('',(#3006),#3010);
#3006 = LINE('',#3007,#3008);
#3007 = CARTESIAN_POINT('',(-0.,0.));
#3008 = VECTOR('',#3009,1.);
#3009 = DIRECTION('',(-1.,0.));
#3010 = ( GEOMETRIC_REPRESENTATION_CONTEXT(2) 
PARAMETRIC_REPRESENTATION_CONTEXT() REPRESENTATION_CONTEXT('2D SPACE',''
  ) );
#3011 = PCURVE('',#2932,#3012);
#3012 = DEFINITIONAL_REPRESENTATION('',(#3013),#3017);
#3013 = CIRCLE('',#3014,2.2);
#3014 = AXIS2_PLACEMENT_2D('',#3015,#3016);
#3015 = CARTESIAN_POINT('',(0.,0.));
#3016 = DIRECTION('',(1.,0.));
#3017 = ( GEOMETRIC_REPRESENTATION_CONTEXT(2) 
PARAMETRIC_REPRESENTATION_CONTEXT() REPRESENTATION_CONTEXT('2D SPACE',''
  ) );
#3018 = ORIENTED_EDGE('',*,*,#2893,.F.);
#3019 = ORIENTED_EDGE('',*,*,#2061,.F.);
#3020 = ORIENTED_EDGE('',*,*,#2944,.T.);
#3021 = ADVANCED_FACE('',(#3022),#2021,.T.);
#3022 = FACE_BOUND('',#3023,.T.);
#3023 = EDGE_LOOP('',(#3024,#3025,#3026,#3027));
#3024 = ORIENTED_EDGE('',*,*,#2558,.T.);
#3025 = ORIENTED_EDGE('',*,*,#2417,.T.);
#3026 = ORIENTED_EDGE('',*,*,#2796,.T.);
#3027 = ORIENTED_EDGE('',*,*,#2005,.F.);
#3028 = ADVANCED_FACE('',(#3029),#2700,.T.);
#3029 = FACE_BOUND('',#3030,.T.);
#3030 = EDGE_LOOP('',(#3031,#3032));
#3031 = ORIENTED_EDGE('',*,*,#2684,.T.);
#3032 = ORIENTED_EDGE('',*,*,#2739,.F.);
#3033 = ADVANCED_FACE('',(#3034),#2932,.T.);
#3034 = FACE_BOUND('',#3035,.T.);
#3035 = EDGE_LOOP('',(#3036,#3037));
#3036 = ORIENTED_EDGE('',*,*,#2916,.F.);
#3037 = ORIENTED_EDGE('',*,*,#2997,.T.);
#3038 = ADVANCED_FACE('',(#3039),#2859,.T.);
#3039 = FACE_BOUND('',#3040,.T.);
#3040 = EDGE_LOOP('',(#3041,#3042));
#3041 = ORIENTED_EDGE('',*,*,#2843,.F.);
#3042 = ORIENTED_EDGE('',*,*,#2969,.T.);
#3043 = ( GEOMETRIC_REPRESENTATION_CONTEXT(3) 
GLOBAL_UNCERTAINTY_ASSIGNED_CONTEXT((#3047)) 
GLOBAL_UNIT_ASSIGNED_CONTEXT((#3044,#3045,#3046)) REPRESENTATION_CONTEXT
('Context #1','3D Context with UNIT and UNCERTAINTY') );
#3044 = ( LENGTH_UNIT() NAMED_UNIT(*) SI_UNIT(.MILLI.,.METRE.) );
#3045 = ( NAMED_UNIT(*) PLANE_ANGLE_UNIT() SI_UNIT($,.RADIAN.) );
#3046 = ( NAMED_UNIT(*) SI_UNIT($,.STERADIAN.) SOLID_ANGLE_UNIT() );
#3047 = UNCERTAINTY_MEASURE_WITH_UNIT(LENGTH_MEASURE(1.E-07),#3044,
  'distance_accuracy_value','confusion accuracy');
#3048 = CONTEXT_DEPENDENT_SHAPE_REPRESENTATION(#3049,#3051);
#3049 = ( REPRESENTATION_RELATIONSHIP('','',#1754,#1727) 
REPRESENTATION_RELATIONSHIP_WITH_TRANSFORMATION(#3050) 
SHAPE_REPRESENTATION_RELATIONSHIP() );
#3050 = ITEM_DEFINED_TRANSFORMATION('','',#11,#1728);
#3051 = PRODUCT_DEFINITION_SHAPE('Placement','Placement of an item',
  #3052);
#3052 = NEXT_ASSEMBLY_USAGE_OCCURRENCE('2','','',#1722,#1749,$);
#3053 = PRODUCT_RELATED_PRODUCT_CATEGORY('part',$,(#1751));
#3054 = SHAPE_DEFINITION_REPRESENTATION(#3055,#3061);
#3055 = PRODUCT_DEFINITION_SHAPE('','',#3056);
#3056 = PRODUCT_DEFINITION('design','',#3057,#3060);
#3057 = PRODUCT_DEFINITION_FORMATION('','',#3058);
#3058 = PRODUCT('Open CASCADE STEP translator 7.9 1.2.2',
  'Open CASCADE STEP translator 7.9 1.2.2','',(#3059));
#3059 = PRODUCT_CONTEXT('',#2,'mechanical');
#3060 = PRODUCT_DEFINITION_CONTEXT('part definition',#2,'design');
#3061 = ADVANCED_BREP_SHAPE_REPRESENTATION('',(#11,#3062),#4052);
#3062 = MANIFOLD_SOLID_BREP('',#3063);
#3063 = CLOSED_SHELL('',(#3064,#3184,#3260,#3336,#3422,#3498,#3584,#3660
    ,#3736,#3812,#3894,#3965,#4005,#4037));
#3064 = ADVANCED_FACE('',(#3065),#3079,.F.);
#3065 = FACE_BOUND('',#3066,.F.);
#3066 = EDGE_LOOP('',(#3067,#3102,#3130,#3158));
#3067 = ORIENTED_EDGE('',*,*,#3068,.F.);
#3068 = EDGE_CURVE('',#3069,#3071,#3073,.T.);
#3069 = VERTEX_POINT('',#3070);
#3070 = CARTESIAN_POINT('',(-37.,-227.,120.));
#3071 = VERTEX_POINT('',#3072);
#3072 = CARTESIAN_POINT('',(-37.,-225.9595917942,120.));
#3073 = SURFACE_CURVE('',#3074,(#3078,#3090),.PCURVE_S1.);
#3074 = LINE('',#3075,#3076);
#3075 = CARTESIAN_POINT('',(-37.,-227.,120.));
#3076 = VECTOR('',#3077,1.);
#3077 = DIRECTION('',(0.,1.,0.));
#3078 = PCURVE('',#3079,#3084);
#3079 = PLANE('',#3080);
#3080 = AXIS2_PLACEMENT_3D('',#3081,#3082,#3083);
#3081 = CARTESIAN_POINT('',(-37.,-227.,104.));
#3082 = DIRECTION('',(1.,0.,0.));
#3083 = DIRECTION('',(0.,0.,1.));
#3084 = DEFINITIONAL_REPRESENTATION('',(#3085),#3089);
#3085 = LINE('',#3086,#3087);
#3086 = CARTESIAN_POINT('',(16.,0.));
#3087 = VECTOR('',#3088,1.);
#3088 = DIRECTION('',(0.,-1.));
#3089 = ( GEOMETRIC_REPRESENTATION_CONTEXT(2) 
PARAMETRIC_REPRESENTATION_CONTEXT() REPRESENTATION_CONTEXT('2D SPACE',''
  ) );
#3090 = PCURVE('',#3091,#3096);
#3091 = PLANE('',#3092);
#3092 = AXIS2_PLACEMENT_3D('',#3093,#3094,#3095);
#3093 = CARTESIAN_POINT('',(-37.,-227.,120.));
#3094 = DIRECTION('',(0.,0.,1.));
#3095 = DIRECTION('',(1.,0.,0.));
#3096 = DEFINITIONAL_REPRESENTATION('',(#3097),#3101);
#3097 = LINE('',#3098,#3099);
#3098 = CARTESIAN_POINT('',(0.,0.));
#3099 = VECTOR('',#3100,1.);
#3100 = DIRECTION('',(0.,1.));
#3101 = ( GEOMETRIC_REPRESENTATION_CONTEXT(2) 
PARAMETRIC_REPRESENTATION_CONTEXT() REPRESENTATION_CONTEXT('2D SPACE',''
  ) );
#3102 = ORIENTED_EDGE('',*,*,#3103,.F.);
#3103 = EDGE_CURVE('',#3104,#3069,#3106,.T.);
#3104 = VERTEX_POINT('',#3105);
#3105 = CARTESIAN_POINT('',(-37.,-227.,104.));
#3106 = SURFACE_CURVE('',#3107,(#3111,#3118),.PCURVE_S1.);
#3107 = LINE('',#3108,#3109);
#3108 = CARTESIAN_POINT('',(-37.,-227.,104.));
#3109 = VECTOR('',#3110,1.);
#3110 = DIRECTION('',(0.,0.,1.));
#3111 = PCURVE('',#3079,#3112);
#3112 = DEFINITIONAL_REPRESENTATION('',(#3113),#3117);
#3113 = LINE('',#3114,#3115);
#3114 = CARTESIAN_POINT('',(0.,0.));
#3115 = VECTOR('',#3116,1.);
#3116 = DIRECTION('',(1.,0.));
#3117 = ( GEOMETRIC_REPRESENTATION_CONTEXT(2) 
PARAMETRIC_REPRESENTATION_CONTEXT() REPRESENTATION_CONTEXT('2D SPACE',''
  ) );
#3118 = PCURVE('',#3119,#3124);
#3119 = PLANE('',#3120);
#3120 = AXIS2_PLACEMENT_3D('',#3121,#3122,#3123);
#3121 = CARTESIAN_POINT('',(-37.,-227.,104.));
#3122 = DIRECTION('',(0.,1.,0.));
#3123 = DIRECTION('',(0.,0.,1.));
#3124 = DEFINITIONAL_REPRESENTATION('',(#3125),#3129);
#3125 = LINE('',#3126,#3127);
#3126 = CARTESIAN_POINT('',(0.,0.));
#3127 = VECTOR('',#3128,1.);
#3128 = DIRECTION('',(1.,0.));
#3129 = ( GEOMETRIC_REPRESENTATION_CONTEXT(2) 
PARAMETRIC_REPRESENTATION_CONTEXT() REPRESENTATION_CONTEXT('2D SPACE',''
  ) );
#3130 = ORIENTED_EDGE('',*,*,#3131,.T.);
#3131 = EDGE_CURVE('',#3104,#3132,#3134,.T.);
#3132 = VERTEX_POINT('',#3133);
#3133 = CARTESIAN_POINT('',(-37.,-225.9595917942,104.));
#3134 = SURFACE_CURVE('',#3135,(#3139,#3146),.PCURVE_S1.);
#3135 = LINE('',#3136,#3137);
#3136 = CARTESIAN_POINT('',(-37.,-227.,104.));
#3137 = VECTOR('',#3138,1.);
#3138 = DIRECTION('',(0.,1.,0.));
#3139 = PCURVE('',#3079,#3140);
#3140 = DEFINITIONAL_REPRESENTATION('',(#3141),#3145);
#3141 = LINE('',#3142,#3143);
#3142 = CARTESIAN_POINT('',(0.,0.));
#3143 = VECTOR('',#3144,1.);
#3144 = DIRECTION('',(0.,-1.));
#3145 = ( GEOMETRIC_REPRESENTATION_CONTEXT(2) 
PARAMETRIC_REPRESENTATION_CONTEXT() REPRESENTATION_CONTEXT('2D SPACE',''
  ) );
#3146 = PCURVE('',#3147,#3152);
#3147 = PLANE('',#3148);
#3148 = AXIS2_PLACEMENT_3D('',#3149,#3150,#3151);
#3149 = CARTESIAN_POINT('',(-37.,-227.,104.));
#3150 = DIRECTION('',(0.,0.,1.));
#3151 = DIRECTION('',(1.,0.,0.));
#3152 = DEFINITIONAL_REPRESENTATION('',(#3153),#3157);
#3153 = LINE('',#3154,#3155);
#3154 = CARTESIAN_POINT('',(0.,0.));
#3155 = VECTOR('',#3156,1.);
#3156 = DIRECTION('',(0.,1.));
#3157 = ( GEOMETRIC_REPRESENTATION_CONTEXT(2) 
PARAMETRIC_REPRESENTATION_CONTEXT() REPRESENTATION_CONTEXT('2D SPACE',''
  ) );
#3158 = ORIENTED_EDGE('',*,*,#3159,.F.);
#3159 = EDGE_CURVE('',#3071,#3132,#3160,.T.);
#3160 = SURFACE_CURVE('',#3161,(#3165,#3172),.PCURVE_S1.);
#3161 = LINE('',#3162,#3163);
#3162 = CARTESIAN_POINT('',(-37.,-225.9595917942,12.));
#3163 = VECTOR('',#3164,1.);
#3164 = DIRECTION('',(-0.,-0.,-1.));
#3165 = PCURVE('',#3079,#3166);
#3166 = DEFINITIONAL_REPRESENTATION('',(#3167),#3171);
#3167 = LINE('',#3168,#3169);
#3168 = CARTESIAN_POINT('',(-92.,-1.040408205773));
#3169 = VECTOR('',#3170,1.);
#3170 = DIRECTION('',(-1.,0.));
#3171 = ( GEOMETRIC_REPRESENTATION_CONTEXT(2) 
PARAMETRIC_REPRESENTATION_CONTEXT() REPRESENTATION_CONTEXT('2D SPACE',''
  ) );
#3172 = PCURVE('',#3173,#3178);
#3173 = CYLINDRICAL_SURFACE('',#3174,2.2);
#3174 = AXIS2_PLACEMENT_3D('',#3175,#3176,#3177);
#3175 = CARTESIAN_POINT('',(-38.,-224.,12.));
#3176 = DIRECTION('',(-0.,-0.,-1.));
#3177 = DIRECTION('',(1.,0.,0.));
#3178 = DEFINITIONAL_REPRESENTATION('',(#3179),#3183);
#3179 = LINE('',#3180,#3181);
#3180 = CARTESIAN_POINT('',(-5.184250817664,0.));
#3181 = VECTOR('',#3182,1.);
#3182 = DIRECTION('',(-0.,1.));
#3183 = ( GEOMETRIC_REPRESENTATION_CONTEXT(2) 
PARAMETRIC_REPRESENTATION_CONTEXT() REPRESENTATION_CONTEXT('2D SPACE',''
  ) );
#3184 = ADVANCED_FACE('',(#3185),#3119,.F.);
#3185 = FACE_BOUND('',#3186,.F.);
#3186 = EDGE_LOOP('',(#3187,#3210,#3211,#3234));
#3187 = ORIENTED_EDGE('',*,*,#3188,.F.);
#3188 = EDGE_CURVE('',#3104,#3189,#3191,.T.);
#3189 = VERTEX_POINT('',#3190);
#3190 = CARTESIAN_POINT('',(37.,-227.,104.));
#3191 = SURFACE_CURVE('',#3192,(#3196,#3203),.PCURVE_S1.);
#3192 = LINE('',#3193,#3194);
#3193 = CARTESIAN_POINT('',(-37.,-227.,104.));
#3194 = VECTOR('',#3195,1.);
#3195 = DIRECTION('',(1.,0.,0.));
#3196 = PCURVE('',#3119,#3197);
#3197 = DEFINITIONAL_REPRESENTATION('',(#3198),#3202);
#3198 = LINE('',#3199,#3200);
#3199 = CARTESIAN_POINT('',(0.,0.));
#3200 = VECTOR('',#3201,1.);
#3201 = DIRECTION('',(0.,1.));
#3202 = ( GEOMETRIC_REPRESENTATION_CONTEXT(2) 
PARAMETRIC_REPRESENTATION_CONTEXT() REPRESENTATION_CONTEXT('2D SPACE',''
  ) );
#3203 = PCURVE('',#3147,#3204);
#3204 = DEFINITIONAL_REPRESENTATION('',(#3205),#3209);
#3205 = LINE('',#3206,#3207);
#3206 = CARTESIAN_POINT('',(0.,0.));
#3207 = VECTOR('',#3208,1.);
#3208 = DIRECTION('',(1.,0.));
#3209 = ( GEOMETRIC_REPRESENTATION_CONTEXT(2) 
PARAMETRIC_REPRESENTATION_CONTEXT() REPRESENTATION_CONTEXT('2D SPACE',''
  ) );
#3210 = ORIENTED_EDGE('',*,*,#3103,.T.);
#3211 = ORIENTED_EDGE('',*,*,#3212,.T.);
#3212 = EDGE_CURVE('',#3069,#3213,#3215,.T.);
#3213 = VERTEX_POINT('',#3214);
#3214 = CARTESIAN_POINT('',(37.,-227.,120.));
#3215 = SURFACE_CURVE('',#3216,(#3220,#3227),.PCURVE_S1.);
#3216 = LINE('',#3217,#3218);
#3217 = CARTESIAN_POINT('',(-37.,-227.,120.));
#3218 = VECTOR('',#3219,1.);
#3219 = DIRECTION('',(1.,0.,0.));
#3220 = PCURVE('',#3119,#3221);
#3221 = DEFINITIONAL_REPRESENTATION('',(#3222),#3226);
#3222 = LINE('',#3223,#3224);
#3223 = CARTESIAN_POINT('',(16.,0.));
#3224 = VECTOR('',#3225,1.);
#3225 = DIRECTION('',(0.,1.));
#3226 = ( GEOMETRIC_REPRESENTATION_CONTEXT(2) 
PARAMETRIC_REPRESENTATION_CONTEXT() REPRESENTATION_CONTEXT('2D SPACE',''
  ) );
#3227 = PCURVE('',#3091,#3228);
#3228 = DEFINITIONAL_REPRESENTATION('',(#3229),#3233);
#3229 = LINE('',#3230,#3231);
#3230 = CARTESIAN_POINT('',(0.,0.));
#3231 = VECTOR('',#3232,1.);
#3232 = DIRECTION('',(1.,0.));
#3233 = ( GEOMETRIC_REPRESENTATION_CONTEXT(2) 
PARAMETRIC_REPRESENTATION_CONTEXT() REPRESENTATION_CONTEXT('2D SPACE',''
  ) );
#3234 = ORIENTED_EDGE('',*,*,#3235,.F.);
#3235 = EDGE_CURVE('',#3189,#3213,#3236,.T.);
#3236 = SURFACE_CURVE('',#3237,(#3241,#3248),.PCURVE_S1.);
#3237 = LINE('',#3238,#3239);
#3238 = CARTESIAN_POINT('',(37.,-227.,104.));
#3239 = VECTOR('',#3240,1.);
#3240 = DIRECTION('',(0.,0.,1.));
#3241 = PCURVE('',#3119,#3242);
#3242 = DEFINITIONAL_REPRESENTATION('',(#3243),#3247);
#3243 = LINE('',#3244,#3245);
#3244 = CARTESIAN_POINT('',(0.,74.));
#3245 = VECTOR('',#3246,1.);
#3246 = DIRECTION('',(1.,0.));
#3247 = ( GEOMETRIC_REPRESENTATION_CONTEXT(2) 
PARAMETRIC_REPRESENTATION_CONTEXT() REPRESENTATION_CONTEXT('2D SPACE',''
  ) );
#3248 = PCURVE('',#3249,#3254);
#3249 = PLANE('',#3250);
#3250 = AXIS2_PLACEMENT_3D('',#3251,#3252,#3253);
#3251 = CARTESIAN_POINT('',(37.,-227.,104.));
#3252 = DIRECTION('',(1.,0.,0.));
#3253 = DIRECTION('',(0.,0.,1.));
#3254 = DEFINITIONAL_REPRESENTATION('',(#3255),#3259);
#3255 = LINE('',#3256,#3257);
#3256 = CARTESIAN_POINT('',(0.,0.));
#3257 = VECTOR('',#3258,1.);
#3258 = DIRECTION('',(1.,0.));
#3259 = ( GEOMETRIC_REPRESENTATION_CONTEXT(2) 
PARAMETRIC_REPRESENTATION_CONTEXT() REPRESENTATION_CONTEXT('2D SPACE',''
  ) );
#3260 = ADVANCED_FACE('',(#3261),#3249,.T.);
#3261 = FACE_BOUND('',#3262,.T.);
#3262 = EDGE_LOOP('',(#3263,#3286,#3287,#3310));
#3263 = ORIENTED_EDGE('',*,*,#3264,.F.);
#3264 = EDGE_CURVE('',#3213,#3265,#3267,.T.);
#3265 = VERTEX_POINT('',#3266);
#3266 = CARTESIAN_POINT('',(37.,-225.9595917942,120.));
#3267 = SURFACE_CURVE('',#3268,(#3272,#3279),.PCURVE_S1.);
#3268 = LINE('',#3269,#3270);
#3269 = CARTESIAN_POINT('',(37.,-227.,120.));
#3270 = VECTOR('',#3271,1.);
#3271 = DIRECTION('',(0.,1.,0.));
#3272 = PCURVE('',#3249,#3273);
#3273 = DEFINITIONAL_REPRESENTATION('',(#3274),#3278);
#3274 = LINE('',#3275,#3276);
#3275 = CARTESIAN_POINT('',(16.,0.));
#3276 = VECTOR('',#3277,1.);
#3277 = DIRECTION('',(0.,-1.));
#3278 = ( GEOMETRIC_REPRESENTATION_CONTEXT(2) 
PARAMETRIC_REPRESENTATION_CONTEXT() REPRESENTATION_CONTEXT('2D SPACE',''
  ) );
#3279 = PCURVE('',#3091,#3280);
#3280 = DEFINITIONAL_REPRESENTATION('',(#3281),#3285);
#3281 = LINE('',#3282,#3283);
#3282 = CARTESIAN_POINT('',(74.,0.));
#3283 = VECTOR('',#3284,1.);
#3284 = DIRECTION('',(0.,1.));
#3285 = ( GEOMETRIC_REPRESENTATION_CONTEXT(2) 
PARAMETRIC_REPRESENTATION_CONTEXT() REPRESENTATION_CONTEXT('2D SPACE',''
  ) );
#3286 = ORIENTED_EDGE('',*,*,#3235,.F.);
#3287 = ORIENTED_EDGE('',*,*,#3288,.T.);
#3288 = EDGE_CURVE('',#3189,#3289,#3291,.T.);
#3289 = VERTEX_POINT('',#3290);
#3290 = CARTESIAN_POINT('',(37.,-225.9595917942,104.));
#3291 = SURFACE_CURVE('',#3292,(#3296,#3303),.PCURVE_S1.);
#3292 = LINE('',#3293,#3294);
#3293 = CARTESIAN_POINT('',(37.,-227.,104.));
#3294 = VECTOR('',#3295,1.);
#3295 = DIRECTION('',(0.,1.,0.));
#3296 = PCURVE('',#3249,#3297);
#3297 = DEFINITIONAL_REPRESENTATION('',(#3298),#3302);
#3298 = LINE('',#3299,#3300);
#3299 = CARTESIAN_POINT('',(0.,0.));
#3300 = VECTOR('',#3301,1.);
#3301 = DIRECTION('',(0.,-1.));
#3302 = ( GEOMETRIC_REPRESENTATION_CONTEXT(2) 
PARAMETRIC_REPRESENTATION_CONTEXT() REPRESENTATION_CONTEXT('2D SPACE',''
  ) );
#3303 = PCURVE('',#3147,#3304);
#3304 = DEFINITIONAL_REPRESENTATION('',(#3305),#3309);
#3305 = LINE('',#3306,#3307);
#3306 = CARTESIAN_POINT('',(74.,0.));
#3307 = VECTOR('',#3308,1.);
#3308 = DIRECTION('',(0.,1.));
#3309 = ( GEOMETRIC_REPRESENTATION_CONTEXT(2) 
PARAMETRIC_REPRESENTATION_CONTEXT() REPRESENTATION_CONTEXT('2D SPACE',''
  ) );
#3310 = ORIENTED_EDGE('',*,*,#3311,.F.);
#3311 = EDGE_CURVE('',#3265,#3289,#3312,.T.);
#3312 = SURFACE_CURVE('',#3313,(#3317,#3324),.PCURVE_S1.);
#3313 = LINE('',#3314,#3315);
#3314 = CARTESIAN_POINT('',(37.,-225.9595917942,12.));
#3315 = VECTOR('',#3316,1.);
#3316 = DIRECTION('',(-0.,-0.,-1.));
#3317 = PCURVE('',#3249,#3318);
#3318 = DEFINITIONAL_REPRESENTATION('',(#3319),#3323);
#3319 = LINE('',#3320,#3321);
#3320 = CARTESIAN_POINT('',(-92.,-1.040408205773));
#3321 = VECTOR('',#3322,1.);
#3322 = DIRECTION('',(-1.,0.));
#3323 = ( GEOMETRIC_REPRESENTATION_CONTEXT(2) 
PARAMETRIC_REPRESENTATION_CONTEXT() REPRESENTATION_CONTEXT('2D SPACE',''
  ) );
#3324 = PCURVE('',#3325,#3330);
#3325 = CYLINDRICAL_SURFACE('',#3326,2.2);
#3326 = AXIS2_PLACEMENT_3D('',#3327,#3328,#3329);
#3327 = CARTESIAN_POINT('',(38.,-224.,12.));
#3328 = DIRECTION('',(-0.,-0.,-1.));
#3329 = DIRECTION('',(1.,0.,0.));
#3330 = DEFINITIONAL_REPRESENTATION('',(#3331),#3335);
#3331 = LINE('',#3332,#3333);
#3332 = CARTESIAN_POINT('',(-4.240527143105,0.));
#3333 = VECTOR('',#3334,1.);
#3334 = DIRECTION('',(-0.,1.));
#3335 = ( GEOMETRIC_REPRESENTATION_CONTEXT(2) 
PARAMETRIC_REPRESENTATION_CONTEXT() REPRESENTATION_CONTEXT('2D SPACE',''
  ) );
#3336 = ADVANCED_FACE('',(#3337),#3325,.F.);
#3337 = FACE_BOUND('',#3338,.T.);
#3338 = EDGE_LOOP('',(#3339,#3369,#3395,#3396));
#3339 = ORIENTED_EDGE('',*,*,#3340,.F.);
#3340 = EDGE_CURVE('',#3341,#3343,#3345,.T.);
#3341 = VERTEX_POINT('',#3342);
#3342 = CARTESIAN_POINT('',(37.,-222.0404082057,120.));
#3343 = VERTEX_POINT('',#3344);
#3344 = CARTESIAN_POINT('',(37.,-222.0404082057,104.));
#3345 = SURFACE_CURVE('',#3346,(#3350,#3357),.PCURVE_S1.);
#3346 = LINE('',#3347,#3348);
#3347 = CARTESIAN_POINT('',(37.,-222.0404082057,12.));
#3348 = VECTOR('',#3349,1.);
#3349 = DIRECTION('',(-0.,-0.,-1.));
#3350 = PCURVE('',#3325,#3351);
#3351 = DEFINITIONAL_REPRESENTATION('',(#3352),#3356);
#3352 = LINE('',#3353,#3354);
#3353 = CARTESIAN_POINT('',(-2.042658164075,0.));
#3354 = VECTOR('',#3355,1.);
#3355 = DIRECTION('',(-0.,1.));
#3356 = ( GEOMETRIC_REPRESENTATION_CONTEXT(2) 
PARAMETRIC_REPRESENTATION_CONTEXT() REPRESENTATION_CONTEXT('2D SPACE',''
  ) );
#3357 = PCURVE('',#3358,#3363);
#3358 = PLANE('',#3359);
#3359 = AXIS2_PLACEMENT_3D('',#3360,#3361,#3362);
#3360 = CARTESIAN_POINT('',(37.,-227.,104.));
#3361 = DIRECTION('',(1.,0.,0.));
#3362 = DIRECTION('',(0.,0.,1.));
#3363 = DEFINITIONAL_REPRESENTATION('',(#3364),#3368);
#3364 = LINE('',#3365,#3366);
#3365 = CARTESIAN_POINT('',(-92.,-4.959591794227));
#3366 = VECTOR('',#3367,1.);
#3367 = DIRECTION('',(-1.,0.));
#3368 = ( GEOMETRIC_REPRESENTATION_CONTEXT(2) 
PARAMETRIC_REPRESENTATION_CONTEXT() REPRESENTATION_CONTEXT('2D SPACE',''
  ) );
#3369 = ORIENTED_EDGE('',*,*,#3370,.F.);
#3370 = EDGE_CURVE('',#3265,#3341,#3371,.T.);
#3371 = SURFACE_CURVE('',#3372,(#3377,#3384),.PCURVE_S1.);
#3372 = CIRCLE('',#3373,2.2);
#3373 = AXIS2_PLACEMENT_3D('',#3374,#3375,#3376);
#3374 = CARTESIAN_POINT('',(38.,-224.,120.));
#3375 = DIRECTION('',(0.,0.,-1.));
#3376 = DIRECTION('',(1.,0.,0.));
#3377 = PCURVE('',#3325,#3378);
#3378 = DEFINITIONAL_REPRESENTATION('',(#3379),#3383);
#3379 = LINE('',#3380,#3381);
#3380 = CARTESIAN_POINT('',(-6.28318530718,-108.));
#3381 = VECTOR('',#3382,1.);
#3382 = DIRECTION('',(1.,-0.));
#3383 = ( GEOMETRIC_REPRESENTATION_CONTEXT(2) 
PARAMETRIC_REPRESENTATION_CONTEXT() REPRESENTATION_CONTEXT('2D SPACE',''
  ) );
#3384 = PCURVE('',#3091,#3385);
#3385 = DEFINITIONAL_REPRESENTATION('',(#3386),#3394);
#3386 = ( BOUNDED_CURVE() B_SPLINE_CURVE(2,(#3387,#3388,#3389,#3390,
#3391,#3392,#3393),.UNSPECIFIED.,.T.,.F.) B_SPLINE_CURVE_WITH_KNOTS((1,2
    ,2,2,2,1),(-2.094395102393,0.,2.094395102393,4.188790204786,
6.28318530718,8.377580409573),.UNSPECIFIED.) CURVE() 
GEOMETRIC_REPRESENTATION_ITEM() RATIONAL_B_SPLINE_CURVE((1.,0.5,1.,0.5,
1.,0.5,1.)) REPRESENTATION_ITEM('') );
#3387 = CARTESIAN_POINT('',(77.2,3.));
#3388 = CARTESIAN_POINT('',(77.2,-0.810511776652));
#3389 = CARTESIAN_POINT('',(73.9,1.094744111674));
#3390 = CARTESIAN_POINT('',(70.6,3.));
#3391 = CARTESIAN_POINT('',(73.9,4.905255888326));
#3392 = CARTESIAN_POINT('',(77.2,6.810511776652));
#3393 = CARTESIAN_POINT('',(77.2,3.));
#3394 = ( GEOMETRIC_REPRESENTATION_CONTEXT(2) 
PARAMETRIC_REPRESENTATION_CONTEXT() REPRESENTATION_CONTEXT('2D SPACE',''
  ) );
#3395 = ORIENTED_EDGE('',*,*,#3311,.T.);
#3396 = ORIENTED_EDGE('',*,*,#3397,.T.);
#3397 = EDGE_CURVE('',#3289,#3343,#3398,.T.);
#3398 = SURFACE_CURVE('',#3399,(#3404,#3411),.PCURVE_S1.);
#3399 = CIRCLE('',#3400,2.2);
#3400 = AXIS2_PLACEMENT_3D('',#3401,#3402,#3403);
#3401 = CARTESIAN_POINT('',(38.,-224.,104.));
#3402 = DIRECTION('',(0.,0.,-1.));
#3403 = DIRECTION('',(1.,0.,0.));
#3404 = PCURVE('',#3325,#3405);
#3405 = DEFINITIONAL_REPRESENTATION('',(#3406),#3410);
#3406 = LINE('',#3407,#3408);
#3407 = CARTESIAN_POINT('',(-6.28318530718,-92.));
#3408 = VECTOR('',#3409,1.);
#3409 = DIRECTION('',(1.,-0.));
#3410 = ( GEOMETRIC_REPRESENTATION_CONTEXT(2) 
PARAMETRIC_REPRESENTATION_CONTEXT() REPRESENTATION_CONTEXT('2D SPACE',''
  ) );
#3411 = PCURVE('',#3147,#3412);
#3412 = DEFINITIONAL_REPRESENTATION('',(#3413),#3421);
#3413 = ( BOUNDED_CURVE() B_SPLINE_CURVE(2,(#3414,#3415,#3416,#3417,
#3418,#3419,#3420),.UNSPECIFIED.,.T.,.F.) B_SPLINE_CURVE_WITH_KNOTS((1,2
    ,2,2,2,1),(-2.094395102393,0.,2.094395102393,4.188790204786,
6.28318530718,8.377580409573),.UNSPECIFIED.) CURVE() 
GEOMETRIC_REPRESENTATION_ITEM() RATIONAL_B_SPLINE_CURVE((1.,0.5,1.,0.5,
1.,0.5,1.)) REPRESENTATION_ITEM('') );
#3414 = CARTESIAN_POINT('',(77.2,3.));
#3415 = CARTESIAN_POINT('',(77.2,-0.810511776652));
#3416 = CARTESIAN_POINT('',(73.9,1.094744111674));
#3417 = CARTESIAN_POINT('',(70.6,3.));
#3418 = CARTESIAN_POINT('',(73.9,4.905255888326));
#3419 = CARTESIAN_POINT('',(77.2,6.810511776652));
#3420 = CARTESIAN_POINT('',(77.2,3.));
#3421 = ( GEOMETRIC_REPRESENTATION_CONTEXT(2) 
PARAMETRIC_REPRESENTATION_CONTEXT() REPRESENTATION_CONTEXT('2D SPACE',''
  ) );
#3422 = ADVANCED_FACE('',(#3423),#3358,.T.);
#3423 = FACE_BOUND('',#3424,.T.);
#3424 = EDGE_LOOP('',(#3425,#3448,#3449,#3472));
#3425 = ORIENTED_EDGE('',*,*,#3426,.F.);
#3426 = EDGE_CURVE('',#3341,#3427,#3429,.T.);
#3427 = VERTEX_POINT('',#3428);
#3428 = CARTESIAN_POINT('',(37.,-177.9595917942,120.));
#3429 = SURFACE_CURVE('',#3430,(#3434,#3441),.PCURVE_S1.);
#3430 = LINE('',#3431,#3432);
#3431 = CARTESIAN_POINT('',(37.,-227.,120.));
#3432 = VECTOR('',#3433,1.);
#3433 = DIRECTION('',(0.,1.,0.));
#3434 = PCURVE('',#3358,#3435);
#3435 = DEFINITIONAL_REPRESENTATION('',(#3436),#3440);
#3436 = LINE('',#3437,#3438);
#3437 = CARTESIAN_POINT('',(16.,0.));
#3438 = VECTOR('',#3439,1.);
#3439 = DIRECTION('',(0.,-1.));
#3440 = ( GEOMETRIC_REPRESENTATION_CONTEXT(2) 
PARAMETRIC_REPRESENTATION_CONTEXT() REPRESENTATION_CONTEXT('2D SPACE',''
  ) );
#3441 = PCURVE('',#3091,#3442);
#3442 = DEFINITIONAL_REPRESENTATION('',(#3443),#3447);
#3443 = LINE('',#3444,#3445);
#3444 = CARTESIAN_POINT('',(74.,0.));
#3445 = VECTOR('',#3446,1.);
#3446 = DIRECTION('',(0.,1.));
#3447 = ( GEOMETRIC_REPRESENTATION_CONTEXT(2) 
PARAMETRIC_REPRESENTATION_CONTEXT() REPRESENTATION_CONTEXT('2D SPACE',''
  ) );
#3448 = ORIENTED_EDGE('',*,*,#3340,.T.);
#3449 = ORIENTED_EDGE('',*,*,#3450,.T.);
#3450 = EDGE_CURVE('',#3343,#3451,#3453,.T.);
#3451 = VERTEX_POINT('',#3452);
#3452 = CARTESIAN_POINT('',(37.,-177.9595917942,104.));
#3453 = SURFACE_CURVE('',#3454,(#3458,#3465),.PCURVE_S1.);
#3454 = LINE('',#3455,#3456);
#3455 = CARTESIAN_POINT('',(37.,-227.,104.));
#3456 = VECTOR('',#3457,1.);
#3457 = DIRECTION('',(0.,1.,0.));
#3458 = PCURVE('',#3358,#3459);
#3459 = DEFINITIONAL_REPRESENTATION('',(#3460),#3464);
#3460 = LINE('',#3461,#3462);
#3461 = CARTESIAN_POINT('',(0.,0.));
#3462 = VECTOR('',#3463,1.);
#3463 = DIRECTION('',(0.,-1.));
#3464 = ( GEOMETRIC_REPRESENTATION_CONTEXT(2) 
PARAMETRIC_REPRESENTATION_CONTEXT() REPRESENTATION_CONTEXT('2D SPACE',''
  ) );
#3465 = PCURVE('',#3147,#3466);
#3466 = DEFINITIONAL_REPRESENTATION('',(#3467),#3471);
#3467 = LINE('',#3468,#3469);
#3468 = CARTESIAN_POINT('',(74.,0.));
#3469 = VECTOR('',#3470,1.);
#3470 = DIRECTION('',(0.,1.));
#3471 = ( GEOMETRIC_REPRESENTATION_CONTEXT(2) 
PARAMETRIC_REPRESENTATION_CONTEXT() REPRESENTATION_CONTEXT('2D SPACE',''
  ) );
#3472 = ORIENTED_EDGE('',*,*,#3473,.F.);
#3473 = EDGE_CURVE('',#3427,#3451,#3474,.T.);
#3474 = SURFACE_CURVE('',#3475,(#3479,#3486),.PCURVE_S1.);
#3475 = LINE('',#3476,#3477);
#3476 = CARTESIAN_POINT('',(37.,-177.9595917942,12.));
#3477 = VECTOR('',#3478,1.);
#3478 = DIRECTION('',(-0.,-0.,-1.));
#3479 = PCURVE('',#3358,#3480);
#3480 = DEFINITIONAL_REPRESENTATION('',(#3481),#3485);
#3481 = LINE('',#3482,#3483);
#3482 = CARTESIAN_POINT('',(-92.,-49.04040820577));
#3483 = VECTOR('',#3484,1.);
#3484 = DIRECTION('',(-1.,0.));
#3485 = ( GEOMETRIC_REPRESENTATION_CONTEXT(2) 
PARAMETRIC_REPRESENTATION_CONTEXT() REPRESENTATION_CONTEXT('2D SPACE',''
  ) );
#3486 = PCURVE('',#3487,#3492);
#3487 = CYLINDRICAL_SURFACE('',#3488,2.2);
#3488 = AXIS2_PLACEMENT_3D('',#3489,#3490,#3491);
#3489 = CARTESIAN_POINT('',(38.,-176.,12.));
#3490 = DIRECTION('',(-0.,-0.,-1.));
#3491 = DIRECTION('',(1.,0.,0.));
#3492 = DEFINITIONAL_REPRESENTATION('',(#3493),#3497);
#3493 = LINE('',#3494,#3495);
#3494 = CARTESIAN_POINT('',(-4.240527143105,0.));
#3495 = VECTOR('',#3496,1.);
#3496 = DIRECTION('',(-0.,1.));
#3497 = ( GEOMETRIC_REPRESENTATION_CONTEXT(2) 
PARAMETRIC_REPRESENTATION_CONTEXT() REPRESENTATION_CONTEXT('2D SPACE',''
  ) );
#3498 = ADVANCED_FACE('',(#3499),#3487,.F.);
#3499 = FACE_BOUND('',#3500,.T.);
#3500 = EDGE_LOOP('',(#3501,#3531,#3557,#3558));
#3501 = ORIENTED_EDGE('',*,*,#3502,.F.);
#3502 = EDGE_CURVE('',#3503,#3505,#3507,.T.);
#3503 = VERTEX_POINT('',#3504);
#3504 = CARTESIAN_POINT('',(37.,-174.0404082057,120.));
#3505 = VERTEX_POINT('',#3506);
#3506 = CARTESIAN_POINT('',(37.,-174.0404082057,104.));
#3507 = SURFACE_CURVE('',#3508,(#3512,#3519),.PCURVE_S1.);
#3508 = LINE('',#3509,#3510);
#3509 = CARTESIAN_POINT('',(37.,-174.0404082057,12.));
#3510 = VECTOR('',#3511,1.);
#3511 = DIRECTION('',(-0.,-0.,-1.));
#3512 = PCURVE('',#3487,#3513);
#3513 = DEFINITIONAL_REPRESENTATION('',(#3514),#3518);
#3514 = LINE('',#3515,#3516);
#3515 = CARTESIAN_POINT('',(-2.042658164075,0.));
#3516 = VECTOR('',#3517,1.);
#3517 = DIRECTION('',(-0.,1.));
#3518 = ( GEOMETRIC_REPRESENTATION_CONTEXT(2) 
PARAMETRIC_REPRESENTATION_CONTEXT() REPRESENTATION_CONTEXT('2D SPACE',''
  ) );
#3519 = PCURVE('',#3520,#3525);
#3520 = PLANE('',#3521);
#3521 = AXIS2_PLACEMENT_3D('',#3522,#3523,#3524);
#3522 = CARTESIAN_POINT('',(37.,-227.,104.));
#3523 = DIRECTION('',(1.,0.,0.));
#3524 = DIRECTION('',(0.,0.,1.));
#3525 = DEFINITIONAL_REPRESENTATION('',(#3526),#3530);
#3526 = LINE('',#3527,#3528);
#3527 = CARTESIAN_POINT('',(-92.,-52.95959179422));
#3528 = VECTOR('',#3529,1.);
#3529 = DIRECTION('',(-1.,0.));
#3530 = ( GEOMETRIC_REPRESENTATION_CONTEXT(2) 
PARAMETRIC_REPRESENTATION_CONTEXT() REPRESENTATION_CONTEXT('2D SPACE',''
  ) );
#3531 = ORIENTED_EDGE('',*,*,#3532,.F.);
#3532 = EDGE_CURVE('',#3427,#3503,#3533,.T.);
#3533 = SURFACE_CURVE('',#3534,(#3539,#3546),.PCURVE_S1.);
#3534 = CIRCLE('',#3535,2.2);
#3535 = AXIS2_PLACEMENT_3D('',#3536,#3537,#3538);
#3536 = CARTESIAN_POINT('',(38.,-176.,120.));
#3537 = DIRECTION('',(0.,0.,-1.));
#3538 = DIRECTION('',(1.,0.,0.));
#3539 = PCURVE('',#3487,#3540);
#3540 = DEFINITIONAL_REPRESENTATION('',(#3541),#3545);
#3541 = LINE('',#3542,#3543);
#3542 = CARTESIAN_POINT('',(-6.28318530718,-108.));
#3543 = VECTOR('',#3544,1.);
#3544 = DIRECTION('',(1.,-0.));
#3545 = ( GEOMETRIC_REPRESENTATION_CONTEXT(2) 
PARAMETRIC_REPRESENTATION_CONTEXT() REPRESENTATION_CONTEXT('2D SPACE',''
  ) );
#3546 = PCURVE('',#3091,#3547);
#3547 = DEFINITIONAL_REPRESENTATION('',(#3548),#3556);
#3548 = ( BOUNDED_CURVE() B_SPLINE_CURVE(2,(#3549,#3550,#3551,#3552,
#3553,#3554,#3555),.UNSPECIFIED.,.T.,.F.) B_SPLINE_CURVE_WITH_KNOTS((1,2
    ,2,2,2,1),(-2.094395102393,0.,2.094395102393,4.188790204786,
6.28318530718,8.377580409573),.UNSPECIFIED.) CURVE() 
GEOMETRIC_REPRESENTATION_ITEM() RATIONAL_B_SPLINE_CURVE((1.,0.5,1.,0.5,
1.,0.5,1.)) REPRESENTATION_ITEM('') );
#3549 = CARTESIAN_POINT('',(77.2,51.));
#3550 = CARTESIAN_POINT('',(77.2,47.189488223348));
#3551 = CARTESIAN_POINT('',(73.9,49.094744111674));
#3552 = CARTESIAN_POINT('',(70.6,51.));
#3553 = CARTESIAN_POINT('',(73.9,52.905255888326));
#3554 = CARTESIAN_POINT('',(77.2,54.810511776652));
#3555 = CARTESIAN_POINT('',(77.2,51.));
#3556 = ( GEOMETRIC_REPRESENTATION_CONTEXT(2) 
PARAMETRIC_REPRESENTATION_CONTEXT() REPRESENTATION_CONTEXT('2D SPACE',''
  ) );
#3557 = ORIENTED_EDGE('',*,*,#3473,.T.);
#3558 = ORIENTED_EDGE('',*,*,#3559,.T.);
#3559 = EDGE_CURVE('',#3451,#3505,#3560,.T.);
#3560 = SURFACE_CURVE('',#3561,(#3566,#3573),.PCURVE_S1.);
#3561 = CIRCLE('',#3562,2.2);
#3562 = AXIS2_PLACEMENT_3D('',#3563,#3564,#3565);
#3563 = CARTESIAN_POINT('',(38.,-176.,104.));
#3564 = DIRECTION('',(0.,0.,-1.));
#3565 = DIRECTION('',(1.,0.,0.));
#3566 = PCURVE('',#3487,#3567);
#3567 = DEFINITIONAL_REPRESENTATION('',(#3568),#3572);
#3568 = LINE('',#3569,#3570);
#3569 = CARTESIAN_POINT('',(-6.28318530718,-92.));
#3570 = VECTOR('',#3571,1.);
#3571 = DIRECTION('',(1.,-0.));
#3572 = ( GEOMETRIC_REPRESENTATION_CONTEXT(2) 
PARAMETRIC_REPRESENTATION_CONTEXT() REPRESENTATION_CONTEXT('2D SPACE',''
  ) );
#3573 = PCURVE('',#3147,#3574);
#3574 = DEFINITIONAL_REPRESENTATION('',(#3575),#3583);
#3575 = ( BOUNDED_CURVE() B_SPLINE_CURVE(2,(#3576,#3577,#3578,#3579,
#3580,#3581,#3582),.UNSPECIFIED.,.T.,.F.) B_SPLINE_CURVE_WITH_KNOTS((1,2
    ,2,2,2,1),(-2.094395102393,0.,2.094395102393,4.188790204786,
6.28318530718,8.377580409573),.UNSPECIFIED.) CURVE() 
GEOMETRIC_REPRESENTATION_ITEM() RATIONAL_B_SPLINE_CURVE((1.,0.5,1.,0.5,
1.,0.5,1.)) REPRESENTATION_ITEM('') );
#3576 = CARTESIAN_POINT('',(77.2,51.));
#3577 = CARTESIAN_POINT('',(77.2,47.189488223348));
#3578 = CARTESIAN_POINT('',(73.9,49.094744111674));
#3579 = CARTESIAN_POINT('',(70.6,51.));
#3580 = CARTESIAN_POINT('',(73.9,52.905255888326));
#3581 = CARTESIAN_POINT('',(77.2,54.810511776652));
#3582 = CARTESIAN_POINT('',(77.2,51.));
#3583 = ( GEOMETRIC_REPRESENTATION_CONTEXT(2) 
PARAMETRIC_REPRESENTATION_CONTEXT() REPRESENTATION_CONTEXT('2D SPACE',''
  ) );
#3584 = ADVANCED_FACE('',(#3585),#3520,.T.);
#3585 = FACE_BOUND('',#3586,.T.);
#3586 = EDGE_LOOP('',(#3587,#3610,#3611,#3634));
#3587 = ORIENTED_EDGE('',*,*,#3588,.F.);
#3588 = EDGE_CURVE('',#3503,#3589,#3591,.T.);
#3589 = VERTEX_POINT('',#3590);
#3590 = CARTESIAN_POINT('',(37.,-173.,120.));
#3591 = SURFACE_CURVE('',#3592,(#3596,#3603),.PCURVE_S1.);
#3592 = LINE('',#3593,#3594);
#3593 = CARTESIAN_POINT('',(37.,-227.,120.));
#3594 = VECTOR('',#3595,1.);
#3595 = DIRECTION('',(0.,1.,0.));
#3596 = PCURVE('',#3520,#3597);
#3597 = DEFINITIONAL_REPRESENTATION('',(#3598),#3602);
#3598 = LINE('',#3599,#3600);
#3599 = CARTESIAN_POINT('',(16.,0.));
#3600 = VECTOR('',#3601,1.);
#3601 = DIRECTION('',(0.,-1.));
#3602 = ( GEOMETRIC_REPRESENTATION_CONTEXT(2) 
PARAMETRIC_REPRESENTATION_CONTEXT() REPRESENTATION_CONTEXT('2D SPACE',''
  ) );
#3603 = PCURVE('',#3091,#3604);
#3604 = DEFINITIONAL_REPRESENTATION('',(#3605),#3609);
#3605 = LINE('',#3606,#3607);
#3606 = CARTESIAN_POINT('',(74.,0.));
#3607 = VECTOR('',#3608,1.);
#3608 = DIRECTION('',(0.,1.));
#3609 = ( GEOMETRIC_REPRESENTATION_CONTEXT(2) 
PARAMETRIC_REPRESENTATION_CONTEXT() REPRESENTATION_CONTEXT('2D SPACE',''
  ) );
#3610 = ORIENTED_EDGE('',*,*,#3502,.T.);
#3611 = ORIENTED_EDGE('',*,*,#3612,.T.);
#3612 = EDGE_CURVE('',#3505,#3613,#3615,.T.);
#3613 = VERTEX_POINT('',#3614);
#3614 = CARTESIAN_POINT('',(37.,-173.,104.));
#3615 = SURFACE_CURVE('',#3616,(#3620,#3627),.PCURVE_S1.);
#3616 = LINE('',#3617,#3618);
#3617 = CARTESIAN_POINT('',(37.,-227.,104.));
#3618 = VECTOR('',#3619,1.);
#3619 = DIRECTION('',(0.,1.,0.));
#3620 = PCURVE('',#3520,#3621);
#3621 = DEFINITIONAL_REPRESENTATION('',(#3622),#3626);
#3622 = LINE('',#3623,#3624);
#3623 = CARTESIAN_POINT('',(0.,0.));
#3624 = VECTOR('',#3625,1.);
#3625 = DIRECTION('',(0.,-1.));
#3626 = ( GEOMETRIC_REPRESENTATION_CONTEXT(2) 
PARAMETRIC_REPRESENTATION_CONTEXT() REPRESENTATION_CONTEXT('2D SPACE',''
  ) );
#3627 = PCURVE('',#3147,#3628);
#3628 = DEFINITIONAL_REPRESENTATION('',(#3629),#3633);
#3629 = LINE('',#3630,#3631);
#3630 = CARTESIAN_POINT('',(74.,0.));
#3631 = VECTOR('',#3632,1.);
#3632 = DIRECTION('',(0.,1.));
#3633 = ( GEOMETRIC_REPRESENTATION_CONTEXT(2) 
PARAMETRIC_REPRESENTATION_CONTEXT() REPRESENTATION_CONTEXT('2D SPACE',''
  ) );
#3634 = ORIENTED_EDGE('',*,*,#3635,.T.);
#3635 = EDGE_CURVE('',#3613,#3589,#3636,.T.);
#3636 = SURFACE_CURVE('',#3637,(#3641,#3648),.PCURVE_S1.);
#3637 = LINE('',#3638,#3639);
#3638 = CARTESIAN_POINT('',(37.,-173.,104.));
#3639 = VECTOR('',#3640,1.);
#3640 = DIRECTION('',(0.,0.,1.));
#3641 = PCURVE('',#3520,#3642);
#3642 = DEFINITIONAL_REPRESENTATION('',(#3643),#3647);
#3643 = LINE('',#3644,#3645);
#3644 = CARTESIAN_POINT('',(0.,-54.));
#3645 = VECTOR('',#3646,1.);
#3646 = DIRECTION('',(1.,0.));
#3647 = ( GEOMETRIC_REPRESENTATION_CONTEXT(2) 
PARAMETRIC_REPRESENTATION_CONTEXT() REPRESENTATION_CONTEXT('2D SPACE',''
  ) );
#3648 = PCURVE('',#3649,#3654);
#3649 = PLANE('',#3650);
#3650 = AXIS2_PLACEMENT_3D('',#3651,#3652,#3653);
#3651 = CARTESIAN_POINT('',(-37.,-173.,104.));
#3652 = DIRECTION('',(0.,1.,0.));
#3653 = DIRECTION('',(0.,0.,1.));
#3654 = DEFINITIONAL_REPRESENTATION('',(#3655),#3659);
#3655 = LINE('',#3656,#3657);
#3656 = CARTESIAN_POINT('',(0.,74.));
#3657 = VECTOR('',#3658,1.);
#3658 = DIRECTION('',(1.,0.));
#3659 = ( GEOMETRIC_REPRESENTATION_CONTEXT(2) 
PARAMETRIC_REPRESENTATION_CONTEXT() REPRESENTATION_CONTEXT('2D SPACE',''
  ) );
#3660 = ADVANCED_FACE('',(#3661),#3649,.T.);
#3661 = FACE_BOUND('',#3662,.T.);
#3662 = EDGE_LOOP('',(#3663,#3686,#3714,#3735));
#3663 = ORIENTED_EDGE('',*,*,#3664,.F.);
#3664 = EDGE_CURVE('',#3665,#3613,#3667,.T.);
#3665 = VERTEX_POINT('',#3666);
#3666 = CARTESIAN_POINT('',(-37.,-173.,104.));
#3667 = SURFACE_CURVE('',#3668,(#3672,#3679),.PCURVE_S1.);
#3668 = LINE('',#3669,#3670);
#3669 = CARTESIAN_POINT('',(-37.,-173.,104.));
#3670 = VECTOR('',#3671,1.);
#3671 = DIRECTION('',(1.,0.,0.));
#3672 = PCURVE('',#3649,#3673);
#3673 = DEFINITIONAL_REPRESENTATION('',(#3674),#3678);
#3674 = LINE('',#3675,#3676);
#3675 = CARTESIAN_POINT('',(0.,0.));
#3676 = VECTOR('',#3677,1.);
#3677 = DIRECTION('',(0.,1.));
#3678 = ( GEOMETRIC_REPRESENTATION_CONTEXT(2) 
PARAMETRIC_REPRESENTATION_CONTEXT() REPRESENTATION_CONTEXT('2D SPACE',''
  ) );
#3679 = PCURVE('',#3147,#3680);
#3680 = DEFINITIONAL_REPRESENTATION('',(#3681),#3685);
#3681 = LINE('',#3682,#3683);
#3682 = CARTESIAN_POINT('',(0.,54.));
#3683 = VECTOR('',#3684,1.);
#3684 = DIRECTION('',(1.,0.));
#3685 = ( GEOMETRIC_REPRESENTATION_CONTEXT(2) 
PARAMETRIC_REPRESENTATION_CONTEXT() REPRESENTATION_CONTEXT('2D SPACE',''
  ) );
#3686 = ORIENTED_EDGE('',*,*,#3687,.T.);
#3687 = EDGE_CURVE('',#3665,#3688,#3690,.T.);
#3688 = VERTEX_POINT('',#3689);
#3689 = CARTESIAN_POINT('',(-37.,-173.,120.));
#3690 = SURFACE_CURVE('',#3691,(#3695,#3702),.PCURVE_S1.);
#3691 = LINE('',#3692,#3693);
#3692 = CARTESIAN_POINT('',(-37.,-173.,104.));
#3693 = VECTOR('',#3694,1.);
#3694 = DIRECTION('',(0.,0.,1.));
#3695 = PCURVE('',#3649,#3696);
#3696 = DEFINITIONAL_REPRESENTATION('',(#3697),#3701);
#3697 = LINE('',#3698,#3699);
#3698 = CARTESIAN_POINT('',(0.,0.));
#3699 = VECTOR('',#3700,1.);
#3700 = DIRECTION('',(1.,0.));
#3701 = ( GEOMETRIC_REPRESENTATION_CONTEXT(2) 
PARAMETRIC_REPRESENTATION_CONTEXT() REPRESENTATION_CONTEXT('2D SPACE',''
  ) );
#3702 = PCURVE('',#3703,#3708);
#3703 = PLANE('',#3704);
#3704 = AXIS2_PLACEMENT_3D('',#3705,#3706,#3707);
#3705 = CARTESIAN_POINT('',(-37.,-227.,104.));
#3706 = DIRECTION('',(1.,0.,0.));
#3707 = DIRECTION('',(0.,0.,1.));
#3708 = DEFINITIONAL_REPRESENTATION('',(#3709),#3713);
#3709 = LINE('',#3710,#3711);
#3710 = CARTESIAN_POINT('',(0.,-54.));
#3711 = VECTOR('',#3712,1.);
#3712 = DIRECTION('',(1.,0.));
#3713 = ( GEOMETRIC_REPRESENTATION_CONTEXT(2) 
PARAMETRIC_REPRESENTATION_CONTEXT() REPRESENTATION_CONTEXT('2D SPACE',''
  ) );
#3714 = ORIENTED_EDGE('',*,*,#3715,.T.);
#3715 = EDGE_CURVE('',#3688,#3589,#3716,.T.);
#3716 = SURFACE_CURVE('',#3717,(#3721,#3728),.PCURVE_S1.);
#3717 = LINE('',#3718,#3719);
#3718 = CARTESIAN_POINT('',(-37.,-173.,120.));
#3719 = VECTOR('',#3720,1.);
#3720 = DIRECTION('',(1.,0.,0.));
#3721 = PCURVE('',#3649,#3722);
#3722 = DEFINITIONAL_REPRESENTATION('',(#3723),#3727);
#3723 = LINE('',#3724,#3725);
#3724 = CARTESIAN_POINT('',(16.,0.));
#3725 = VECTOR('',#3726,1.);
#3726 = DIRECTION('',(0.,1.));
#3727 = ( GEOMETRIC_REPRESENTATION_CONTEXT(2) 
PARAMETRIC_REPRESENTATION_CONTEXT() REPRESENTATION_CONTEXT('2D SPACE',''
  ) );
#3728 = PCURVE('',#3091,#3729);
#3729 = DEFINITIONAL_REPRESENTATION('',(#3730),#3734);
#3730 = LINE('',#3731,#3732);
#3731 = CARTESIAN_POINT('',(0.,54.));
#3732 = VECTOR('',#3733,1.);
#3733 = DIRECTION('',(1.,0.));
#3734 = ( GEOMETRIC_REPRESENTATION_CONTEXT(2) 
PARAMETRIC_REPRESENTATION_CONTEXT() REPRESENTATION_CONTEXT('2D SPACE',''
  ) );
#3735 = ORIENTED_EDGE('',*,*,#3635,.F.);
#3736 = ADVANCED_FACE('',(#3737),#3703,.F.);
#3737 = FACE_BOUND('',#3738,.F.);
#3738 = EDGE_LOOP('',(#3739,#3762,#3790,#3811));
#3739 = ORIENTED_EDGE('',*,*,#3740,.F.);
#3740 = EDGE_CURVE('',#3741,#3688,#3743,.T.);
#3741 = VERTEX_POINT('',#3742);
#3742 = CARTESIAN_POINT('',(-37.,-174.0404082057,120.));
#3743 = SURFACE_CURVE('',#3744,(#3748,#3755),.PCURVE_S1.);
#3744 = LINE('',#3745,#3746);
#3745 = CARTESIAN_POINT('',(-37.,-227.,120.));
#3746 = VECTOR('',#3747,1.);
#3747 = DIRECTION('',(0.,1.,0.));
#3748 = PCURVE('',#3703,#3749);
#3749 = DEFINITIONAL_REPRESENTATION('',(#3750),#3754);
#3750 = LINE('',#3751,#3752);
#3751 = CARTESIAN_POINT('',(16.,0.));
#3752 = VECTOR('',#3753,1.);
#3753 = DIRECTION('',(0.,-1.));
#3754 = ( GEOMETRIC_REPRESENTATION_CONTEXT(2) 
PARAMETRIC_REPRESENTATION_CONTEXT() REPRESENTATION_CONTEXT('2D SPACE',''
  ) );
#3755 = PCURVE('',#3091,#3756);
#3756 = DEFINITIONAL_REPRESENTATION('',(#3757),#3761);
#3757 = LINE('',#3758,#3759);
#3758 = CARTESIAN_POINT('',(0.,0.));
#3759 = VECTOR('',#3760,1.);
#3760 = DIRECTION('',(0.,1.));
#3761 = ( GEOMETRIC_REPRESENTATION_CONTEXT(2) 
PARAMETRIC_REPRESENTATION_CONTEXT() REPRESENTATION_CONTEXT('2D SPACE',''
  ) );
#3762 = ORIENTED_EDGE('',*,*,#3763,.T.);
#3763 = EDGE_CURVE('',#3741,#3764,#3766,.T.);
#3764 = VERTEX_POINT('',#3765);
#3765 = CARTESIAN_POINT('',(-37.,-174.0404082057,104.));
#3766 = SURFACE_CURVE('',#3767,(#3771,#3778),.PCURVE_S1.);
#3767 = LINE('',#3768,#3769);
#3768 = CARTESIAN_POINT('',(-37.,-174.0404082057,12.));
#3769 = VECTOR('',#3770,1.);
#3770 = DIRECTION('',(-0.,-0.,-1.));
#3771 = PCURVE('',#3703,#3772);
#3772 = DEFINITIONAL_REPRESENTATION('',(#3773),#3777);
#3773 = LINE('',#3774,#3775);
#3774 = CARTESIAN_POINT('',(-92.,-52.95959179422));
#3775 = VECTOR('',#3776,1.);
#3776 = DIRECTION('',(-1.,0.));
#3777 = ( GEOMETRIC_REPRESENTATION_CONTEXT(2) 
PARAMETRIC_REPRESENTATION_CONTEXT() REPRESENTATION_CONTEXT('2D SPACE',''
  ) );
#3778 = PCURVE('',#3779,#3784);
#3779 = CYLINDRICAL_SURFACE('',#3780,2.2);
#3780 = AXIS2_PLACEMENT_3D('',#3781,#3782,#3783);
#3781 = CARTESIAN_POINT('',(-38.,-176.,12.));
#3782 = DIRECTION('',(-0.,-0.,-1.));
#3783 = DIRECTION('',(1.,0.,0.));
#3784 = DEFINITIONAL_REPRESENTATION('',(#3785),#3789);
#3785 = LINE('',#3786,#3787);
#3786 = CARTESIAN_POINT('',(-7.382119796695,0.));
#3787 = VECTOR('',#3788,1.);
#3788 = DIRECTION('',(-0.,1.));
#3789 = ( GEOMETRIC_REPRESENTATION_CONTEXT(2) 
PARAMETRIC_REPRESENTATION_CONTEXT() REPRESENTATION_CONTEXT('2D SPACE',''
  ) );
#3790 = ORIENTED_EDGE('',*,*,#3791,.T.);
#3791 = EDGE_CURVE('',#3764,#3665,#3792,.T.);
#3792 = SURFACE_CURVE('',#3793,(#3797,#3804),.PCURVE_S1.);
#3793 = LINE('',#3794,#3795);
#3794 = CARTESIAN_POINT('',(-37.,-227.,104.));
#3795 = VECTOR('',#3796,1.);
#3796 = DIRECTION('',(0.,1.,0.));
#3797 = PCURVE('',#3703,#3798);
#3798 = DEFINITIONAL_REPRESENTATION('',(#3799),#3803);
#3799 = LINE('',#3800,#3801);
#3800 = CARTESIAN_POINT('',(0.,0.));
#3801 = VECTOR('',#3802,1.);
#3802 = DIRECTION('',(0.,-1.));
#3803 = ( GEOMETRIC_REPRESENTATION_CONTEXT(2) 
PARAMETRIC_REPRESENTATION_CONTEXT() REPRESENTATION_CONTEXT('2D SPACE',''
  ) );
#3804 = PCURVE('',#3147,#3805);
#3805 = DEFINITIONAL_REPRESENTATION('',(#3806),#3810);
#3806 = LINE('',#3807,#3808);
#3807 = CARTESIAN_POINT('',(0.,0.));
#3808 = VECTOR('',#3809,1.);
#3809 = DIRECTION('',(0.,1.));
#3810 = ( GEOMETRIC_REPRESENTATION_CONTEXT(2) 
PARAMETRIC_REPRESENTATION_CONTEXT() REPRESENTATION_CONTEXT('2D SPACE',''
  ) );
#3811 = ORIENTED_EDGE('',*,*,#3687,.T.);
#3812 = ADVANCED_FACE('',(#3813),#3779,.F.);
#3813 = FACE_BOUND('',#3814,.T.);
#3814 = EDGE_LOOP('',(#3815,#3843,#3844,#3868));
#3815 = ORIENTED_EDGE('',*,*,#3816,.F.);
#3816 = EDGE_CURVE('',#3741,#3817,#3819,.T.);
#3817 = VERTEX_POINT('',#3818);
#3818 = CARTESIAN_POINT('',(-37.,-177.9595917942,120.));
#3819 = SURFACE_CURVE('',#3820,(#3825,#3832),.PCURVE_S1.);
#3820 = CIRCLE('',#3821,2.2);
#3821 = AXIS2_PLACEMENT_3D('',#3822,#3823,#3824);
#3822 = CARTESIAN_POINT('',(-38.,-176.,120.));
#3823 = DIRECTION('',(0.,0.,-1.));
#3824 = DIRECTION('',(0.454545454546,0.89072354283,0.));
#3825 = PCURVE('',#3779,#3826);
#3826 = DEFINITIONAL_REPRESENTATION('',(#3827),#3831);
#3827 = LINE('',#3828,#3829);
#3828 = CARTESIAN_POINT('',(-7.382119796695,-108.));
#3829 = VECTOR('',#3830,1.);
#3830 = DIRECTION('',(1.,-0.));
#3831 = ( GEOMETRIC_REPRESENTATION_CONTEXT(2) 
PARAMETRIC_REPRESENTATION_CONTEXT() REPRESENTATION_CONTEXT('2D SPACE',''
  ) );
#3832 = PCURVE('',#3091,#3833);
#3833 = DEFINITIONAL_REPRESENTATION('',(#3834),#3842);
#3834 = ( BOUNDED_CURVE() B_SPLINE_CURVE(2,(#3835,#3836,#3837,#3838,
#3839,#3840,#3841),.UNSPECIFIED.,.T.,.F.) B_SPLINE_CURVE_WITH_KNOTS((1,2
    ,2,2,2,1),(-2.094395102393,0.,2.094395102393,4.188790204786,
6.28318530718,8.377580409573),.UNSPECIFIED.) CURVE() 
GEOMETRIC_REPRESENTATION_ITEM() RATIONAL_B_SPLINE_CURVE((1.,0.5,1.,0.5,
1.,0.5,1.)) REPRESENTATION_ITEM('') );
#3835 = CARTESIAN_POINT('',(3.623767952377E-13,52.959591794226));
#3836 = CARTESIAN_POINT('',(3.394112549695,51.227540986657));
#3837 = CARTESIAN_POINT('',(0.197056274847,49.154178699102));
#3838 = CARTESIAN_POINT('',(-3.000000000001,47.080816411547));
#3839 = CARTESIAN_POINT('',(-3.197056274848,50.886229506672));
#3840 = CARTESIAN_POINT('',(-3.394112549695,54.691642601796));
#3841 = CARTESIAN_POINT('',(3.623767952377E-13,52.959591794226));
#3842 = ( GEOMETRIC_REPRESENTATION_CONTEXT(2) 
PARAMETRIC_REPRESENTATION_CONTEXT() REPRESENTATION_CONTEXT('2D SPACE',''
  ) );
#3843 = ORIENTED_EDGE('',*,*,#3763,.T.);
#3844 = ORIENTED_EDGE('',*,*,#3845,.F.);
#3845 = EDGE_CURVE('',#3846,#3764,#3848,.T.);
#3846 = VERTEX_POINT('',#3847);
#3847 = CARTESIAN_POINT('',(-37.,-177.9595917942,104.));
#3848 = SURFACE_CURVE('',#3849,(#3854,#3861),.PCURVE_S1.);
#3849 = CIRCLE('',#3850,2.2);
#3850 = AXIS2_PLACEMENT_3D('',#3851,#3852,#3853);
#3851 = CARTESIAN_POINT('',(-38.,-176.,104.));
#3852 = DIRECTION('',(-0.,0.,1.));
#3853 = DIRECTION('',(0.454545454546,-0.89072354283,0.));
#3854 = PCURVE('',#3779,#3855);
#3855 = DEFINITIONAL_REPRESENTATION('',(#3856),#3860);
#3856 = LINE('',#3857,#3858);
#3857 = CARTESIAN_POINT('',(-5.184250817665,-92.));
#3858 = VECTOR('',#3859,1.);
#3859 = DIRECTION('',(-1.,-0.));
#3860 = ( GEOMETRIC_REPRESENTATION_CONTEXT(2) 
PARAMETRIC_REPRESENTATION_CONTEXT() REPRESENTATION_CONTEXT('2D SPACE',''
  ) );
#3861 = PCURVE('',#3147,#3862);
#3862 = DEFINITIONAL_REPRESENTATION('',(#3863),#3867);
#3863 = CIRCLE('',#3864,2.2);
#3864 = AXIS2_PLACEMENT_2D('',#3865,#3866);
#3865 = CARTESIAN_POINT('',(-1.,51.));
#3866 = DIRECTION('',(0.454545454546,-0.89072354283));
#3867 = ( GEOMETRIC_REPRESENTATION_CONTEXT(2) 
PARAMETRIC_REPRESENTATION_CONTEXT() REPRESENTATION_CONTEXT('2D SPACE',''
  ) );
#3868 = ORIENTED_EDGE('',*,*,#3869,.F.);
#3869 = EDGE_CURVE('',#3817,#3846,#3870,.T.);
#3870 = SURFACE_CURVE('',#3871,(#3875,#3882),.PCURVE_S1.);
#3871 = LINE('',#3872,#3873);
#3872 = CARTESIAN_POINT('',(-37.,-177.9595917942,12.));
#3873 = VECTOR('',#3874,1.);
#3874 = DIRECTION('',(-0.,-0.,-1.));
#3875 = PCURVE('',#3779,#3876);
#3876 = DEFINITIONAL_REPRESENTATION('',(#3877),#3881);
#3877 = LINE('',#3878,#3879);
#3878 = CARTESIAN_POINT('',(-5.184250817664,0.));
#3879 = VECTOR('',#3880,1.);
#3880 = DIRECTION('',(-0.,1.));
#3881 = ( GEOMETRIC_REPRESENTATION_CONTEXT(2) 
PARAMETRIC_REPRESENTATION_CONTEXT() REPRESENTATION_CONTEXT('2D SPACE',''
  ) );
#3882 = PCURVE('',#3883,#3888);
#3883 = PLANE('',#3884);
#3884 = AXIS2_PLACEMENT_3D('',#3885,#3886,#3887);
#3885 = CARTESIAN_POINT('',(-37.,-227.,104.));
#3886 = DIRECTION('',(1.,0.,0.));
#3887 = DIRECTION('',(0.,0.,1.));
#3888 = DEFINITIONAL_REPRESENTATION('',(#3889),#3893);
#3889 = LINE('',#3890,#3891);
#3890 = CARTESIAN_POINT('',(-92.,-49.04040820577));
#3891 = VECTOR('',#3892,1.);
#3892 = DIRECTION('',(-1.,0.));
#3893 = ( GEOMETRIC_REPRESENTATION_CONTEXT(2) 
PARAMETRIC_REPRESENTATION_CONTEXT() REPRESENTATION_CONTEXT('2D SPACE',''
  ) );
#3894 = ADVANCED_FACE('',(#3895),#3883,.F.);
#3895 = FACE_BOUND('',#3896,.F.);
#3896 = EDGE_LOOP('',(#3897,#3920,#3943,#3964));
#3897 = ORIENTED_EDGE('',*,*,#3898,.F.);
#3898 = EDGE_CURVE('',#3899,#3817,#3901,.T.);
#3899 = VERTEX_POINT('',#3900);
#3900 = CARTESIAN_POINT('',(-37.,-222.0404082057,120.));
#3901 = SURFACE_CURVE('',#3902,(#3906,#3913),.PCURVE_S1.);
#3902 = LINE('',#3903,#3904);
#3903 = CARTESIAN_POINT('',(-37.,-227.,120.));
#3904 = VECTOR('',#3905,1.);
#3905 = DIRECTION('',(0.,1.,0.));
#3906 = PCURVE('',#3883,#3907);
#3907 = DEFINITIONAL_REPRESENTATION('',(#3908),#3912);
#3908 = LINE('',#3909,#3910);
#3909 = CARTESIAN_POINT('',(16.,0.));
#3910 = VECTOR('',#3911,1.);
#3911 = DIRECTION('',(0.,-1.));
#3912 = ( GEOMETRIC_REPRESENTATION_CONTEXT(2) 
PARAMETRIC_REPRESENTATION_CONTEXT() REPRESENTATION_CONTEXT('2D SPACE',''
  ) );
#3913 = PCURVE('',#3091,#3914);
#3914 = DEFINITIONAL_REPRESENTATION('',(#3915),#3919);
#3915 = LINE('',#3916,#3917);
#3916 = CARTESIAN_POINT('',(0.,0.));
#3917 = VECTOR('',#3918,1.);
#3918 = DIRECTION('',(0.,1.));
#3919 = ( GEOMETRIC_REPRESENTATION_CONTEXT(2) 
PARAMETRIC_REPRESENTATION_CONTEXT() REPRESENTATION_CONTEXT('2D SPACE',''
  ) );
#3920 = ORIENTED_EDGE('',*,*,#3921,.T.);
#3921 = EDGE_CURVE('',#3899,#3922,#3924,.T.);
#3922 = VERTEX_POINT('',#3923);
#3923 = CARTESIAN_POINT('',(-37.,-222.0404082057,104.));
#3924 = SURFACE_CURVE('',#3925,(#3929,#3936),.PCURVE_S1.);
#3925 = LINE('',#3926,#3927);
#3926 = CARTESIAN_POINT('',(-37.,-222.0404082057,12.));
#3927 = VECTOR('',#3928,1.);
#3928 = DIRECTION('',(-0.,-0.,-1.));
#3929 = PCURVE('',#3883,#3930);
#3930 = DEFINITIONAL_REPRESENTATION('',(#3931),#3935);
#3931 = LINE('',#3932,#3933);
#3932 = CARTESIAN_POINT('',(-92.,-4.959591794227));
#3933 = VECTOR('',#3934,1.);
#3934 = DIRECTION('',(-1.,0.));
#3935 = ( GEOMETRIC_REPRESENTATION_CONTEXT(2) 
PARAMETRIC_REPRESENTATION_CONTEXT() REPRESENTATION_CONTEXT('2D SPACE',''
  ) );
#3936 = PCURVE('',#3173,#3937);
#3937 = DEFINITIONAL_REPRESENTATION('',(#3938),#3942);
#3938 = LINE('',#3939,#3940);
#3939 = CARTESIAN_POINT('',(-7.382119796695,0.));
#3940 = VECTOR('',#3941,1.);
#3941 = DIRECTION('',(-0.,1.));
#3942 = ( GEOMETRIC_REPRESENTATION_CONTEXT(2) 
PARAMETRIC_REPRESENTATION_CONTEXT() REPRESENTATION_CONTEXT('2D SPACE',''
  ) );
#3943 = ORIENTED_EDGE('',*,*,#3944,.T.);
#3944 = EDGE_CURVE('',#3922,#3846,#3945,.T.);
#3945 = SURFACE_CURVE('',#3946,(#3950,#3957),.PCURVE_S1.);
#3946 = LINE('',#3947,#3948);
#3947 = CARTESIAN_POINT('',(-37.,-227.,104.));
#3948 = VECTOR('',#3949,1.);
#3949 = DIRECTION('',(0.,1.,0.));
#3950 = PCURVE('',#3883,#3951);
#3951 = DEFINITIONAL_REPRESENTATION('',(#3952),#3956);
#3952 = LINE('',#3953,#3954);
#3953 = CARTESIAN_POINT('',(0.,0.));
#3954 = VECTOR('',#3955,1.);
#3955 = DIRECTION('',(0.,-1.));
#3956 = ( GEOMETRIC_REPRESENTATION_CONTEXT(2) 
PARAMETRIC_REPRESENTATION_CONTEXT() REPRESENTATION_CONTEXT('2D SPACE',''
  ) );
#3957 = PCURVE('',#3147,#3958);
#3958 = DEFINITIONAL_REPRESENTATION('',(#3959),#3963);
#3959 = LINE('',#3960,#3961);
#3960 = CARTESIAN_POINT('',(0.,0.));
#3961 = VECTOR('',#3962,1.);
#3962 = DIRECTION('',(0.,1.));
#3963 = ( GEOMETRIC_REPRESENTATION_CONTEXT(2) 
PARAMETRIC_REPRESENTATION_CONTEXT() REPRESENTATION_CONTEXT('2D SPACE',''
  ) );
#3964 = ORIENTED_EDGE('',*,*,#3869,.F.);
#3965 = ADVANCED_FACE('',(#3966),#3147,.F.);
#3966 = FACE_BOUND('',#3967,.F.);
#3967 = EDGE_LOOP('',(#3968,#3969,#3970,#3971,#3972,#3973,#3974,#3975,
    #3976,#3977,#3978,#3979));
#3968 = ORIENTED_EDGE('',*,*,#3131,.F.);
#3969 = ORIENTED_EDGE('',*,*,#3188,.T.);
#3970 = ORIENTED_EDGE('',*,*,#3288,.T.);
#3971 = ORIENTED_EDGE('',*,*,#3397,.T.);
#3972 = ORIENTED_EDGE('',*,*,#3450,.T.);
#3973 = ORIENTED_EDGE('',*,*,#3559,.T.);
#3974 = ORIENTED_EDGE('',*,*,#3612,.T.);
#3975 = ORIENTED_EDGE('',*,*,#3664,.F.);
#3976 = ORIENTED_EDGE('',*,*,#3791,.F.);
#3977 = ORIENTED_EDGE('',*,*,#3845,.F.);
#3978 = ORIENTED_EDGE('',*,*,#3944,.F.);
#3979 = ORIENTED_EDGE('',*,*,#3980,.T.);
#3980 = EDGE_CURVE('',#3922,#3132,#3981,.T.);
#3981 = SURFACE_CURVE('',#3982,(#3987,#3998),.PCURVE_S1.);
#3982 = CIRCLE('',#3983,2.2);
#3983 = AXIS2_PLACEMENT_3D('',#3984,#3985,#3986);
#3984 = CARTESIAN_POINT('',(-38.,-224.,104.));
#3985 = DIRECTION('',(0.,0.,-1.));
#3986 = DIRECTION('',(0.454545454546,0.89072354283,0.));
#3987 = PCURVE('',#3147,#3988);
#3988 = DEFINITIONAL_REPRESENTATION('',(#3989),#3997);
#3989 = ( BOUNDED_CURVE() B_SPLINE_CURVE(2,(#3990,#3991,#3992,#3993,
#3994,#3995,#3996),.UNSPECIFIED.,.T.,.F.) B_SPLINE_CURVE_WITH_KNOTS((1,2
    ,2,2,2,1),(-2.094395102393,0.,2.094395102393,4.188790204786,
6.28318530718,8.377580409573),.UNSPECIFIED.) CURVE() 
GEOMETRIC_REPRESENTATION_ITEM() RATIONAL_B_SPLINE_CURVE((1.,0.5,1.,0.5,
1.,0.5,1.)) REPRESENTATION_ITEM('') );
#3990 = CARTESIAN_POINT('',(3.623767952377E-13,4.959591794226));
#3991 = CARTESIAN_POINT('',(3.394112549695,3.227540986657));
#3992 = CARTESIAN_POINT('',(0.197056274847,1.154178699102));
#3993 = CARTESIAN_POINT('',(-3.000000000001,-0.919183588453));
#3994 = CARTESIAN_POINT('',(-3.197056274848,2.886229506672));
#3995 = CARTESIAN_POINT('',(-3.394112549695,6.691642601796));
#3996 = CARTESIAN_POINT('',(3.623767952377E-13,4.959591794226));
#3997 = ( GEOMETRIC_REPRESENTATION_CONTEXT(2) 
PARAMETRIC_REPRESENTATION_CONTEXT() REPRESENTATION_CONTEXT('2D SPACE',''
  ) );
#3998 = PCURVE('',#3173,#3999);
#3999 = DEFINITIONAL_REPRESENTATION('',(#4000),#4004);
#4000 = LINE('',#4001,#4002);
#4001 = CARTESIAN_POINT('',(-7.382119796695,-92.));
#4002 = VECTOR('',#4003,1.);
#4003 = DIRECTION('',(1.,-0.));
#4004 = ( GEOMETRIC_REPRESENTATION_CONTEXT(2) 
PARAMETRIC_REPRESENTATION_CONTEXT() REPRESENTATION_CONTEXT('2D SPACE',''
  ) );
#4005 = ADVANCED_FACE('',(#4006),#3173,.F.);
#4006 = FACE_BOUND('',#4007,.T.);
#4007 = EDGE_LOOP('',(#4008,#4034,#4035,#4036));
#4008 = ORIENTED_EDGE('',*,*,#4009,.F.);
#4009 = EDGE_CURVE('',#3899,#3071,#4010,.T.);
#4010 = SURFACE_CURVE('',#4011,(#4016,#4023),.PCURVE_S1.);
#4011 = CIRCLE('',#4012,2.2);
#4012 = AXIS2_PLACEMENT_3D('',#4013,#4014,#4015);
#4013 = CARTESIAN_POINT('',(-38.,-224.,120.));
#4014 = DIRECTION('',(0.,0.,-1.));
#4015 = DIRECTION('',(0.454545454546,0.89072354283,0.));
#4016 = PCURVE('',#3173,#4017);
#4017 = DEFINITIONAL_REPRESENTATION('',(#4018),#4022);
#4018 = LINE('',#4019,#4020);
#4019 = CARTESIAN_POINT('',(-7.382119796695,-108.));
#4020 = VECTOR('',#4021,1.);
#4021 = DIRECTION('',(1.,-0.));
#4022 = ( GEOMETRIC_REPRESENTATION_CONTEXT(2) 
PARAMETRIC_REPRESENTATION_CONTEXT() REPRESENTATION_CONTEXT('2D SPACE',''
  ) );
#4023 = PCURVE('',#3091,#4024);
#4024 = DEFINITIONAL_REPRESENTATION('',(#4025),#4033);
#4025 = ( BOUNDED_CURVE() B_SPLINE_CURVE(2,(#4026,#4027,#4028,#4029,
#4030,#4031,#4032),.UNSPECIFIED.,.T.,.F.) B_SPLINE_CURVE_WITH_KNOTS((1,2
    ,2,2,2,1),(-2.094395102393,0.,2.094395102393,4.188790204786,
6.28318530718,8.377580409573),.UNSPECIFIED.) CURVE() 
GEOMETRIC_REPRESENTATION_ITEM() RATIONAL_B_SPLINE_CURVE((1.,0.5,1.,0.5,
1.,0.5,1.)) REPRESENTATION_ITEM('') );
#4026 = CARTESIAN_POINT('',(3.623767952377E-13,4.959591794226));
#4027 = CARTESIAN_POINT('',(3.394112549695,3.227540986657));
#4028 = CARTESIAN_POINT('',(0.197056274847,1.154178699102));
#4029 = CARTESIAN_POINT('',(-3.000000000001,-0.919183588453));
#4030 = CARTESIAN_POINT('',(-3.197056274848,2.886229506672));
#4031 = CARTESIAN_POINT('',(-3.394112549695,6.691642601796));
#4032 = CARTESIAN_POINT('',(3.623767952377E-13,4.959591794226));
#4033 = ( GEOMETRIC_REPRESENTATION_CONTEXT(2) 
PARAMETRIC_REPRESENTATION_CONTEXT() REPRESENTATION_CONTEXT('2D SPACE',''
  ) );
#4034 = ORIENTED_EDGE('',*,*,#3921,.T.);
#4035 = ORIENTED_EDGE('',*,*,#3980,.T.);
#4036 = ORIENTED_EDGE('',*,*,#3159,.F.);
#4037 = ADVANCED_FACE('',(#4038),#3091,.T.);
#4038 = FACE_BOUND('',#4039,.T.);
#4039 = EDGE_LOOP('',(#4040,#4041,#4042,#4043,#4044,#4045,#4046,#4047,
    #4048,#4049,#4050,#4051));
#4040 = ORIENTED_EDGE('',*,*,#3068,.F.);
#4041 = ORIENTED_EDGE('',*,*,#3212,.T.);
#4042 = ORIENTED_EDGE('',*,*,#3264,.T.);
#4043 = ORIENTED_EDGE('',*,*,#3370,.T.);
#4044 = ORIENTED_EDGE('',*,*,#3426,.T.);
#4045 = ORIENTED_EDGE('',*,*,#3532,.T.);
#4046 = ORIENTED_EDGE('',*,*,#3588,.T.);
#4047 = ORIENTED_EDGE('',*,*,#3715,.F.);
#4048 = ORIENTED_EDGE('',*,*,#3740,.F.);
#4049 = ORIENTED_EDGE('',*,*,#3816,.T.);
#4050 = ORIENTED_EDGE('',*,*,#3898,.F.);
#4051 = ORIENTED_EDGE('',*,*,#4009,.T.);
#4052 = ( GEOMETRIC_REPRESENTATION_CONTEXT(3) 
GLOBAL_UNCERTAINTY_ASSIGNED_CONTEXT((#4056)) 
GLOBAL_UNIT_ASSIGNED_CONTEXT((#4053,#4054,#4055)) REPRESENTATION_CONTEXT
('Context #1','3D Context with UNIT and UNCERTAINTY') );
#4053 = ( LENGTH_UNIT() NAMED_UNIT(*) SI_UNIT(.MILLI.,.METRE.) );
#4054 = ( NAMED_UNIT(*) PLANE_ANGLE_UNIT() SI_UNIT($,.RADIAN.) );
#4055 = ( NAMED_UNIT(*) SI_UNIT($,.STERADIAN.) SOLID_ANGLE_UNIT() );
#4056 = UNCERTAINTY_MEASURE_WITH_UNIT(LENGTH_MEASURE(1.E-07),#4053,
  'distance_accuracy_value','confusion accuracy');
#4057 = CONTEXT_DEPENDENT_SHAPE_REPRESENTATION(#4058,#4060);
#4058 = ( REPRESENTATION_RELATIONSHIP('','',#3061,#1727) 
REPRESENTATION_RELATIONSHIP_WITH_TRANSFORMATION(#4059) 
SHAPE_REPRESENTATION_RELATIONSHIP() );
#4059 = ITEM_DEFINED_TRANSFORMATION('','',#11,#1732);
#4060 = PRODUCT_DEFINITION_SHAPE('Placement','Placement of an item',
  #4061);
#4061 = NEXT_ASSEMBLY_USAGE_OCCURRENCE('3','','',#1722,#3056,$);
#4062 = PRODUCT_RELATED_PRODUCT_CATEGORY('part',$,(#3058));
#4063 = SHAPE_DEFINITION_REPRESENTATION(#4064,#4070);
#4064 = PRODUCT_DEFINITION_SHAPE('','',#4065);
#4065 = PRODUCT_DEFINITION('design','',#4066,#4069);
#4066 = PRODUCT_DEFINITION_FORMATION('','',#4067);
#4067 = PRODUCT('Open CASCADE STEP translator 7.9 1.3',
  'Open CASCADE STEP translator 7.9 1.3','',(#4068));
#4068 = PRODUCT_CONTEXT('',#2,'mechanical');
#4069 = PRODUCT_DEFINITION_CONTEXT('part definition',#2,'design');
#4070 = SHAPE_REPRESENTATION('',(#11,#4071,#4075),#4079);
#4071 = AXIS2_PLACEMENT_3D('',#4072,#4073,#4074);
#4072 = CARTESIAN_POINT('',(0.,0.,0.));
#4073 = DIRECTION('',(0.,0.,1.));
#4074 = DIRECTION('',(1.,0.,-0.));
#4075 = AXIS2_PLACEMENT_3D('',#4076,#4077,#4078);
#4076 = CARTESIAN_POINT('',(0.,0.,0.));
#4077 = DIRECTION('',(0.,0.,1.));
#4078 = DIRECTION('',(1.,0.,-0.));
#4079 = ( GEOMETRIC_REPRESENTATION_CONTEXT(3) 
GLOBAL_UNCERTAINTY_ASSIGNED_CONTEXT((#4083)) 
GLOBAL_UNIT_ASSIGNED_CONTEXT((#4080,#4081,#4082)) REPRESENTATION_CONTEXT
('Context #1','3D Context with UNIT and UNCERTAINTY') );
#4080 = ( LENGTH_UNIT() NAMED_UNIT(*) SI_UNIT(.MILLI.,.METRE.) );
#4081 = ( NAMED_UNIT(*) PLANE_ANGLE_UNIT() SI_UNIT($,.RADIAN.) );
#4082 = ( NAMED_UNIT(*) SI_UNIT($,.STERADIAN.) SOLID_ANGLE_UNIT() );
#4083 = UNCERTAINTY_MEASURE_WITH_UNIT(LENGTH_MEASURE(1.E-07),#4080,
  'distance_accuracy_value','confusion accuracy');
#4084 = CONTEXT_DEPENDENT_SHAPE_REPRESENTATION(#4085,#4087);
#4085 = ( REPRESENTATION_RELATIONSHIP('','',#4070,#10) 
REPRESENTATION_RELATIONSHIP_WITH_TRANSFORMATION(#4086) 
SHAPE_REPRESENTATION_RELATIONSHIP() );
#4086 = ITEM_DEFINED_TRANSFORMATION('','',#11,#23);
#4087 = PRODUCT_DEFINITION_SHAPE('Placement','Placement of an item',
  #4088);
#4088 = NEXT_ASSEMBLY_USAGE_OCCURRENCE('7','','',#5,#4065,$);
#4089 = PRODUCT_RELATED_PRODUCT_CATEGORY('part',$,(#4067));
#4090 = SHAPE_DEFINITION_REPRESENTATION(#4091,#4097);
#4091 = PRODUCT_DEFINITION_SHAPE('','',#4092);
#4092 = PRODUCT_DEFINITION('design','',#4093,#4096);
#4093 = PRODUCT_DEFINITION_FORMATION('','',#4094);
#4094 = PRODUCT('Open CASCADE STEP translator 7.9 1.3.1',
  'Open CASCADE STEP translator 7.9 1.3.1','',(#4095));
#4095 = PRODUCT_CONTEXT('',#2,'mechanical');
#4096 = PRODUCT_DEFINITION_CONTEXT('part definition',#2,'design');
#4097 = ADVANCED_BREP_SHAPE_REPRESENTATION('',(#11,#4098),#5386);
#4098 = MANIFOLD_SOLID_BREP('',#4099);
#4099 = CLOSED_SHELL('',(#4100,#4220,#4296,#4681,#4730,#4895,#4922,#4949
    ,#4976,#5076,#5108,#5135,#5308,#5336,#5364,#5371,#5376,#5381));
#4100 = ADVANCED_FACE('',(#4101),#4115,.F.);
#4101 = FACE_BOUND('',#4102,.F.);
#4102 = EDGE_LOOP('',(#4103,#4138,#4166,#4194));
#4103 = ORIENTED_EDGE('',*,*,#4104,.F.);
#4104 = EDGE_CURVE('',#4105,#4107,#4109,.T.);
#4105 = VERTEX_POINT('',#4106);
#4106 = CARTESIAN_POINT('',(-45.,-235.,62.));
#4107 = VERTEX_POINT('',#4108);
#4108 = CARTESIAN_POINT('',(-45.,-235.,162.));
#4109 = SURFACE_CURVE('',#4110,(#4114,#4126),.PCURVE_S1.);
#4110 = LINE('',#4111,#4112);
#4111 = CARTESIAN_POINT('',(-45.,-235.,62.));
#4112 = VECTOR('',#4113,1.);
#4113 = DIRECTION('',(0.,0.,1.));
#4114 = PCURVE('',#4115,#4120);
#4115 = PLANE('',#4116);
#4116 = AXIS2_PLACEMENT_3D('',#4117,#4118,#4119);
#4117 = CARTESIAN_POINT('',(-45.,-235.,62.));
#4118 = DIRECTION('',(1.,0.,0.));
#4119 = DIRECTION('',(0.,0.,1.));
#4120 = DEFINITIONAL_REPRESENTATION('',(#4121),#4125);
#4121 = LINE('',#4122,#4123);
#4122 = CARTESIAN_POINT('',(0.,0.));
#4123 = VECTOR('',#4124,1.);
#4124 = DIRECTION('',(1.,0.));
#4125 = ( GEOMETRIC_REPRESENTATION_CONTEXT(2) 
PARAMETRIC_REPRESENTATION_CONTEXT() REPRESENTATION_CONTEXT('2D SPACE',''
  ) );
#4126 = PCURVE('',#4127,#4132);
#4127 = PLANE('',#4128);
#4128 = AXIS2_PLACEMENT_3D('',#4129,#4130,#4131);
#4129 = CARTESIAN_POINT('',(-45.,-235.,62.));
#4130 = DIRECTION('',(0.,1.,0.));
#4131 = DIRECTION('',(0.,0.,1.));
#4132 = DEFINITIONAL_REPRESENTATION('',(#4133),#4137);
#4133 = LINE('',#4134,#4135);
#4134 = CARTESIAN_POINT('',(0.,0.));
#4135 = VECTOR('',#4136,1.);
#4136 = DIRECTION('',(1.,0.));
#4137 = ( GEOMETRIC_REPRESENTATION_CONTEXT(2) 
PARAMETRIC_REPRESENTATION_CONTEXT() REPRESENTATION_CONTEXT('2D SPACE',''
  ) );
#4138 = ORIENTED_EDGE('',*,*,#4139,.T.);
#4139 = EDGE_CURVE('',#4105,#4140,#4142,.T.);
#4140 = VERTEX_POINT('',#4141);
#4141 = CARTESIAN_POINT('',(-45.,-165.,62.));
#4142 = SURFACE_CURVE('',#4143,(#4147,#4154),.PCURVE_S1.);
#4143 = LINE('',#4144,#4145);
#4144 = CARTESIAN_POINT('',(-45.,-235.,62.));
#4145 = VECTOR('',#4146,1.);
#4146 = DIRECTION('',(0.,1.,0.));
#4147 = PCURVE('',#4115,#4148);
#4148 = DEFINITIONAL_REPRESENTATION('',(#4149),#4153);
#4149 = LINE('',#4150,#4151);
#4150 = CARTESIAN_POINT('',(0.,0.));
#4151 = VECTOR('',#4152,1.);
#4152 = DIRECTION('',(0.,-1.));
#4153 = ( GEOMETRIC_REPRESENTATION_CONTEXT(2) 
PARAMETRIC_REPRESENTATION_CONTEXT() REPRESENTATION_CONTEXT('2D SPACE',''
  ) );
#4154 = PCURVE('',#4155,#4160);
#4155 = PLANE('',#4156);
#4156 = AXIS2_PLACEMENT_3D('',#4157,#4158,#4159);
#4157 = CARTESIAN_POINT('',(-45.,-235.,62.));
#4158 = DIRECTION('',(0.,0.,1.));
#4159 = DIRECTION('',(1.,0.,0.));
#4160 = DEFINITIONAL_REPRESENTATION('',(#4161),#4165);
#4161 = LINE('',#4162,#4163);
#4162 = CARTESIAN_POINT('',(0.,0.));
#4163 = VECTOR('',#4164,1.);
#4164 = DIRECTION('',(0.,1.));
#4165 = ( GEOMETRIC_REPRESENTATION_CONTEXT(2) 
PARAMETRIC_REPRESENTATION_CONTEXT() REPRESENTATION_CONTEXT('2D SPACE',''
  ) );
#4166 = ORIENTED_EDGE('',*,*,#4167,.T.);
#4167 = EDGE_CURVE('',#4140,#4168,#4170,.T.);
#4168 = VERTEX_POINT('',#4169);
#4169 = CARTESIAN_POINT('',(-45.,-165.,162.));
#4170 = SURFACE_CURVE('',#4171,(#4175,#4182),.PCURVE_S1.);
#4171 = LINE('',#4172,#4173);
#4172 = CARTESIAN_POINT('',(-45.,-165.,62.));
#4173 = VECTOR('',#4174,1.);
#4174 = DIRECTION('',(0.,0.,1.));
#4175 = PCURVE('',#4115,#4176);
#4176 = DEFINITIONAL_REPRESENTATION('',(#4177),#4181);
#4177 = LINE('',#4178,#4179);
#4178 = CARTESIAN_POINT('',(0.,-70.));
#4179 = VECTOR('',#4180,1.);
#4180 = DIRECTION('',(1.,0.));
#4181 = ( GEOMETRIC_REPRESENTATION_CONTEXT(2) 
PARAMETRIC_REPRESENTATION_CONTEXT() REPRESENTATION_CONTEXT('2D SPACE',''
  ) );
#4182 = PCURVE('',#4183,#4188);
#4183 = PLANE('',#4184);
#4184 = AXIS2_PLACEMENT_3D('',#4185,#4186,#4187);
#4185 = CARTESIAN_POINT('',(-45.,-165.,62.));
#4186 = DIRECTION('',(0.,1.,0.));
#4187 = DIRECTION('',(0.,0.,1.));
#4188 = DEFINITIONAL_REPRESENTATION('',(#4189),#4193);
#4189 = LINE('',#4190,#4191);
#4190 = CARTESIAN_POINT('',(0.,0.));
#4191 = VECTOR('',#4192,1.);
#4192 = DIRECTION('',(1.,0.));
#4193 = ( GEOMETRIC_REPRESENTATION_CONTEXT(2) 
PARAMETRIC_REPRESENTATION_CONTEXT() REPRESENTATION_CONTEXT('2D SPACE',''
  ) );
#4194 = ORIENTED_EDGE('',*,*,#4195,.F.);
#4195 = EDGE_CURVE('',#4107,#4168,#4196,.T.);
#4196 = SURFACE_CURVE('',#4197,(#4201,#4208),.PCURVE_S1.);
#4197 = LINE('',#4198,#4199);
#4198 = CARTESIAN_POINT('',(-45.,-235.,162.));
#4199 = VECTOR('',#4200,1.);
#4200 = DIRECTION('',(0.,1.,0.));
#4201 = PCURVE('',#4115,#4202);
#4202 = DEFINITIONAL_REPRESENTATION('',(#4203),#4207);
#4203 = LINE('',#4204,#4205);
#4204 = CARTESIAN_POINT('',(100.,0.));
#4205 = VECTOR('',#4206,1.);
#4206 = DIRECTION('',(0.,-1.));
#4207 = ( GEOMETRIC_REPRESENTATION_CONTEXT(2) 
PARAMETRIC_REPRESENTATION_CONTEXT() REPRESENTATION_CONTEXT('2D SPACE',''
  ) );
#4208 = PCURVE('',#4209,#4214);
#4209 = PLANE('',#4210);
#4210 = AXIS2_PLACEMENT_3D('',#4211,#4212,#4213);
#4211 = CARTESIAN_POINT('',(-45.,-235.,162.));
#4212 = DIRECTION('',(0.,0.,1.));
#4213 = DIRECTION('',(1.,0.,0.));
#4214 = DEFINITIONAL_REPRESENTATION('',(#4215),#4219);
#4215 = LINE('',#4216,#4217);
#4216 = CARTESIAN_POINT('',(0.,0.));
#4217 = VECTOR('',#4218,1.);
#4218 = DIRECTION('',(0.,1.));
#4219 = ( GEOMETRIC_REPRESENTATION_CONTEXT(2) 
PARAMETRIC_REPRESENTATION_CONTEXT() REPRESENTATION_CONTEXT('2D SPACE',''
  ) );
#4220 = ADVANCED_FACE('',(#4221),#4127,.F.);
#4221 = FACE_BOUND('',#4222,.F.);
#4222 = EDGE_LOOP('',(#4223,#4246,#4247,#4270));
#4223 = ORIENTED_EDGE('',*,*,#4224,.F.);
#4224 = EDGE_CURVE('',#4105,#4225,#4227,.T.);
#4225 = VERTEX_POINT('',#4226);
#4226 = CARTESIAN_POINT('',(19.,-235.,62.));
#4227 = SURFACE_CURVE('',#4228,(#4232,#4239),.PCURVE_S1.);
#4228 = LINE('',#4229,#4230);
#4229 = CARTESIAN_POINT('',(-45.,-235.,62.));
#4230 = VECTOR('',#4231,1.);
#4231 = DIRECTION('',(1.,0.,0.));
#4232 = PCURVE('',#4127,#4233);
#4233 = DEFINITIONAL_REPRESENTATION('',(#4234),#4238);
#4234 = LINE('',#4235,#4236);
#4235 = CARTESIAN_POINT('',(0.,0.));
#4236 = VECTOR('',#4237,1.);
#4237 = DIRECTION('',(0.,1.));
#4238 = ( GEOMETRIC_REPRESENTATION_CONTEXT(2) 
PARAMETRIC_REPRESENTATION_CONTEXT() REPRESENTATION_CONTEXT('2D SPACE',''
  ) );
#4239 = PCURVE('',#4155,#4240);
#4240 = DEFINITIONAL_REPRESENTATION('',(#4241),#4245);
#4241 = LINE('',#4242,#4243);
#4242 = CARTESIAN_POINT('',(0.,0.));
#4243 = VECTOR('',#4244,1.);
#4244 = DIRECTION('',(1.,0.));
#4245 = ( GEOMETRIC_REPRESENTATION_CONTEXT(2) 
PARAMETRIC_REPRESENTATION_CONTEXT() REPRESENTATION_CONTEXT('2D SPACE',''
  ) );
#4246 = ORIENTED_EDGE('',*,*,#4104,.T.);
#4247 = ORIENTED_EDGE('',*,*,#4248,.T.);
#4248 = EDGE_CURVE('',#4107,#4249,#4251,.T.);
#4249 = VERTEX_POINT('',#4250);
#4250 = CARTESIAN_POINT('',(19.,-235.,162.));
#4251 = SURFACE_CURVE('',#4252,(#4256,#4263),.PCURVE_S1.);
#4252 = LINE('',#4253,#4254);
#4253 = CARTESIAN_POINT('',(-45.,-235.,162.));
#4254 = VECTOR('',#4255,1.);
#4255 = DIRECTION('',(1.,0.,0.));
#4256 = PCURVE('',#4127,#4257);
#4257 = DEFINITIONAL_REPRESENTATION('',(#4258),#4262);
#4258 = LINE('',#4259,#4260);
#4259 = CARTESIAN_POINT('',(100.,0.));
#4260 = VECTOR('',#4261,1.);
#4261 = DIRECTION('',(0.,1.));
#4262 = ( GEOMETRIC_REPRESENTATION_CONTEXT(2) 
PARAMETRIC_REPRESENTATION_CONTEXT() REPRESENTATION_CONTEXT('2D SPACE',''
  ) );
#4263 = PCURVE('',#4209,#4264);
#4264 = DEFINITIONAL_REPRESENTATION('',(#4265),#4269);
#4265 = LINE('',#4266,#4267);
#4266 = CARTESIAN_POINT('',(0.,0.));
#4267 = VECTOR('',#4268,1.);
#4268 = DIRECTION('',(1.,0.));
#4269 = ( GEOMETRIC_REPRESENTATION_CONTEXT(2) 
PARAMETRIC_REPRESENTATION_CONTEXT() REPRESENTATION_CONTEXT('2D SPACE',''
  ) );
#4270 = ORIENTED_EDGE('',*,*,#4271,.F.);
#4271 = EDGE_CURVE('',#4225,#4249,#4272,.T.);
#4272 = SURFACE_CURVE('',#4273,(#4277,#4284),.PCURVE_S1.);
#4273 = LINE('',#4274,#4275);
#4274 = CARTESIAN_POINT('',(19.,-235.,61.));
#4275 = VECTOR('',#4276,1.);
#4276 = DIRECTION('',(0.,0.,1.));
#4277 = PCURVE('',#4127,#4278);
#4278 = DEFINITIONAL_REPRESENTATION('',(#4279),#4283);
#4279 = LINE('',#4280,#4281);
#4280 = CARTESIAN_POINT('',(-1.,64.));
#4281 = VECTOR('',#4282,1.);
#4282 = DIRECTION('',(1.,0.));
#4283 = ( GEOMETRIC_REPRESENTATION_CONTEXT(2) 
PARAMETRIC_REPRESENTATION_CONTEXT() REPRESENTATION_CONTEXT('2D SPACE',''
  ) );
#4284 = PCURVE('',#4285,#4290);
#4285 = PLANE('',#4286);
#4286 = AXIS2_PLACEMENT_3D('',#4287,#4288,#4289);
#4287 = CARTESIAN_POINT('',(19.,-235.,61.));
#4288 = DIRECTION('',(1.,0.,0.));
#4289 = DIRECTION('',(0.,0.,1.));
#4290 = DEFINITIONAL_REPRESENTATION('',(#4291),#4295);
#4291 = LINE('',#4292,#4293);
#4292 = CARTESIAN_POINT('',(0.,0.));
#4293 = VECTOR('',#4294,1.);
#4294 = DIRECTION('',(1.,0.));
#4295 = ( GEOMETRIC_REPRESENTATION_CONTEXT(2) 
PARAMETRIC_REPRESENTATION_CONTEXT() REPRESENTATION_CONTEXT('2D SPACE',''
  ) );
#4296 = ADVANCED_FACE('',(#4297),#4209,.T.);
#4297 = FACE_BOUND('',#4298,.T.);
#4298 = EDGE_LOOP('',(#4299,#4322,#4323,#4324,#4347,#4375,#4403,#4436,
    #4459,#4492,#4515,#4543,#4571,#4604,#4627,#4655));
#4299 = ORIENTED_EDGE('',*,*,#4300,.F.);
#4300 = EDGE_CURVE('',#4168,#4301,#4303,.T.);
#4301 = VERTEX_POINT('',#4302);
#4302 = CARTESIAN_POINT('',(45.,-165.,162.));
#4303 = SURFACE_CURVE('',#4304,(#4308,#4315),.PCURVE_S1.);
#4304 = LINE('',#4305,#4306);
#4305 = CARTESIAN_POINT('',(-45.,-165.,162.));
#4306 = VECTOR('',#4307,1.);
#4307 = DIRECTION('',(1.,0.,0.));
#4308 = PCURVE('',#4209,#4309);
#4309 = DEFINITIONAL_REPRESENTATION('',(#4310),#4314);
#4310 = LINE('',#4311,#4312);
#4311 = CARTESIAN_POINT('',(0.,70.));
#4312 = VECTOR('',#4313,1.);
#4313 = DIRECTION('',(1.,0.));
#4314 = ( GEOMETRIC_REPRESENTATION_CONTEXT(2) 
PARAMETRIC_REPRESENTATION_CONTEXT() REPRESENTATION_CONTEXT('2D SPACE',''
  ) );
#4315 = PCURVE('',#4183,#4316);
#4316 = DEFINITIONAL_REPRESENTATION('',(#4317),#4321);
#4317 = LINE('',#4318,#4319);
#4318 = CARTESIAN_POINT('',(100.,0.));
#4319 = VECTOR('',#4320,1.);
#4320 = DIRECTION('',(0.,1.));
#4321 = ( GEOMETRIC_REPRESENTATION_CONTEXT(2) 
PARAMETRIC_REPRESENTATION_CONTEXT() REPRESENTATION_CONTEXT('2D SPACE',''
  ) );
#4322 = ORIENTED_EDGE('',*,*,#4195,.F.);
#4323 = ORIENTED_EDGE('',*,*,#4248,.T.);
#4324 = ORIENTED_EDGE('',*,*,#4325,.T.);
#4325 = EDGE_CURVE('',#4249,#4326,#4328,.T.);
#4326 = VERTEX_POINT('',#4327);
#4327 = CARTESIAN_POINT('',(19.,-230.,162.));
#4328 = SURFACE_CURVE('',#4329,(#4333,#4340),.PCURVE_S1.);
#4329 = LINE('',#4330,#4331);
#4330 = CARTESIAN_POINT('',(19.,-235.,162.));
#4331 = VECTOR('',#4332,1.);
#4332 = DIRECTION('',(0.,1.,0.));
#4333 = PCURVE('',#4209,#4334);
#4334 = DEFINITIONAL_REPRESENTATION('',(#4335),#4339);
#4335 = LINE('',#4336,#4337);
#4336 = CARTESIAN_POINT('',(64.,0.));
#4337 = VECTOR('',#4338,1.);
#4338 = DIRECTION('',(0.,1.));
#4339 = ( GEOMETRIC_REPRESENTATION_CONTEXT(2) 
PARAMETRIC_REPRESENTATION_CONTEXT() REPRESENTATION_CONTEXT('2D SPACE',''
  ) );
#4340 = PCURVE('',#4285,#4341);
#4341 = DEFINITIONAL_REPRESENTATION('',(#4342),#4346);
#4342 = LINE('',#4343,#4344);
#4343 = CARTESIAN_POINT('',(101.,0.));
#4344 = VECTOR('',#4345,1.);
#4345 = DIRECTION('',(0.,-1.));
#4346 = ( GEOMETRIC_REPRESENTATION_CONTEXT(2) 
PARAMETRIC_REPRESENTATION_CONTEXT() REPRESENTATION_CONTEXT('2D SPACE',''
  ) );
#4347 = ORIENTED_EDGE('',*,*,#4348,.T.);
#4348 = EDGE_CURVE('',#4326,#4349,#4351,.T.);
#4349 = VERTEX_POINT('',#4350);
#4350 = CARTESIAN_POINT('',(-40.,-230.,162.));
#4351 = SURFACE_CURVE('',#4352,(#4356,#4363),.PCURVE_S1.);
#4352 = LINE('',#4353,#4354);
#4353 = CARTESIAN_POINT('',(-42.5,-230.,162.));
#4354 = VECTOR('',#4355,1.);
#4355 = DIRECTION('',(-1.,0.,0.));
#4356 = PCURVE('',#4209,#4357);
#4357 = DEFINITIONAL_REPRESENTATION('',(#4358),#4362);
#4358 = LINE('',#4359,#4360);
#4359 = CARTESIAN_POINT('',(2.5,5.));
#4360 = VECTOR('',#4361,1.);
#4361 = DIRECTION('',(-1.,0.));
#4362 = ( GEOMETRIC_REPRESENTATION_CONTEXT(2) 
PARAMETRIC_REPRESENTATION_CONTEXT() REPRESENTATION_CONTEXT('2D SPACE',''
  ) );
#4363 = PCURVE('',#4364,#4369);
#4364 = PLANE('',#4365);
#4365 = AXIS2_PLACEMENT_3D('',#4366,#4367,#4368);
#4366 = CARTESIAN_POINT('',(-40.,-230.,61.));
#4367 = DIRECTION('',(0.,1.,0.));
#4368 = DIRECTION('',(0.,0.,1.));
#4369 = DEFINITIONAL_REPRESENTATION('',(#4370),#4374);
#4370 = LINE('',#4371,#4372);
#4371 = CARTESIAN_POINT('',(101.,-2.5));
#4372 = VECTOR('',#4373,1.);
#4373 = DIRECTION('',(0.,-1.));
#4374 = ( GEOMETRIC_REPRESENTATION_CONTEXT(2) 
PARAMETRIC_REPRESENTATION_CONTEXT() REPRESENTATION_CONTEXT('2D SPACE',''
  ) );
#4375 = ORIENTED_EDGE('',*,*,#4376,.T.);
#4376 = EDGE_CURVE('',#4349,#4377,#4379,.T.);
#4377 = VERTEX_POINT('',#4378);
#4378 = CARTESIAN_POINT('',(-40.,-224.9165151389,162.));
#4379 = SURFACE_CURVE('',#4380,(#4384,#4391),.PCURVE_S1.);
#4380 = LINE('',#4381,#4382);
#4381 = CARTESIAN_POINT('',(-40.,-232.5,162.));
#4382 = VECTOR('',#4383,1.);
#4383 = DIRECTION('',(0.,1.,0.));
#4384 = PCURVE('',#4209,#4385);
#4385 = DEFINITIONAL_REPRESENTATION('',(#4386),#4390);
#4386 = LINE('',#4387,#4388);
#4387 = CARTESIAN_POINT('',(5.,2.5));
#4388 = VECTOR('',#4389,1.);
#4389 = DIRECTION('',(0.,1.));
#4390 = ( GEOMETRIC_REPRESENTATION_CONTEXT(2) 
PARAMETRIC_REPRESENTATION_CONTEXT() REPRESENTATION_CONTEXT('2D SPACE',''
  ) );
#4391 = PCURVE('',#4392,#4397);
#4392 = PLANE('',#4393);
#4393 = AXIS2_PLACEMENT_3D('',#4394,#4395,#4396);
#4394 = CARTESIAN_POINT('',(-40.,-230.,61.));
#4395 = DIRECTION('',(1.,0.,0.));
#4396 = DIRECTION('',(0.,0.,1.));
#4397 = DEFINITIONAL_REPRESENTATION('',(#4398),#4402);
#4398 = LINE('',#4399,#4400);
#4399 = CARTESIAN_POINT('',(101.,2.5));
#4400 = VECTOR('',#4401,1.);
#4401 = DIRECTION('',(0.,-1.));
#4402 = ( GEOMETRIC_REPRESENTATION_CONTEXT(2) 
PARAMETRIC_REPRESENTATION_CONTEXT() REPRESENTATION_CONTEXT('2D SPACE',''
  ) );
#4403 = ORIENTED_EDGE('',*,*,#4404,.T.);
#4404 = EDGE_CURVE('',#4377,#4405,#4407,.T.);
#4405 = VERTEX_POINT('',#4406);
#4406 = CARTESIAN_POINT('',(-40.,-223.083484861,162.));
#4407 = SURFACE_CURVE('',#4408,(#4413,#4424),.PCURVE_S1.);
#4408 = CIRCLE('',#4409,2.2);
#4409 = AXIS2_PLACEMENT_3D('',#4410,#4411,#4412);
#4410 = CARTESIAN_POINT('',(-38.,-224.,162.));
#4411 = DIRECTION('',(0.,0.,-1.));
#4412 = DIRECTION('',(1.,0.,0.));
#4413 = PCURVE('',#4209,#4414);
#4414 = DEFINITIONAL_REPRESENTATION('',(#4415),#4423);
#4415 = ( BOUNDED_CURVE() B_SPLINE_CURVE(2,(#4416,#4417,#4418,#4419,
#4420,#4421,#4422),.UNSPECIFIED.,.T.,.F.) B_SPLINE_CURVE_WITH_KNOTS((1,2
    ,2,2,2,1),(-2.094395102393,0.,2.094395102393,4.188790204786,
6.28318530718,8.377580409573),.UNSPECIFIED.) CURVE() 
GEOMETRIC_REPRESENTATION_ITEM() RATIONAL_B_SPLINE_CURVE((1.,0.5,1.,0.5,
1.,0.5,1.)) REPRESENTATION_ITEM('') );
#4416 = CARTESIAN_POINT('',(9.2,11.));
#4417 = CARTESIAN_POINT('',(9.2,7.189488223348));
#4418 = CARTESIAN_POINT('',(5.9,9.094744111674));
#4419 = CARTESIAN_POINT('',(2.6,11.));
#4420 = CARTESIAN_POINT('',(5.9,12.905255888326));
#4421 = CARTESIAN_POINT('',(9.2,14.810511776652));
#4422 = CARTESIAN_POINT('',(9.2,11.));
#4423 = ( GEOMETRIC_REPRESENTATION_CONTEXT(2) 
PARAMETRIC_REPRESENTATION_CONTEXT() REPRESENTATION_CONTEXT('2D SPACE',''
  ) );
#4424 = PCURVE('',#4425,#4430);
#4425 = CYLINDRICAL_SURFACE('',#4426,2.2);
#4426 = AXIS2_PLACEMENT_3D('',#4427,#4428,#4429);
#4427 = CARTESIAN_POINT('',(-38.,-224.,112.));
#4428 = DIRECTION('',(-0.,-0.,-1.));
#4429 = DIRECTION('',(1.,0.,0.));
#4430 = DEFINITIONAL_REPRESENTATION('',(#4431),#4435);
#4431 = LINE('',#4432,#4433);
#4432 = CARTESIAN_POINT('',(-6.28318530718,-50.));
#4433 = VECTOR('',#4434,1.);
#4434 = DIRECTION('',(1.,-0.));
#4435 = ( GEOMETRIC_REPRESENTATION_CONTEXT(2) 
PARAMETRIC_REPRESENTATION_CONTEXT() REPRESENTATION_CONTEXT('2D SPACE',''
  ) );
#4436 = ORIENTED_EDGE('',*,*,#4437,.T.);
#4437 = EDGE_CURVE('',#4405,#4438,#4440,.T.);
#4438 = VERTEX_POINT('',#4439);
#4439 = CARTESIAN_POINT('',(-40.,-176.9165151389,162.));
#4440 = SURFACE_CURVE('',#4441,(#4445,#4452),.PCURVE_S1.);
#4441 = LINE('',#4442,#4443);
#4442 = CARTESIAN_POINT('',(-40.,-232.5,162.));
#4443 = VECTOR('',#4444,1.);
#4444 = DIRECTION('',(0.,1.,0.));
#4445 = PCURVE('',#4209,#4446);
#4446 = DEFINITIONAL_REPRESENTATION('',(#4447),#4451);
#4447 = LINE('',#4448,#4449);
#4448 = CARTESIAN_POINT('',(5.,2.5));
#4449 = VECTOR('',#4450,1.);
#4450 = DIRECTION('',(0.,1.));
#4451 = ( GEOMETRIC_REPRESENTATION_CONTEXT(2) 
PARAMETRIC_REPRESENTATION_CONTEXT() REPRESENTATION_CONTEXT('2D SPACE',''
  ) );
#4452 = PCURVE('',#4392,#4453);
#4453 = DEFINITIONAL_REPRESENTATION('',(#4454),#4458);
#4454 = LINE('',#4455,#4456);
#4455 = CARTESIAN_POINT('',(101.,2.5));
#4456 = VECTOR('',#4457,1.);
#4457 = DIRECTION('',(0.,-1.));
#4458 = ( GEOMETRIC_REPRESENTATION_CONTEXT(2) 
PARAMETRIC_REPRESENTATION_CONTEXT() REPRESENTATION_CONTEXT('2D SPACE',''
  ) );
#4459 = ORIENTED_EDGE('',*,*,#4460,.T.);
#4460 = EDGE_CURVE('',#4438,#4461,#4463,.T.);
#4461 = VERTEX_POINT('',#4462);
#4462 = CARTESIAN_POINT('',(-40.,-175.083484861,162.));
#4463 = SURFACE_CURVE('',#4464,(#4469,#4480),.PCURVE_S1.);
#4464 = CIRCLE('',#4465,2.2);
#4465 = AXIS2_PLACEMENT_3D('',#4466,#4467,#4468);
#4466 = CARTESIAN_POINT('',(-38.,-176.,162.));
#4467 = DIRECTION('',(0.,0.,-1.));
#4468 = DIRECTION('',(1.,0.,0.));
#4469 = PCURVE('',#4209,#4470);
#4470 = DEFINITIONAL_REPRESENTATION('',(#4471),#4479);
#4471 = ( BOUNDED_CURVE() B_SPLINE_CURVE(2,(#4472,#4473,#4474,#4475,
#4476,#4477,#4478),.UNSPECIFIED.,.T.,.F.) B_SPLINE_CURVE_WITH_KNOTS((1,2
    ,2,2,2,1),(-2.094395102393,0.,2.094395102393,4.188790204786,
6.28318530718,8.377580409573),.UNSPECIFIED.) CURVE() 
GEOMETRIC_REPRESENTATION_ITEM() RATIONAL_B_SPLINE_CURVE((1.,0.5,1.,0.5,
1.,0.5,1.)) REPRESENTATION_ITEM('') );
#4472 = CARTESIAN_POINT('',(9.2,59.));
#4473 = CARTESIAN_POINT('',(9.2,55.189488223348));
#4474 = CARTESIAN_POINT('',(5.9,57.094744111674));
#4475 = CARTESIAN_POINT('',(2.6,59.));
#4476 = CARTESIAN_POINT('',(5.9,60.905255888326));
#4477 = CARTESIAN_POINT('',(9.2,62.810511776652));
#4478 = CARTESIAN_POINT('',(9.2,59.));
#4479 = ( GEOMETRIC_REPRESENTATION_CONTEXT(2) 
PARAMETRIC_REPRESENTATION_CONTEXT() REPRESENTATION_CONTEXT('2D SPACE',''
  ) );
#4480 = PCURVE('',#4481,#4486);
#4481 = CYLINDRICAL_SURFACE('',#4482,2.2);
#4482 = AXIS2_PLACEMENT_3D('',#4483,#4484,#4485);
#4483 = CARTESIAN_POINT('',(-38.,-176.,112.));
#4484 = DIRECTION('',(-0.,-0.,-1.));
#4485 = DIRECTION('',(1.,0.,0.));
#4486 = DEFINITIONAL_REPRESENTATION('',(#4487),#4491);
#4487 = LINE('',#4488,#4489);
#4488 = CARTESIAN_POINT('',(-6.28318530718,-50.));
#4489 = VECTOR('',#4490,1.);
#4490 = DIRECTION('',(1.,-0.));
#4491 = ( GEOMETRIC_REPRESENTATION_CONTEXT(2) 
PARAMETRIC_REPRESENTATION_CONTEXT() REPRESENTATION_CONTEXT('2D SPACE',''
  ) );
#4492 = ORIENTED_EDGE('',*,*,#4493,.T.);
#4493 = EDGE_CURVE('',#4461,#4494,#4496,.T.);
#4494 = VERTEX_POINT('',#4495);
#4495 = CARTESIAN_POINT('',(-40.,-170.,162.));
#4496 = SURFACE_CURVE('',#4497,(#4501,#4508),.PCURVE_S1.);
#4497 = LINE('',#4498,#4499);
#4498 = CARTESIAN_POINT('',(-40.,-232.5,162.));
#4499 = VECTOR('',#4500,1.);
#4500 = DIRECTION('',(0.,1.,0.));
#4501 = PCURVE('',#4209,#4502);
#4502 = DEFINITIONAL_REPRESENTATION('',(#4503),#4507);
#4503 = LINE('',#4504,#4505);
#4504 = CARTESIAN_POINT('',(5.,2.5));
#4505 = VECTOR('',#4506,1.);
#4506 = DIRECTION('',(0.,1.));
#4507 = ( GEOMETRIC_REPRESENTATION_CONTEXT(2) 
PARAMETRIC_REPRESENTATION_CONTEXT() REPRESENTATION_CONTEXT('2D SPACE',''
  ) );
#4508 = PCURVE('',#4392,#4509);
#4509 = DEFINITIONAL_REPRESENTATION('',(#4510),#4514);
#4510 = LINE('',#4511,#4512);
#4511 = CARTESIAN_POINT('',(101.,2.5));
#4512 = VECTOR('',#4513,1.);
#4513 = DIRECTION('',(0.,-1.));
#4514 = ( GEOMETRIC_REPRESENTATION_CONTEXT(2) 
PARAMETRIC_REPRESENTATION_CONTEXT() REPRESENTATION_CONTEXT('2D SPACE',''
  ) );
#4515 = ORIENTED_EDGE('',*,*,#4516,.F.);
#4516 = EDGE_CURVE('',#4517,#4494,#4519,.T.);
#4517 = VERTEX_POINT('',#4518);
#4518 = CARTESIAN_POINT('',(40.,-170.,162.));
#4519 = SURFACE_CURVE('',#4520,(#4524,#4531),.PCURVE_S1.);
#4520 = LINE('',#4521,#4522);
#4521 = CARTESIAN_POINT('',(-42.5,-170.,162.));
#4522 = VECTOR('',#4523,1.);
#4523 = DIRECTION('',(-1.,0.,0.));
#4524 = PCURVE('',#4209,#4525);
#4525 = DEFINITIONAL_REPRESENTATION('',(#4526),#4530);
#4526 = LINE('',#4527,#4528);
#4527 = CARTESIAN_POINT('',(2.5,65.));
#4528 = VECTOR('',#4529,1.);
#4529 = DIRECTION('',(-1.,0.));
#4530 = ( GEOMETRIC_REPRESENTATION_CONTEXT(2) 
PARAMETRIC_REPRESENTATION_CONTEXT() REPRESENTATION_CONTEXT('2D SPACE',''
  ) );
#4531 = PCURVE('',#4532,#4537);
#4532 = PLANE('',#4533);
#4533 = AXIS2_PLACEMENT_3D('',#4534,#4535,#4536);
#4534 = CARTESIAN_POINT('',(-40.,-170.,61.));
#4535 = DIRECTION('',(0.,1.,0.));
#4536 = DIRECTION('',(0.,0.,1.));
#4537 = DEFINITIONAL_REPRESENTATION('',(#4538),#4542);
#4538 = LINE('',#4539,#4540);
#4539 = CARTESIAN_POINT('',(101.,-2.5));
#4540 = VECTOR('',#4541,1.);
#4541 = DIRECTION('',(0.,-1.));
#4542 = ( GEOMETRIC_REPRESENTATION_CONTEXT(2) 
PARAMETRIC_REPRESENTATION_CONTEXT() REPRESENTATION_CONTEXT('2D SPACE',''
  ) );
#4543 = ORIENTED_EDGE('',*,*,#4544,.F.);
#4544 = EDGE_CURVE('',#4545,#4517,#4547,.T.);
#4545 = VERTEX_POINT('',#4546);
#4546 = CARTESIAN_POINT('',(40.,-175.083484861,162.));
#4547 = SURFACE_CURVE('',#4548,(#4552,#4559),.PCURVE_S1.);
#4548 = LINE('',#4549,#4550);
#4549 = CARTESIAN_POINT('',(40.,-232.5,162.));
#4550 = VECTOR('',#4551,1.);
#4551 = DIRECTION('',(0.,1.,0.));
#4552 = PCURVE('',#4209,#4553);
#4553 = DEFINITIONAL_REPRESENTATION('',(#4554),#4558);
#4554 = LINE('',#4555,#4556);
#4555 = CARTESIAN_POINT('',(85.,2.5));
#4556 = VECTOR('',#4557,1.);
#4557 = DIRECTION('',(0.,1.));
#4558 = ( GEOMETRIC_REPRESENTATION_CONTEXT(2) 
PARAMETRIC_REPRESENTATION_CONTEXT() REPRESENTATION_CONTEXT('2D SPACE',''
  ) );
#4559 = PCURVE('',#4560,#4565);
#4560 = PLANE('',#4561);
#4561 = AXIS2_PLACEMENT_3D('',#4562,#4563,#4564);
#4562 = CARTESIAN_POINT('',(40.,-230.,61.));
#4563 = DIRECTION('',(1.,0.,0.));
#4564 = DIRECTION('',(0.,0.,1.));
#4565 = DEFINITIONAL_REPRESENTATION('',(#4566),#4570);
#4566 = LINE('',#4567,#4568);
#4567 = CARTESIAN_POINT('',(101.,2.5));
#4568 = VECTOR('',#4569,1.);
#4569 = DIRECTION('',(0.,-1.));
#4570 = ( GEOMETRIC_REPRESENTATION_CONTEXT(2) 
PARAMETRIC_REPRESENTATION_CONTEXT() REPRESENTATION_CONTEXT('2D SPACE',''
  ) );
#4571 = ORIENTED_EDGE('',*,*,#4572,.T.);
#4572 = EDGE_CURVE('',#4545,#4573,#4575,.T.);
#4573 = VERTEX_POINT('',#4574);
#4574 = CARTESIAN_POINT('',(40.,-176.9165151389,162.));
#4575 = SURFACE_CURVE('',#4576,(#4581,#4592),.PCURVE_S1.);
#4576 = CIRCLE('',#4577,2.2);
#4577 = AXIS2_PLACEMENT_3D('',#4578,#4579,#4580);
#4578 = CARTESIAN_POINT('',(38.,-176.,162.));
#4579 = DIRECTION('',(0.,0.,-1.));
#4580 = DIRECTION('',(0.909090909091,0.41659779045,0.));
#4581 = PCURVE('',#4209,#4582);
#4582 = DEFINITIONAL_REPRESENTATION('',(#4583),#4591);
#4583 = ( BOUNDED_CURVE() B_SPLINE_CURVE(2,(#4584,#4585,#4586,#4587,
#4588,#4589,#4590),.UNSPECIFIED.,.T.,.F.) B_SPLINE_CURVE_WITH_KNOTS((1,2
    ,2,2,2,1),(-2.094395102393,0.,2.094395102393,4.188790204786,
6.28318530718,8.377580409573),.UNSPECIFIED.) CURVE() 
GEOMETRIC_REPRESENTATION_ITEM() RATIONAL_B_SPLINE_CURVE((1.,0.5,1.,0.5,
1.,0.5,1.)) REPRESENTATION_ITEM('') );
#4584 = CARTESIAN_POINT('',(85.000000000001,59.91651513899));
#4585 = CARTESIAN_POINT('',(86.587450786637,56.452413523851));
#4586 = CARTESIAN_POINT('',(82.793725393318,56.809691622936));
#4587 = CARTESIAN_POINT('',(78.999999999999,57.166969722021));
#4588 = CARTESIAN_POINT('',(81.206274606682,60.273793238075));
#4589 = CARTESIAN_POINT('',(83.412549213365,63.380616754129));
#4590 = CARTESIAN_POINT('',(85.000000000001,59.91651513899));
#4591 = ( GEOMETRIC_REPRESENTATION_CONTEXT(2) 
PARAMETRIC_REPRESENTATION_CONTEXT() REPRESENTATION_CONTEXT('2D SPACE',''
  ) );
#4592 = PCURVE('',#4593,#4598);
#4593 = CYLINDRICAL_SURFACE('',#4594,2.2);
#4594 = AXIS2_PLACEMENT_3D('',#4595,#4596,#4597);
#4595 = CARTESIAN_POINT('',(38.,-176.,112.));
#4596 = DIRECTION('',(-0.,-0.,-1.));
#4597 = DIRECTION('',(1.,0.,0.));
#4598 = DEFINITIONAL_REPRESENTATION('',(#4599),#4603);
#4599 = LINE('',#4600,#4601);
#4600 = CARTESIAN_POINT('',(-6.71288497333,-50.));
#4601 = VECTOR('',#4602,1.);
#4602 = DIRECTION('',(1.,-0.));
#4603 = ( GEOMETRIC_REPRESENTATION_CONTEXT(2) 
PARAMETRIC_REPRESENTATION_CONTEXT() REPRESENTATION_CONTEXT('2D SPACE',''
  ) );
#4604 = ORIENTED_EDGE('',*,*,#4605,.F.);
#4605 = EDGE_CURVE('',#4606,#4573,#4608,.T.);
#4606 = VERTEX_POINT('',#4607);
#4607 = CARTESIAN_POINT('',(40.,-215.,162.));
#4608 = SURFACE_CURVE('',#4609,(#4613,#4620),.PCURVE_S1.);
#4609 = LINE('',#4610,#4611);
#4610 = CARTESIAN_POINT('',(40.,-232.5,162.));
#4611 = VECTOR('',#4612,1.);
#4612 = DIRECTION('',(0.,1.,0.));
#4613 = PCURVE('',#4209,#4614);
#4614 = DEFINITIONAL_REPRESENTATION('',(#4615),#4619);
#4615 = LINE('',#4616,#4617);
#4616 = CARTESIAN_POINT('',(85.,2.5));
#4617 = VECTOR('',#4618,1.);
#4618 = DIRECTION('',(0.,1.));
#4619 = ( GEOMETRIC_REPRESENTATION_CONTEXT(2) 
PARAMETRIC_REPRESENTATION_CONTEXT() REPRESENTATION_CONTEXT('2D SPACE',''
  ) );
#4620 = PCURVE('',#4560,#4621);
#4621 = DEFINITIONAL_REPRESENTATION('',(#4622),#4626);
#4622 = LINE('',#4623,#4624);
#4623 = CARTESIAN_POINT('',(101.,2.5));
#4624 = VECTOR('',#4625,1.);
#4625 = DIRECTION('',(0.,-1.));
#4626 = ( GEOMETRIC_REPRESENTATION_CONTEXT(2) 
PARAMETRIC_REPRESENTATION_CONTEXT() REPRESENTATION_CONTEXT('2D SPACE',''
  ) );
#4627 = ORIENTED_EDGE('',*,*,#4628,.F.);
#4628 = EDGE_CURVE('',#4629,#4606,#4631,.T.);
#4629 = VERTEX_POINT('',#4630);
#4630 = CARTESIAN_POINT('',(45.,-215.,162.));
#4631 = SURFACE_CURVE('',#4632,(#4636,#4643),.PCURVE_S1.);
#4632 = LINE('',#4633,#4634);
#4633 = CARTESIAN_POINT('',(-13.,-215.,162.));
#4634 = VECTOR('',#4635,1.);
#4635 = DIRECTION('',(-1.,0.,0.));
#4636 = PCURVE('',#4209,#4637);
#4637 = DEFINITIONAL_REPRESENTATION('',(#4638),#4642);
#4638 = LINE('',#4639,#4640);
#4639 = CARTESIAN_POINT('',(32.,20.));
#4640 = VECTOR('',#4641,1.);
#4641 = DIRECTION('',(-1.,0.));
#4642 = ( GEOMETRIC_REPRESENTATION_CONTEXT(2) 
PARAMETRIC_REPRESENTATION_CONTEXT() REPRESENTATION_CONTEXT('2D SPACE',''
  ) );
#4643 = PCURVE('',#4644,#4649);
#4644 = PLANE('',#4645);
#4645 = AXIS2_PLACEMENT_3D('',#4646,#4647,#4648);
#4646 = CARTESIAN_POINT('',(19.,-215.,61.));
#4647 = DIRECTION('',(0.,1.,0.));
#4648 = DIRECTION('',(0.,0.,1.));
#4649 = DEFINITIONAL_REPRESENTATION('',(#4650),#4654);
#4650 = LINE('',#4651,#4652);
#4651 = CARTESIAN_POINT('',(101.,-32.));
#4652 = VECTOR('',#4653,1.);
#4653 = DIRECTION('',(0.,-1.));
#4654 = ( GEOMETRIC_REPRESENTATION_CONTEXT(2) 
PARAMETRIC_REPRESENTATION_CONTEXT() REPRESENTATION_CONTEXT('2D SPACE',''
  ) );
#4655 = ORIENTED_EDGE('',*,*,#4656,.T.);
#4656 = EDGE_CURVE('',#4629,#4301,#4657,.T.);
#4657 = SURFACE_CURVE('',#4658,(#4662,#4669),.PCURVE_S1.);
#4658 = LINE('',#4659,#4660);
#4659 = CARTESIAN_POINT('',(45.,-235.,162.));
#4660 = VECTOR('',#4661,1.);
#4661 = DIRECTION('',(0.,1.,0.));
#4662 = PCURVE('',#4209,#4663);
#4663 = DEFINITIONAL_REPRESENTATION('',(#4664),#4668);
#4664 = LINE('',#4665,#4666);
#4665 = CARTESIAN_POINT('',(90.,0.));
#4666 = VECTOR('',#4667,1.);
#4667 = DIRECTION('',(0.,1.));
#4668 = ( GEOMETRIC_REPRESENTATION_CONTEXT(2) 
PARAMETRIC_REPRESENTATION_CONTEXT() REPRESENTATION_CONTEXT('2D SPACE',''
  ) );
#4669 = PCURVE('',#4670,#4675);
#4670 = PLANE('',#4671);
#4671 = AXIS2_PLACEMENT_3D('',#4672,#4673,#4674);
#4672 = CARTESIAN_POINT('',(45.,-235.,62.));
#4673 = DIRECTION('',(1.,0.,0.));
#4674 = DIRECTION('',(0.,0.,1.));
#4675 = DEFINITIONAL_REPRESENTATION('',(#4676),#4680);
#4676 = LINE('',#4677,#4678);
#4677 = CARTESIAN_POINT('',(100.,0.));
#4678 = VECTOR('',#4679,1.);
#4679 = DIRECTION('',(0.,-1.));
#4680 = ( GEOMETRIC_REPRESENTATION_CONTEXT(2) 
PARAMETRIC_REPRESENTATION_CONTEXT() REPRESENTATION_CONTEXT('2D SPACE',''
  ) );
#4681 = ADVANCED_FACE('',(#4682),#4183,.T.);
#4682 = FACE_BOUND('',#4683,.T.);
#4683 = EDGE_LOOP('',(#4684,#4707,#4708,#4709));
#4684 = ORIENTED_EDGE('',*,*,#4685,.F.);
#4685 = EDGE_CURVE('',#4140,#4686,#4688,.T.);
#4686 = VERTEX_POINT('',#4687);
#4687 = CARTESIAN_POINT('',(45.,-165.,62.));
#4688 = SURFACE_CURVE('',#4689,(#4693,#4700),.PCURVE_S1.);
#4689 = LINE('',#4690,#4691);
#4690 = CARTESIAN_POINT('',(-45.,-165.,62.));
#4691 = VECTOR('',#4692,1.);
#4692 = DIRECTION('',(1.,0.,0.));
#4693 = PCURVE('',#4183,#4694);
#4694 = DEFINITIONAL_REPRESENTATION('',(#4695),#4699);
#4695 = LINE('',#4696,#4697);
#4696 = CARTESIAN_POINT('',(0.,0.));
#4697 = VECTOR('',#4698,1.);
#4698 = DIRECTION('',(0.,1.));
#4699 = ( GEOMETRIC_REPRESENTATION_CONTEXT(2) 
PARAMETRIC_REPRESENTATION_CONTEXT() REPRESENTATION_CONTEXT('2D SPACE',''
  ) );
#4700 = PCURVE('',#4155,#4701);
#4701 = DEFINITIONAL_REPRESENTATION('',(#4702),#4706);
#4702 = LINE('',#4703,#4704);
#4703 = CARTESIAN_POINT('',(0.,70.));
#4704 = VECTOR('',#4705,1.);
#4705 = DIRECTION('',(1.,0.));
#4706 = ( GEOMETRIC_REPRESENTATION_CONTEXT(2) 
PARAMETRIC_REPRESENTATION_CONTEXT() REPRESENTATION_CONTEXT('2D SPACE',''
  ) );
#4707 = ORIENTED_EDGE('',*,*,#4167,.T.);
#4708 = ORIENTED_EDGE('',*,*,#4300,.T.);
#4709 = ORIENTED_EDGE('',*,*,#4710,.F.);
#4710 = EDGE_CURVE('',#4686,#4301,#4711,.T.);
#4711 = SURFACE_CURVE('',#4712,(#4716,#4723),.PCURVE_S1.);
#4712 = LINE('',#4713,#4714);
#4713 = CARTESIAN_POINT('',(45.,-165.,62.));
#4714 = VECTOR('',#4715,1.);
#4715 = DIRECTION('',(0.,0.,1.));
#4716 = PCURVE('',#4183,#4717);
#4717 = DEFINITIONAL_REPRESENTATION('',(#4718),#4722);
#4718 = LINE('',#4719,#4720);
#4719 = CARTESIAN_POINT('',(0.,90.));
#4720 = VECTOR('',#4721,1.);
#4721 = DIRECTION('',(1.,0.));
#4722 = ( GEOMETRIC_REPRESENTATION_CONTEXT(2) 
PARAMETRIC_REPRESENTATION_CONTEXT() REPRESENTATION_CONTEXT('2D SPACE',''
  ) );
#4723 = PCURVE('',#4670,#4724);
#4724 = DEFINITIONAL_REPRESENTATION('',(#4725),#4729);
#4725 = LINE('',#4726,#4727);
#4726 = CARTESIAN_POINT('',(0.,-70.));
#4727 = VECTOR('',#4728,1.);
#4728 = DIRECTION('',(1.,0.));
#4729 = ( GEOMETRIC_REPRESENTATION_CONTEXT(2) 
PARAMETRIC_REPRESENTATION_CONTEXT() REPRESENTATION_CONTEXT('2D SPACE',''
  ) );
#4730 = ADVANCED_FACE('',(#4731),#4155,.F.);
#4731 = FACE_BOUND('',#4732,.F.);
#4732 = EDGE_LOOP('',(#4733,#4734,#4735,#4736,#4759,#4782,#4805,#4828,
    #4851,#4874));
#4733 = ORIENTED_EDGE('',*,*,#4685,.F.);
#4734 = ORIENTED_EDGE('',*,*,#4139,.F.);
#4735 = ORIENTED_EDGE('',*,*,#4224,.T.);
#4736 = ORIENTED_EDGE('',*,*,#4737,.T.);
#4737 = EDGE_CURVE('',#4225,#4738,#4740,.T.);
#4738 = VERTEX_POINT('',#4739);
#4739 = CARTESIAN_POINT('',(19.,-230.,62.));
#4740 = SURFACE_CURVE('',#4741,(#4745,#4752),.PCURVE_S1.);
#4741 = LINE('',#4742,#4743);
#4742 = CARTESIAN_POINT('',(19.,-235.,62.));
#4743 = VECTOR('',#4744,1.);
#4744 = DIRECTION('',(0.,1.,0.));
#4745 = PCURVE('',#4155,#4746);
#4746 = DEFINITIONAL_REPRESENTATION('',(#4747),#4751);
#4747 = LINE('',#4748,#4749);
#4748 = CARTESIAN_POINT('',(64.,0.));
#4749 = VECTOR('',#4750,1.);
#4750 = DIRECTION('',(0.,1.));
#4751 = ( GEOMETRIC_REPRESENTATION_CONTEXT(2) 
PARAMETRIC_REPRESENTATION_CONTEXT() REPRESENTATION_CONTEXT('2D SPACE',''
  ) );
#4752 = PCURVE('',#4285,#4753);
#4753 = DEFINITIONAL_REPRESENTATION('',(#4754),#4758);
#4754 = LINE('',#4755,#4756);
#4755 = CARTESIAN_POINT('',(1.,0.));
#4756 = VECTOR('',#4757,1.);
#4757 = DIRECTION('',(0.,-1.));
#4758 = ( GEOMETRIC_REPRESENTATION_CONTEXT(2) 
PARAMETRIC_REPRESENTATION_CONTEXT() REPRESENTATION_CONTEXT('2D SPACE',''
  ) );
#4759 = ORIENTED_EDGE('',*,*,#4760,.T.);
#4760 = EDGE_CURVE('',#4738,#4761,#4763,.T.);
#4761 = VERTEX_POINT('',#4762);
#4762 = CARTESIAN_POINT('',(-40.,-230.,62.));
#4763 = SURFACE_CURVE('',#4764,(#4768,#4775),.PCURVE_S1.);
#4764 = LINE('',#4765,#4766);
#4765 = CARTESIAN_POINT('',(-42.5,-230.,62.));
#4766 = VECTOR('',#4767,1.);
#4767 = DIRECTION('',(-1.,0.,0.));
#4768 = PCURVE('',#4155,#4769);
#4769 = DEFINITIONAL_REPRESENTATION('',(#4770),#4774);
#4770 = LINE('',#4771,#4772);
#4771 = CARTESIAN_POINT('',(2.5,5.));
#4772 = VECTOR('',#4773,1.);
#4773 = DIRECTION('',(-1.,0.));
#4774 = ( GEOMETRIC_REPRESENTATION_CONTEXT(2) 
PARAMETRIC_REPRESENTATION_CONTEXT() REPRESENTATION_CONTEXT('2D SPACE',''
  ) );
#4775 = PCURVE('',#4364,#4776);
#4776 = DEFINITIONAL_REPRESENTATION('',(#4777),#4781);
#4777 = LINE('',#4778,#4779);
#4778 = CARTESIAN_POINT('',(1.,-2.5));
#4779 = VECTOR('',#4780,1.);
#4780 = DIRECTION('',(0.,-1.));
#4781 = ( GEOMETRIC_REPRESENTATION_CONTEXT(2) 
PARAMETRIC_REPRESENTATION_CONTEXT() REPRESENTATION_CONTEXT('2D SPACE',''
  ) );
#4782 = ORIENTED_EDGE('',*,*,#4783,.T.);
#4783 = EDGE_CURVE('',#4761,#4784,#4786,.T.);
#4784 = VERTEX_POINT('',#4785);
#4785 = CARTESIAN_POINT('',(-40.,-170.,62.));
#4786 = SURFACE_CURVE('',#4787,(#4791,#4798),.PCURVE_S1.);
#4787 = LINE('',#4788,#4789);
#4788 = CARTESIAN_POINT('',(-40.,-232.5,62.));
#4789 = VECTOR('',#4790,1.);
#4790 = DIRECTION('',(0.,1.,0.));
#4791 = PCURVE('',#4155,#4792);
#4792 = DEFINITIONAL_REPRESENTATION('',(#4793),#4797);
#4793 = LINE('',#4794,#4795);
#4794 = CARTESIAN_POINT('',(5.,2.5));
#4795 = VECTOR('',#4796,1.);
#4796 = DIRECTION('',(0.,1.));
#4797 = ( GEOMETRIC_REPRESENTATION_CONTEXT(2) 
PARAMETRIC_REPRESENTATION_CONTEXT() REPRESENTATION_CONTEXT('2D SPACE',''
  ) );
#4798 = PCURVE('',#4392,#4799);
#4799 = DEFINITIONAL_REPRESENTATION('',(#4800),#4804);
#4800 = LINE('',#4801,#4802);
#4801 = CARTESIAN_POINT('',(1.,2.5));
#4802 = VECTOR('',#4803,1.);
#4803 = DIRECTION('',(0.,-1.));
#4804 = ( GEOMETRIC_REPRESENTATION_CONTEXT(2) 
PARAMETRIC_REPRESENTATION_CONTEXT() REPRESENTATION_CONTEXT('2D SPACE',''
  ) );
#4805 = ORIENTED_EDGE('',*,*,#4806,.F.);
#4806 = EDGE_CURVE('',#4807,#4784,#4809,.T.);
#4807 = VERTEX_POINT('',#4808);
#4808 = CARTESIAN_POINT('',(40.,-170.,62.));
#4809 = SURFACE_CURVE('',#4810,(#4814,#4821),.PCURVE_S1.);
#4810 = LINE('',#4811,#4812);
#4811 = CARTESIAN_POINT('',(-42.5,-170.,62.));
#4812 = VECTOR('',#4813,1.);
#4813 = DIRECTION('',(-1.,0.,0.));
#4814 = PCURVE('',#4155,#4815);
#4815 = DEFINITIONAL_REPRESENTATION('',(#4816),#4820);
#4816 = LINE('',#4817,#4818);
#4817 = CARTESIAN_POINT('',(2.5,65.));
#4818 = VECTOR('',#4819,1.);
#4819 = DIRECTION('',(-1.,0.));
#4820 = ( GEOMETRIC_REPRESENTATION_CONTEXT(2) 
PARAMETRIC_REPRESENTATION_CONTEXT() REPRESENTATION_CONTEXT('2D SPACE',''
  ) );
#4821 = PCURVE('',#4532,#4822);
#4822 = DEFINITIONAL_REPRESENTATION('',(#4823),#4827);
#4823 = LINE('',#4824,#4825);
#4824 = CARTESIAN_POINT('',(1.,-2.5));
#4825 = VECTOR('',#4826,1.);
#4826 = DIRECTION('',(0.,-1.));
#4827 = ( GEOMETRIC_REPRESENTATION_CONTEXT(2) 
PARAMETRIC_REPRESENTATION_CONTEXT() REPRESENTATION_CONTEXT('2D SPACE',''
  ) );
#4828 = ORIENTED_EDGE('',*,*,#4829,.F.);
#4829 = EDGE_CURVE('',#4830,#4807,#4832,.T.);
#4830 = VERTEX_POINT('',#4831);
#4831 = CARTESIAN_POINT('',(40.,-215.,62.));
#4832 = SURFACE_CURVE('',#4833,(#4837,#4844),.PCURVE_S1.);
#4833 = LINE('',#4834,#4835);
#4834 = CARTESIAN_POINT('',(40.,-232.5,62.));
#4835 = VECTOR('',#4836,1.);
#4836 = DIRECTION('',(0.,1.,0.));
#4837 = PCURVE('',#4155,#4838);
#4838 = DEFINITIONAL_REPRESENTATION('',(#4839),#4843);
#4839 = LINE('',#4840,#4841);
#4840 = CARTESIAN_POINT('',(85.,2.5));
#4841 = VECTOR('',#4842,1.);
#4842 = DIRECTION('',(0.,1.));
#4843 = ( GEOMETRIC_REPRESENTATION_CONTEXT(2) 
PARAMETRIC_REPRESENTATION_CONTEXT() REPRESENTATION_CONTEXT('2D SPACE',''
  ) );
#4844 = PCURVE('',#4560,#4845);
#4845 = DEFINITIONAL_REPRESENTATION('',(#4846),#4850);
#4846 = LINE('',#4847,#4848);
#4847 = CARTESIAN_POINT('',(1.,2.5));
#4848 = VECTOR('',#4849,1.);
#4849 = DIRECTION('',(0.,-1.));
#4850 = ( GEOMETRIC_REPRESENTATION_CONTEXT(2) 
PARAMETRIC_REPRESENTATION_CONTEXT() REPRESENTATION_CONTEXT('2D SPACE',''
  ) );
#4851 = ORIENTED_EDGE('',*,*,#4852,.F.);
#4852 = EDGE_CURVE('',#4853,#4830,#4855,.T.);
#4853 = VERTEX_POINT('',#4854);
#4854 = CARTESIAN_POINT('',(45.,-215.,62.));
#4855 = SURFACE_CURVE('',#4856,(#4860,#4867),.PCURVE_S1.);
#4856 = LINE('',#4857,#4858);
#4857 = CARTESIAN_POINT('',(-13.,-215.,62.));
#4858 = VECTOR('',#4859,1.);
#4859 = DIRECTION('',(-1.,0.,0.));
#4860 = PCURVE('',#4155,#4861);
#4861 = DEFINITIONAL_REPRESENTATION('',(#4862),#4866);
#4862 = LINE('',#4863,#4864);
#4863 = CARTESIAN_POINT('',(32.,20.));
#4864 = VECTOR('',#4865,1.);
#4865 = DIRECTION('',(-1.,0.));
#4866 = ( GEOMETRIC_REPRESENTATION_CONTEXT(2) 
PARAMETRIC_REPRESENTATION_CONTEXT() REPRESENTATION_CONTEXT('2D SPACE',''
  ) );
#4867 = PCURVE('',#4644,#4868);
#4868 = DEFINITIONAL_REPRESENTATION('',(#4869),#4873);
#4869 = LINE('',#4870,#4871);
#4870 = CARTESIAN_POINT('',(1.,-32.));
#4871 = VECTOR('',#4872,1.);
#4872 = DIRECTION('',(0.,-1.));
#4873 = ( GEOMETRIC_REPRESENTATION_CONTEXT(2) 
PARAMETRIC_REPRESENTATION_CONTEXT() REPRESENTATION_CONTEXT('2D SPACE',''
  ) );
#4874 = ORIENTED_EDGE('',*,*,#4875,.T.);
#4875 = EDGE_CURVE('',#4853,#4686,#4876,.T.);
#4876 = SURFACE_CURVE('',#4877,(#4881,#4888),.PCURVE_S1.);
#4877 = LINE('',#4878,#4879);
#4878 = CARTESIAN_POINT('',(45.,-235.,62.));
#4879 = VECTOR('',#4880,1.);
#4880 = DIRECTION('',(0.,1.,0.));
#4881 = PCURVE('',#4155,#4882);
#4882 = DEFINITIONAL_REPRESENTATION('',(#4883),#4887);
#4883 = LINE('',#4884,#4885);
#4884 = CARTESIAN_POINT('',(90.,0.));
#4885 = VECTOR('',#4886,1.);
#4886 = DIRECTION('',(0.,1.));
#4887 = ( GEOMETRIC_REPRESENTATION_CONTEXT(2) 
PARAMETRIC_REPRESENTATION_CONTEXT() REPRESENTATION_CONTEXT('2D SPACE',''
  ) );
#4888 = PCURVE('',#4670,#4889);
#4889 = DEFINITIONAL_REPRESENTATION('',(#4890),#4894);
#4890 = LINE('',#4891,#4892);
#4891 = CARTESIAN_POINT('',(0.,0.));
#4892 = VECTOR('',#4893,1.);
#4893 = DIRECTION('',(0.,-1.));
#4894 = ( GEOMETRIC_REPRESENTATION_CONTEXT(2) 
PARAMETRIC_REPRESENTATION_CONTEXT() REPRESENTATION_CONTEXT('2D SPACE',''
  ) );
#4895 = ADVANCED_FACE('',(#4896),#4285,.T.);
#4896 = FACE_BOUND('',#4897,.T.);
#4897 = EDGE_LOOP('',(#4898,#4899,#4900,#4921));
#4898 = ORIENTED_EDGE('',*,*,#4271,.F.);
#4899 = ORIENTED_EDGE('',*,*,#4737,.T.);
#4900 = ORIENTED_EDGE('',*,*,#4901,.F.);
#4901 = EDGE_CURVE('',#4326,#4738,#4902,.T.);
#4902 = SURFACE_CURVE('',#4903,(#4907,#4914),.PCURVE_S1.);
#4903 = LINE('',#4904,#4905);
#4904 = CARTESIAN_POINT('',(19.,-230.,61.));
#4905 = VECTOR('',#4906,1.);
#4906 = DIRECTION('',(0.,0.,-1.));
#4907 = PCURVE('',#4285,#4908);
#4908 = DEFINITIONAL_REPRESENTATION('',(#4909),#4913);
#4909 = LINE('',#4910,#4911);
#4910 = CARTESIAN_POINT('',(0.,-5.));
#4911 = VECTOR('',#4912,1.);
#4912 = DIRECTION('',(-1.,0.));
#4913 = ( GEOMETRIC_REPRESENTATION_CONTEXT(2) 
PARAMETRIC_REPRESENTATION_CONTEXT() REPRESENTATION_CONTEXT('2D SPACE',''
  ) );
#4914 = PCURVE('',#4364,#4915);
#4915 = DEFINITIONAL_REPRESENTATION('',(#4916),#4920);
#4916 = LINE('',#4917,#4918);
#4917 = CARTESIAN_POINT('',(0.,59.));
#4918 = VECTOR('',#4919,1.);
#4919 = DIRECTION('',(-1.,0.));
#4920 = ( GEOMETRIC_REPRESENTATION_CONTEXT(2) 
PARAMETRIC_REPRESENTATION_CONTEXT() REPRESENTATION_CONTEXT('2D SPACE',''
  ) );
#4921 = ORIENTED_EDGE('',*,*,#4325,.F.);
#4922 = ADVANCED_FACE('',(#4923),#4670,.T.);
#4923 = FACE_BOUND('',#4924,.T.);
#4924 = EDGE_LOOP('',(#4925,#4926,#4947,#4948));
#4925 = ORIENTED_EDGE('',*,*,#4656,.F.);
#4926 = ORIENTED_EDGE('',*,*,#4927,.F.);
#4927 = EDGE_CURVE('',#4853,#4629,#4928,.T.);
#4928 = SURFACE_CURVE('',#4929,(#4933,#4940),.PCURVE_S1.);
#4929 = LINE('',#4930,#4931);
#4930 = CARTESIAN_POINT('',(45.,-215.,61.));
#4931 = VECTOR('',#4932,1.);
#4932 = DIRECTION('',(0.,0.,1.));
#4933 = PCURVE('',#4670,#4934);
#4934 = DEFINITIONAL_REPRESENTATION('',(#4935),#4939);
#4935 = LINE('',#4936,#4937);
#4936 = CARTESIAN_POINT('',(-1.,-20.));
#4937 = VECTOR('',#4938,1.);
#4938 = DIRECTION('',(1.,0.));
#4939 = ( GEOMETRIC_REPRESENTATION_CONTEXT(2) 
PARAMETRIC_REPRESENTATION_CONTEXT() REPRESENTATION_CONTEXT('2D SPACE',''
  ) );
#4940 = PCURVE('',#4644,#4941);
#4941 = DEFINITIONAL_REPRESENTATION('',(#4942),#4946);
#4942 = LINE('',#4943,#4944);
#4943 = CARTESIAN_POINT('',(0.,26.));
#4944 = VECTOR('',#4945,1.);
#4945 = DIRECTION('',(1.,0.));
#4946 = ( GEOMETRIC_REPRESENTATION_CONTEXT(2) 
PARAMETRIC_REPRESENTATION_CONTEXT() REPRESENTATION_CONTEXT('2D SPACE',''
  ) );
#4947 = ORIENTED_EDGE('',*,*,#4875,.T.);
#4948 = ORIENTED_EDGE('',*,*,#4710,.T.);
#4949 = ADVANCED_FACE('',(#4950),#4644,.F.);
#4950 = FACE_BOUND('',#4951,.F.);
#4951 = EDGE_LOOP('',(#4952,#4953,#4954,#4975));
#4952 = ORIENTED_EDGE('',*,*,#4927,.F.);
#4953 = ORIENTED_EDGE('',*,*,#4852,.T.);
#4954 = ORIENTED_EDGE('',*,*,#4955,.T.);
#4955 = EDGE_CURVE('',#4830,#4606,#4956,.T.);
#4956 = SURFACE_CURVE('',#4957,(#4961,#4968),.PCURVE_S1.);
#4957 = LINE('',#4958,#4959);
#4958 = CARTESIAN_POINT('',(40.,-215.,61.));
#4959 = VECTOR('',#4960,1.);
#4960 = DIRECTION('',(0.,0.,1.));
#4961 = PCURVE('',#4644,#4962);
#4962 = DEFINITIONAL_REPRESENTATION('',(#4963),#4967);
#4963 = LINE('',#4964,#4965);
#4964 = CARTESIAN_POINT('',(0.,21.));
#4965 = VECTOR('',#4966,1.);
#4966 = DIRECTION('',(1.,0.));
#4967 = ( GEOMETRIC_REPRESENTATION_CONTEXT(2) 
PARAMETRIC_REPRESENTATION_CONTEXT() REPRESENTATION_CONTEXT('2D SPACE',''
  ) );
#4968 = PCURVE('',#4560,#4969);
#4969 = DEFINITIONAL_REPRESENTATION('',(#4970),#4974);
#4970 = LINE('',#4971,#4972);
#4971 = CARTESIAN_POINT('',(0.,-15.));
#4972 = VECTOR('',#4973,1.);
#4973 = DIRECTION('',(1.,0.));
#4974 = ( GEOMETRIC_REPRESENTATION_CONTEXT(2) 
PARAMETRIC_REPRESENTATION_CONTEXT() REPRESENTATION_CONTEXT('2D SPACE',''
  ) );
#4975 = ORIENTED_EDGE('',*,*,#4628,.F.);
#4976 = ADVANCED_FACE('',(#4977),#4560,.F.);
#4977 = FACE_BOUND('',#4978,.F.);
#4978 = EDGE_LOOP('',(#4979,#4980,#4981,#5002,#5003,#5026,#5054,#5075));
#4979 = ORIENTED_EDGE('',*,*,#4955,.F.);
#4980 = ORIENTED_EDGE('',*,*,#4829,.T.);
#4981 = ORIENTED_EDGE('',*,*,#4982,.F.);
#4982 = EDGE_CURVE('',#4517,#4807,#4983,.T.);
#4983 = SURFACE_CURVE('',#4984,(#4988,#4995),.PCURVE_S1.);
#4984 = LINE('',#4985,#4986);
#4985 = CARTESIAN_POINT('',(40.,-170.,162.));
#4986 = VECTOR('',#4987,1.);
#4987 = DIRECTION('',(0.,0.,-1.));
#4988 = PCURVE('',#4560,#4989);
#4989 = DEFINITIONAL_REPRESENTATION('',(#4990),#4994);
#4990 = LINE('',#4991,#4992);
#4991 = CARTESIAN_POINT('',(101.,-60.));
#4992 = VECTOR('',#4993,1.);
#4993 = DIRECTION('',(-1.,0.));
#4994 = ( GEOMETRIC_REPRESENTATION_CONTEXT(2) 
PARAMETRIC_REPRESENTATION_CONTEXT() REPRESENTATION_CONTEXT('2D SPACE',''
  ) );
#4995 = PCURVE('',#4532,#4996);
#4996 = DEFINITIONAL_REPRESENTATION('',(#4997),#5001);
#4997 = LINE('',#4998,#4999);
#4998 = CARTESIAN_POINT('',(101.,80.));
#4999 = VECTOR('',#5000,1.);
#5000 = DIRECTION('',(-1.,0.));
#5001 = ( GEOMETRIC_REPRESENTATION_CONTEXT(2) 
PARAMETRIC_REPRESENTATION_CONTEXT() REPRESENTATION_CONTEXT('2D SPACE',''
  ) );
#5002 = ORIENTED_EDGE('',*,*,#4544,.F.);
#5003 = ORIENTED_EDGE('',*,*,#5004,.T.);
#5004 = EDGE_CURVE('',#4545,#5005,#5007,.T.);
#5005 = VERTEX_POINT('',#5006);
#5006 = CARTESIAN_POINT('',(40.,-175.083484861,112.));
#5007 = SURFACE_CURVE('',#5008,(#5012,#5019),.PCURVE_S1.);
#5008 = LINE('',#5009,#5010);
#5009 = CARTESIAN_POINT('',(40.,-175.083484861,112.));
#5010 = VECTOR('',#5011,1.);
#5011 = DIRECTION('',(-0.,-0.,-1.));
#5012 = PCURVE('',#4560,#5013);
#5013 = DEFINITIONAL_REPRESENTATION('',(#5014),#5018);
#5014 = LINE('',#5015,#5016);
#5015 = CARTESIAN_POINT('',(51.,-54.91651513899));
#5016 = VECTOR('',#5017,1.);
#5017 = DIRECTION('',(-1.,0.));
#5018 = ( GEOMETRIC_REPRESENTATION_CONTEXT(2) 
PARAMETRIC_REPRESENTATION_CONTEXT() REPRESENTATION_CONTEXT('2D SPACE',''
  ) );
#5019 = PCURVE('',#4593,#5020);
#5020 = DEFINITIONAL_REPRESENTATION('',(#5021),#5025);
#5021 = LINE('',#5022,#5023);
#5022 = CARTESIAN_POINT('',(-6.712884973331,0.));
#5023 = VECTOR('',#5024,1.);
#5024 = DIRECTION('',(-0.,1.));
#5025 = ( GEOMETRIC_REPRESENTATION_CONTEXT(2) 
PARAMETRIC_REPRESENTATION_CONTEXT() REPRESENTATION_CONTEXT('2D SPACE',''
  ) );
#5026 = ORIENTED_EDGE('',*,*,#5027,.T.);
#5027 = EDGE_CURVE('',#5005,#5028,#5030,.T.);
#5028 = VERTEX_POINT('',#5029);
#5029 = CARTESIAN_POINT('',(40.,-176.9165151389,112.));
#5030 = SURFACE_CURVE('',#5031,(#5035,#5042),.PCURVE_S1.);
#5031 = LINE('',#5032,#5033);
#5032 = CARTESIAN_POINT('',(40.,-203.,112.));
#5033 = VECTOR('',#5034,1.);
#5034 = DIRECTION('',(0.,-1.,0.));
#5035 = PCURVE('',#4560,#5036);
#5036 = DEFINITIONAL_REPRESENTATION('',(#5037),#5041);
#5037 = LINE('',#5038,#5039);
#5038 = CARTESIAN_POINT('',(51.,-27.));
#5039 = VECTOR('',#5040,1.);
#5040 = DIRECTION('',(0.,1.));
#5041 = ( GEOMETRIC_REPRESENTATION_CONTEXT(2) 
PARAMETRIC_REPRESENTATION_CONTEXT() REPRESENTATION_CONTEXT('2D SPACE',''
  ) );
#5042 = PCURVE('',#5043,#5048);
#5043 = PLANE('',#5044);
#5044 = AXIS2_PLACEMENT_3D('',#5045,#5046,#5047);
#5045 = CARTESIAN_POINT('',(38.,-176.,112.));
#5046 = DIRECTION('',(0.,0.,1.));
#5047 = DIRECTION('',(1.,0.,-0.));
#5048 = DEFINITIONAL_REPRESENTATION('',(#5049),#5053);
#5049 = LINE('',#5050,#5051);
#5050 = CARTESIAN_POINT('',(2.,-27.));
#5051 = VECTOR('',#5052,1.);
#5052 = DIRECTION('',(0.,-1.));
#5053 = ( GEOMETRIC_REPRESENTATION_CONTEXT(2) 
PARAMETRIC_REPRESENTATION_CONTEXT() REPRESENTATION_CONTEXT('2D SPACE',''
  ) );
#5054 = ORIENTED_EDGE('',*,*,#5055,.F.);
#5055 = EDGE_CURVE('',#4573,#5028,#5056,.T.);
#5056 = SURFACE_CURVE('',#5057,(#5061,#5068),.PCURVE_S1.);
#5057 = LINE('',#5058,#5059);
#5058 = CARTESIAN_POINT('',(40.,-176.9165151389,112.));
#5059 = VECTOR('',#5060,1.);
#5060 = DIRECTION('',(-0.,-0.,-1.));
#5061 = PCURVE('',#4560,#5062);
#5062 = DEFINITIONAL_REPRESENTATION('',(#5063),#5067);
#5063 = LINE('',#5064,#5065);
#5064 = CARTESIAN_POINT('',(51.,-53.083484861));
#5065 = VECTOR('',#5066,1.);
#5066 = DIRECTION('',(-1.,0.));
#5067 = ( GEOMETRIC_REPRESENTATION_CONTEXT(2) 
PARAMETRIC_REPRESENTATION_CONTEXT() REPRESENTATION_CONTEXT('2D SPACE',''
  ) );
#5068 = PCURVE('',#4593,#5069);
#5069 = DEFINITIONAL_REPRESENTATION('',(#5070),#5074);
#5070 = LINE('',#5071,#5072);
#5071 = CARTESIAN_POINT('',(-5.853485641028,0.));
#5072 = VECTOR('',#5073,1.);
#5073 = DIRECTION('',(-0.,1.));
#5074 = ( GEOMETRIC_REPRESENTATION_CONTEXT(2) 
PARAMETRIC_REPRESENTATION_CONTEXT() REPRESENTATION_CONTEXT('2D SPACE',''
  ) );
#5075 = ORIENTED_EDGE('',*,*,#4605,.F.);
#5076 = ADVANCED_FACE('',(#5077),#4593,.F.);
#5077 = FACE_BOUND('',#5078,.T.);
#5078 = EDGE_LOOP('',(#5079,#5080,#5081,#5107));
#5079 = ORIENTED_EDGE('',*,*,#4572,.F.);
#5080 = ORIENTED_EDGE('',*,*,#5004,.T.);
#5081 = ORIENTED_EDGE('',*,*,#5082,.T.);
#5082 = EDGE_CURVE('',#5005,#5028,#5083,.T.);
#5083 = SURFACE_CURVE('',#5084,(#5089,#5096),.PCURVE_S1.);
#5084 = CIRCLE('',#5085,2.2);
#5085 = AXIS2_PLACEMENT_3D('',#5086,#5087,#5088);
#5086 = CARTESIAN_POINT('',(38.,-176.,112.));
#5087 = DIRECTION('',(0.,0.,-1.));
#5088 = DIRECTION('',(0.909090909091,0.416597790451,0.));
#5089 = PCURVE('',#4593,#5090);
#5090 = DEFINITIONAL_REPRESENTATION('',(#5091),#5095);
#5091 = LINE('',#5092,#5093);
#5092 = CARTESIAN_POINT('',(-6.712884973331,0.));
#5093 = VECTOR('',#5094,1.);
#5094 = DIRECTION('',(1.,-0.));
#5095 = ( GEOMETRIC_REPRESENTATION_CONTEXT(2) 
PARAMETRIC_REPRESENTATION_CONTEXT() REPRESENTATION_CONTEXT('2D SPACE',''
  ) );
#5096 = PCURVE('',#5043,#5097);
#5097 = DEFINITIONAL_REPRESENTATION('',(#5098),#5106);
#5098 = ( BOUNDED_CURVE() B_SPLINE_CURVE(2,(#5099,#5100,#5101,#5102,
#5103,#5104,#5105),.UNSPECIFIED.,.T.,.F.) B_SPLINE_CURVE_WITH_KNOTS((1,2
    ,2,2,2,1),(-2.094395102393,0.,2.094395102393,4.188790204786,
6.28318530718,8.377580409573),.UNSPECIFIED.) CURVE() 
GEOMETRIC_REPRESENTATION_ITEM() RATIONAL_B_SPLINE_CURVE((1.,0.5,1.,0.5,
1.,0.5,1.)) REPRESENTATION_ITEM('') );
#5099 = CARTESIAN_POINT('',(2.,0.916515138991));
#5100 = CARTESIAN_POINT('',(3.587450786639,-2.547586476147));
#5101 = CARTESIAN_POINT('',(-0.206274606681,-2.190308377064));
#5102 = CARTESIAN_POINT('',(-4.,-1.833030277982));
#5103 = CARTESIAN_POINT('',(-1.793725393319,1.273793238073));
#5104 = CARTESIAN_POINT('',(0.412549213361,4.380616754129));
#5105 = CARTESIAN_POINT('',(2.,0.916515138991));
#5106 = ( GEOMETRIC_REPRESENTATION_CONTEXT(2) 
PARAMETRIC_REPRESENTATION_CONTEXT() REPRESENTATION_CONTEXT('2D SPACE',''
  ) );
#5107 = ORIENTED_EDGE('',*,*,#5055,.F.);
#5108 = ADVANCED_FACE('',(#5109),#4532,.F.);
#5109 = FACE_BOUND('',#5110,.F.);
#5110 = EDGE_LOOP('',(#5111,#5112,#5133,#5134));
#5111 = ORIENTED_EDGE('',*,*,#4806,.T.);
#5112 = ORIENTED_EDGE('',*,*,#5113,.F.);
#5113 = EDGE_CURVE('',#4494,#4784,#5114,.T.);
#5114 = SURFACE_CURVE('',#5115,(#5119,#5126),.PCURVE_S1.);
#5115 = LINE('',#5116,#5117);
#5116 = CARTESIAN_POINT('',(-40.,-170.,162.));
#5117 = VECTOR('',#5118,1.);
#5118 = DIRECTION('',(0.,0.,-1.));
#5119 = PCURVE('',#4532,#5120);
#5120 = DEFINITIONAL_REPRESENTATION('',(#5121),#5125);
#5121 = LINE('',#5122,#5123);
#5122 = CARTESIAN_POINT('',(101.,0.));
#5123 = VECTOR('',#5124,1.);
#5124 = DIRECTION('',(-1.,0.));
#5125 = ( GEOMETRIC_REPRESENTATION_CONTEXT(2) 
PARAMETRIC_REPRESENTATION_CONTEXT() REPRESENTATION_CONTEXT('2D SPACE',''
  ) );
#5126 = PCURVE('',#4392,#5127);
#5127 = DEFINITIONAL_REPRESENTATION('',(#5128),#5132);
#5128 = LINE('',#5129,#5130);
#5129 = CARTESIAN_POINT('',(101.,-60.));
#5130 = VECTOR('',#5131,1.);
#5131 = DIRECTION('',(-1.,0.));
#5132 = ( GEOMETRIC_REPRESENTATION_CONTEXT(2) 
PARAMETRIC_REPRESENTATION_CONTEXT() REPRESENTATION_CONTEXT('2D SPACE',''
  ) );
#5133 = ORIENTED_EDGE('',*,*,#4516,.F.);
#5134 = ORIENTED_EDGE('',*,*,#4982,.T.);
#5135 = ADVANCED_FACE('',(#5136),#4392,.T.);
#5136 = FACE_BOUND('',#5137,.T.);
#5137 = EDGE_LOOP('',(#5138,#5159,#5160,#5161,#5162,#5185,#5213,#5234,
    #5235,#5258,#5286,#5307));
#5138 = ORIENTED_EDGE('',*,*,#5139,.F.);
#5139 = EDGE_CURVE('',#4761,#4349,#5140,.T.);
#5140 = SURFACE_CURVE('',#5141,(#5145,#5152),.PCURVE_S1.);
#5141 = LINE('',#5142,#5143);
#5142 = CARTESIAN_POINT('',(-40.,-230.,62.));
#5143 = VECTOR('',#5144,1.);
#5144 = DIRECTION('',(0.,0.,1.));
#5145 = PCURVE('',#4392,#5146);
#5146 = DEFINITIONAL_REPRESENTATION('',(#5147),#5151);
#5147 = LINE('',#5148,#5149);
#5148 = CARTESIAN_POINT('',(1.,0.));
#5149 = VECTOR('',#5150,1.);
#5150 = DIRECTION('',(1.,0.));
#5151 = ( GEOMETRIC_REPRESENTATION_CONTEXT(2) 
PARAMETRIC_REPRESENTATION_CONTEXT() REPRESENTATION_CONTEXT('2D SPACE',''
  ) );
#5152 = PCURVE('',#4364,#5153);
#5153 = DEFINITIONAL_REPRESENTATION('',(#5154),#5158);
#5154 = LINE('',#5155,#5156);
#5155 = CARTESIAN_POINT('',(1.,0.));
#5156 = VECTOR('',#5157,1.);
#5157 = DIRECTION('',(1.,0.));
#5158 = ( GEOMETRIC_REPRESENTATION_CONTEXT(2) 
PARAMETRIC_REPRESENTATION_CONTEXT() REPRESENTATION_CONTEXT('2D SPACE',''
  ) );
#5159 = ORIENTED_EDGE('',*,*,#4783,.T.);
#5160 = ORIENTED_EDGE('',*,*,#5113,.F.);
#5161 = ORIENTED_EDGE('',*,*,#4493,.F.);
#5162 = ORIENTED_EDGE('',*,*,#5163,.T.);
#5163 = EDGE_CURVE('',#4461,#5164,#5166,.T.);
#5164 = VERTEX_POINT('',#5165);
#5165 = CARTESIAN_POINT('',(-40.,-175.083484861,112.));
#5166 = SURFACE_CURVE('',#5167,(#5171,#5178),.PCURVE_S1.);
#5167 = LINE('',#5168,#5169);
#5168 = CARTESIAN_POINT('',(-40.,-175.083484861,112.));
#5169 = VECTOR('',#5170,1.);
#5170 = DIRECTION('',(-0.,-0.,-1.));
#5171 = PCURVE('',#4392,#5172);
#5172 = DEFINITIONAL_REPRESENTATION('',(#5173),#5177);
#5173 = LINE('',#5174,#5175);
#5174 = CARTESIAN_POINT('',(51.,-54.91651513899));
#5175 = VECTOR('',#5176,1.);
#5176 = DIRECTION('',(-1.,0.));
#5177 = ( GEOMETRIC_REPRESENTATION_CONTEXT(2) 
PARAMETRIC_REPRESENTATION_CONTEXT() REPRESENTATION_CONTEXT('2D SPACE',''
  ) );
#5178 = PCURVE('',#4481,#5179);
#5179 = DEFINITIONAL_REPRESENTATION('',(#5180),#5184);
#5180 = LINE('',#5181,#5182);
#5181 = CARTESIAN_POINT('',(-2.711892987438,0.));
#5182 = VECTOR('',#5183,1.);
#5183 = DIRECTION('',(-0.,1.));
#5184 = ( GEOMETRIC_REPRESENTATION_CONTEXT(2) 
PARAMETRIC_REPRESENTATION_CONTEXT() REPRESENTATION_CONTEXT('2D SPACE',''
  ) );
#5185 = ORIENTED_EDGE('',*,*,#5186,.T.);
#5186 = EDGE_CURVE('',#5164,#5187,#5189,.T.);
#5187 = VERTEX_POINT('',#5188);
#5188 = CARTESIAN_POINT('',(-40.,-176.9165151389,112.));
#5189 = SURFACE_CURVE('',#5190,(#5194,#5201),.PCURVE_S1.);
#5190 = LINE('',#5191,#5192);
#5191 = CARTESIAN_POINT('',(-40.,-203.,112.));
#5192 = VECTOR('',#5193,1.);
#5193 = DIRECTION('',(0.,-1.,0.));
#5194 = PCURVE('',#4392,#5195);
#5195 = DEFINITIONAL_REPRESENTATION('',(#5196),#5200);
#5196 = LINE('',#5197,#5198);
#5197 = CARTESIAN_POINT('',(51.,-27.));
#5198 = VECTOR('',#5199,1.);
#5199 = DIRECTION('',(0.,1.));
#5200 = ( GEOMETRIC_REPRESENTATION_CONTEXT(2) 
PARAMETRIC_REPRESENTATION_CONTEXT() REPRESENTATION_CONTEXT('2D SPACE',''
  ) );
#5201 = PCURVE('',#5202,#5207);
#5202 = PLANE('',#5203);
#5203 = AXIS2_PLACEMENT_3D('',#5204,#5205,#5206);
#5204 = CARTESIAN_POINT('',(-38.,-176.,112.));
#5205 = DIRECTION('',(0.,0.,1.));
#5206 = DIRECTION('',(1.,0.,-0.));
#5207 = DEFINITIONAL_REPRESENTATION('',(#5208),#5212);
#5208 = LINE('',#5209,#5210);
#5209 = CARTESIAN_POINT('',(-2.,-27.));
#5210 = VECTOR('',#5211,1.);
#5211 = DIRECTION('',(0.,-1.));
#5212 = ( GEOMETRIC_REPRESENTATION_CONTEXT(2) 
PARAMETRIC_REPRESENTATION_CONTEXT() REPRESENTATION_CONTEXT('2D SPACE',''
  ) );
#5213 = ORIENTED_EDGE('',*,*,#5214,.F.);
#5214 = EDGE_CURVE('',#4438,#5187,#5215,.T.);
#5215 = SURFACE_CURVE('',#5216,(#5220,#5227),.PCURVE_S1.);
#5216 = LINE('',#5217,#5218);
#5217 = CARTESIAN_POINT('',(-40.,-176.9165151389,112.));
#5218 = VECTOR('',#5219,1.);
#5219 = DIRECTION('',(-0.,-0.,-1.));
#5220 = PCURVE('',#4392,#5221);
#5221 = DEFINITIONAL_REPRESENTATION('',(#5222),#5226);
#5222 = LINE('',#5223,#5224);
#5223 = CARTESIAN_POINT('',(51.,-53.083484861));
#5224 = VECTOR('',#5225,1.);
#5225 = DIRECTION('',(-1.,0.));
#5226 = ( GEOMETRIC_REPRESENTATION_CONTEXT(2) 
PARAMETRIC_REPRESENTATION_CONTEXT() REPRESENTATION_CONTEXT('2D SPACE',''
  ) );
#5227 = PCURVE('',#4481,#5228);
#5228 = DEFINITIONAL_REPRESENTATION('',(#5229),#5233);
#5229 = LINE('',#5230,#5231);
#5230 = CARTESIAN_POINT('',(-3.571292319741,0.));
#5231 = VECTOR('',#5232,1.);
#5232 = DIRECTION('',(-0.,1.));
#5233 = ( GEOMETRIC_REPRESENTATION_CONTEXT(2) 
PARAMETRIC_REPRESENTATION_CONTEXT() REPRESENTATION_CONTEXT('2D SPACE',''
  ) );
#5234 = ORIENTED_EDGE('',*,*,#4437,.F.);
#5235 = ORIENTED_EDGE('',*,*,#5236,.T.);
#5236 = EDGE_CURVE('',#4405,#5237,#5239,.T.);
#5237 = VERTEX_POINT('',#5238);
#5238 = CARTESIAN_POINT('',(-40.,-223.083484861,112.));
#5239 = SURFACE_CURVE('',#5240,(#5244,#5251),.PCURVE_S1.);
#5240 = LINE('',#5241,#5242);
#5241 = CARTESIAN_POINT('',(-40.,-223.083484861,112.));
#5242 = VECTOR('',#5243,1.);
#5243 = DIRECTION('',(-0.,-0.,-1.));
#5244 = PCURVE('',#4392,#5245);
#5245 = DEFINITIONAL_REPRESENTATION('',(#5246),#5250);
#5246 = LINE('',#5247,#5248);
#5247 = CARTESIAN_POINT('',(51.,-6.916515138991));
#5248 = VECTOR('',#5249,1.);
#5249 = DIRECTION('',(-1.,0.));
#5250 = ( GEOMETRIC_REPRESENTATION_CONTEXT(2) 
PARAMETRIC_REPRESENTATION_CONTEXT() REPRESENTATION_CONTEXT('2D SPACE',''
  ) );
#5251 = PCURVE('',#4425,#5252);
#5252 = DEFINITIONAL_REPRESENTATION('',(#5253),#5257);
#5253 = LINE('',#5254,#5255);
#5254 = CARTESIAN_POINT('',(-2.711892987438,0.));
#5255 = VECTOR('',#5256,1.);
#5256 = DIRECTION('',(-0.,1.));
#5257 = ( GEOMETRIC_REPRESENTATION_CONTEXT(2) 
PARAMETRIC_REPRESENTATION_CONTEXT() REPRESENTATION_CONTEXT('2D SPACE',''
  ) );
#5258 = ORIENTED_EDGE('',*,*,#5259,.T.);
#5259 = EDGE_CURVE('',#5237,#5260,#5262,.T.);
#5260 = VERTEX_POINT('',#5261);
#5261 = CARTESIAN_POINT('',(-40.,-224.9165151389,112.));
#5262 = SURFACE_CURVE('',#5263,(#5267,#5274),.PCURVE_S1.);
#5263 = LINE('',#5264,#5265);
#5264 = CARTESIAN_POINT('',(-40.,-227.,112.));
#5265 = VECTOR('',#5266,1.);
#5266 = DIRECTION('',(0.,-1.,0.));
#5267 = PCURVE('',#4392,#5268);
#5268 = DEFINITIONAL_REPRESENTATION('',(#5269),#5273);
#5269 = LINE('',#5270,#5271);
#5270 = CARTESIAN_POINT('',(51.,-3.));
#5271 = VECTOR('',#5272,1.);
#5272 = DIRECTION('',(0.,1.));
#5273 = ( GEOMETRIC_REPRESENTATION_CONTEXT(2) 
PARAMETRIC_REPRESENTATION_CONTEXT() REPRESENTATION_CONTEXT('2D SPACE',''
  ) );
#5274 = PCURVE('',#5275,#5280);
#5275 = PLANE('',#5276);
#5276 = AXIS2_PLACEMENT_3D('',#5277,#5278,#5279);
#5277 = CARTESIAN_POINT('',(-38.,-224.,112.));
#5278 = DIRECTION('',(0.,0.,1.));
#5279 = DIRECTION('',(1.,0.,-0.));
#5280 = DEFINITIONAL_REPRESENTATION('',(#5281),#5285);
#5281 = LINE('',#5282,#5283);
#5282 = CARTESIAN_POINT('',(-2.,-3.));
#5283 = VECTOR('',#5284,1.);
#5284 = DIRECTION('',(0.,-1.));
#5285 = ( GEOMETRIC_REPRESENTATION_CONTEXT(2) 
PARAMETRIC_REPRESENTATION_CONTEXT() REPRESENTATION_CONTEXT('2D SPACE',''
  ) );
#5286 = ORIENTED_EDGE('',*,*,#5287,.F.);
#5287 = EDGE_CURVE('',#4377,#5260,#5288,.T.);
#5288 = SURFACE_CURVE('',#5289,(#5293,#5300),.PCURVE_S1.);
#5289 = LINE('',#5290,#5291);
#5290 = CARTESIAN_POINT('',(-40.,-224.9165151389,112.));
#5291 = VECTOR('',#5292,1.);
#5292 = DIRECTION('',(-0.,-0.,-1.));
#5293 = PCURVE('',#4392,#5294);
#5294 = DEFINITIONAL_REPRESENTATION('',(#5295),#5299);
#5295 = LINE('',#5296,#5297);
#5296 = CARTESIAN_POINT('',(51.,-5.083484861009));
#5297 = VECTOR('',#5298,1.);
#5298 = DIRECTION('',(-1.,0.));
#5299 = ( GEOMETRIC_REPRESENTATION_CONTEXT(2) 
PARAMETRIC_REPRESENTATION_CONTEXT() REPRESENTATION_CONTEXT('2D SPACE',''
  ) );
#5300 = PCURVE('',#4425,#5301);
#5301 = DEFINITIONAL_REPRESENTATION('',(#5302),#5306);
#5302 = LINE('',#5303,#5304);
#5303 = CARTESIAN_POINT('',(-3.571292319741,0.));
#5304 = VECTOR('',#5305,1.);
#5305 = DIRECTION('',(-0.,1.));
#5306 = ( GEOMETRIC_REPRESENTATION_CONTEXT(2) 
PARAMETRIC_REPRESENTATION_CONTEXT() REPRESENTATION_CONTEXT('2D SPACE',''
  ) );
#5307 = ORIENTED_EDGE('',*,*,#4376,.F.);
#5308 = ADVANCED_FACE('',(#5309),#4481,.F.);
#5309 = FACE_BOUND('',#5310,.T.);
#5310 = EDGE_LOOP('',(#5311,#5333,#5334,#5335));
#5311 = ORIENTED_EDGE('',*,*,#5312,.F.);
#5312 = EDGE_CURVE('',#5164,#5187,#5313,.T.);
#5313 = SURFACE_CURVE('',#5314,(#5319,#5326),.PCURVE_S1.);
#5314 = CIRCLE('',#5315,2.2);
#5315 = AXIS2_PLACEMENT_3D('',#5316,#5317,#5318);
#5316 = CARTESIAN_POINT('',(-38.,-176.,112.));
#5317 = DIRECTION('',(0.,0.,1.));
#5318 = DIRECTION('',(1.,0.,0.));
#5319 = PCURVE('',#4481,#5320);
#5320 = DEFINITIONAL_REPRESENTATION('',(#5321),#5325);
#5321 = LINE('',#5322,#5323);
#5322 = CARTESIAN_POINT('',(-0.,0.));
#5323 = VECTOR('',#5324,1.);
#5324 = DIRECTION('',(-1.,0.));
#5325 = ( GEOMETRIC_REPRESENTATION_CONTEXT(2) 
PARAMETRIC_REPRESENTATION_CONTEXT() REPRESENTATION_CONTEXT('2D SPACE',''
  ) );
#5326 = PCURVE('',#5202,#5327);
#5327 = DEFINITIONAL_REPRESENTATION('',(#5328),#5332);
#5328 = CIRCLE('',#5329,2.2);
#5329 = AXIS2_PLACEMENT_2D('',#5330,#5331);
#5330 = CARTESIAN_POINT('',(0.,0.));
#5331 = DIRECTION('',(1.,0.));
#5332 = ( GEOMETRIC_REPRESENTATION_CONTEXT(2) 
PARAMETRIC_REPRESENTATION_CONTEXT() REPRESENTATION_CONTEXT('2D SPACE',''
  ) );
#5333 = ORIENTED_EDGE('',*,*,#5163,.F.);
#5334 = ORIENTED_EDGE('',*,*,#4460,.F.);
#5335 = ORIENTED_EDGE('',*,*,#5214,.T.);
#5336 = ADVANCED_FACE('',(#5337),#4425,.F.);
#5337 = FACE_BOUND('',#5338,.T.);
#5338 = EDGE_LOOP('',(#5339,#5361,#5362,#5363));
#5339 = ORIENTED_EDGE('',*,*,#5340,.F.);
#5340 = EDGE_CURVE('',#5237,#5260,#5341,.T.);
#5341 = SURFACE_CURVE('',#5342,(#5347,#5354),.PCURVE_S1.);
#5342 = CIRCLE('',#5343,2.2);
#5343 = AXIS2_PLACEMENT_3D('',#5344,#5345,#5346);
#5344 = CARTESIAN_POINT('',(-38.,-224.,112.));
#5345 = DIRECTION('',(0.,0.,1.));
#5346 = DIRECTION('',(1.,0.,0.));
#5347 = PCURVE('',#4425,#5348);
#5348 = DEFINITIONAL_REPRESENTATION('',(#5349),#5353);
#5349 = LINE('',#5350,#5351);
#5350 = CARTESIAN_POINT('',(-0.,0.));
#5351 = VECTOR('',#5352,1.);
#5352 = DIRECTION('',(-1.,0.));
#5353 = ( GEOMETRIC_REPRESENTATION_CONTEXT(2) 
PARAMETRIC_REPRESENTATION_CONTEXT() REPRESENTATION_CONTEXT('2D SPACE',''
  ) );
#5354 = PCURVE('',#5275,#5355);
#5355 = DEFINITIONAL_REPRESENTATION('',(#5356),#5360);
#5356 = CIRCLE('',#5357,2.2);
#5357 = AXIS2_PLACEMENT_2D('',#5358,#5359);
#5358 = CARTESIAN_POINT('',(0.,0.));
#5359 = DIRECTION('',(1.,0.));
#5360 = ( GEOMETRIC_REPRESENTATION_CONTEXT(2) 
PARAMETRIC_REPRESENTATION_CONTEXT() REPRESENTATION_CONTEXT('2D SPACE',''
  ) );
#5361 = ORIENTED_EDGE('',*,*,#5236,.F.);
#5362 = ORIENTED_EDGE('',*,*,#4404,.F.);
#5363 = ORIENTED_EDGE('',*,*,#5287,.T.);
#5364 = ADVANCED_FACE('',(#5365),#4364,.T.);
#5365 = FACE_BOUND('',#5366,.T.);
#5366 = EDGE_LOOP('',(#5367,#5368,#5369,#5370));
#5367 = ORIENTED_EDGE('',*,*,#4901,.T.);
#5368 = ORIENTED_EDGE('',*,*,#4760,.T.);
#5369 = ORIENTED_EDGE('',*,*,#5139,.T.);
#5370 = ORIENTED_EDGE('',*,*,#4348,.F.);
#5371 = ADVANCED_FACE('',(#5372),#5043,.T.);
#5372 = FACE_BOUND('',#5373,.T.);
#5373 = EDGE_LOOP('',(#5374,#5375));
#5374 = ORIENTED_EDGE('',*,*,#5027,.T.);
#5375 = ORIENTED_EDGE('',*,*,#5082,.F.);
#5376 = ADVANCED_FACE('',(#5377),#5275,.T.);
#5377 = FACE_BOUND('',#5378,.T.);
#5378 = EDGE_LOOP('',(#5379,#5380));
#5379 = ORIENTED_EDGE('',*,*,#5259,.F.);
#5380 = ORIENTED_EDGE('',*,*,#5340,.T.);
#5381 = ADVANCED_FACE('',(#5382),#5202,.T.);
#5382 = FACE_BOUND('',#5383,.T.);
#5383 = EDGE_LOOP('',(#5384,#5385));
#5384 = ORIENTED_EDGE('',*,*,#5186,.F.);
#5385 = ORIENTED_EDGE('',*,*,#5312,.T.);
#5386 = ( GEOMETRIC_REPRESENTATION_CONTEXT(3) 
GLOBAL_UNCERTAINTY_ASSIGNED_CONTEXT((#5390)) 
GLOBAL_UNIT_ASSIGNED_CONTEXT((#5387,#5388,#5389)) REPRESENTATION_CONTEXT
('Context #1','3D Context with UNIT and UNCERTAINTY') );
#5387 = ( LENGTH_UNIT() NAMED_UNIT(*) SI_UNIT(.MILLI.,.METRE.) );
#5388 = ( NAMED_UNIT(*) PLANE_ANGLE_UNIT() SI_UNIT($,.RADIAN.) );
#5389 = ( NAMED_UNIT(*) SI_UNIT($,.STERADIAN.) SOLID_ANGLE_UNIT() );
#5390 = UNCERTAINTY_MEASURE_WITH_UNIT(LENGTH_MEASURE(1.E-07),#5387,
  'distance_accuracy_value','confusion accuracy');
#5391 = CONTEXT_DEPENDENT_SHAPE_REPRESENTATION(#5392,#5394);
#5392 = ( REPRESENTATION_RELATIONSHIP('','',#4097,#4070) 
REPRESENTATION_RELATIONSHIP_WITH_TRANSFORMATION(#5393) 
SHAPE_REPRESENTATION_RELATIONSHIP() );
#5393 = ITEM_DEFINED_TRANSFORMATION('','',#11,#4071);
#5394 = PRODUCT_DEFINITION_SHAPE('Placement','Placement of an item',
  #5395);
#5395 = NEXT_ASSEMBLY_USAGE_OCCURRENCE('5','','',#4065,#4092,$);
#5396 = PRODUCT_RELATED_PRODUCT_CATEGORY('part',$,(#4094));
#5397 = SHAPE_DEFINITION_REPRESENTATION(#5398,#5404);
#5398 = PRODUCT_DEFINITION_SHAPE('','',#5399);
#5399 = PRODUCT_DEFINITION('design','',#5400,#5403);
#5400 = PRODUCT_DEFINITION_FORMATION('','',#5401);
#5401 = PRODUCT('Open CASCADE STEP translator 7.9 1.3.2',
  'Open CASCADE STEP translator 7.9 1.3.2','',(#5402));
#5402 = PRODUCT_CONTEXT('',#2,'mechanical');
#5403 = PRODUCT_DEFINITION_CONTEXT('part definition',#2,'design');
#5404 = ADVANCED_BREP_SHAPE_REPRESENTATION('',(#11,#5405),#6395);
#5405 = MANIFOLD_SOLID_BREP('',#5406);
#5406 = CLOSED_SHELL('',(#5407,#5527,#5603,#5679,#5765,#5841,#5927,#6003
    ,#6079,#6155,#6237,#6308,#6348,#6380));
#5407 = ADVANCED_FACE('',(#5408),#5422,.F.);
#5408 = FACE_BOUND('',#5409,.F.);
#5409 = EDGE_LOOP('',(#5410,#5445,#5473,#5501));
#5410 = ORIENTED_EDGE('',*,*,#5411,.F.);
#5411 = EDGE_CURVE('',#5412,#5414,#5416,.T.);
#5412 = VERTEX_POINT('',#5413);
#5413 = CARTESIAN_POINT('',(-37.,-227.,220.));
#5414 = VERTEX_POINT('',#5415);
#5415 = CARTESIAN_POINT('',(-37.,-225.9595917942,220.));
#5416 = SURFACE_CURVE('',#5417,(#5421,#5433),.PCURVE_S1.);
#5417 = LINE('',#5418,#5419);
#5418 = CARTESIAN_POINT('',(-37.,-227.,220.));
#5419 = VECTOR('',#5420,1.);
#5420 = DIRECTION('',(0.,1.,0.));
#5421 = PCURVE('',#5422,#5427);
#5422 = PLANE('',#5423);
#5423 = AXIS2_PLACEMENT_3D('',#5424,#5425,#5426);
#5424 = CARTESIAN_POINT('',(-37.,-227.,204.));
#5425 = DIRECTION('',(1.,0.,0.));
#5426 = DIRECTION('',(0.,0.,1.));
#5427 = DEFINITIONAL_REPRESENTATION('',(#5428),#5432);
#5428 = LINE('',#5429,#5430);
#5429 = CARTESIAN_POINT('',(16.,0.));
#5430 = VECTOR('',#5431,1.);
#5431 = DIRECTION('',(0.,-1.));
#5432 = ( GEOMETRIC_REPRESENTATION_CONTEXT(2) 
PARAMETRIC_REPRESENTATION_CONTEXT() REPRESENTATION_CONTEXT('2D SPACE',''
  ) );
#5433 = PCURVE('',#5434,#5439);
#5434 = PLANE('',#5435);
#5435 = AXIS2_PLACEMENT_3D('',#5436,#5437,#5438);
#5436 = CARTESIAN_POINT('',(-37.,-227.,220.));
#5437 = DIRECTION('',(0.,0.,1.));
#5438 = DIRECTION('',(1.,0.,0.));
#5439 = DEFINITIONAL_REPRESENTATION('',(#5440),#5444);
#5440 = LINE('',#5441,#5442);
#5441 = CARTESIAN_POINT('',(0.,0.));
#5442 = VECTOR('',#5443,1.);
#5443 = DIRECTION('',(0.,1.));
#5444 = ( GEOMETRIC_REPRESENTATION_CONTEXT(2) 
PARAMETRIC_REPRESENTATION_CONTEXT() REPRESENTATION_CONTEXT('2D SPACE',''
  ) );
#5445 = ORIENTED_EDGE('',*,*,#5446,.F.);
#5446 = EDGE_CURVE('',#5447,#5412,#5449,.T.);
#5447 = VERTEX_POINT('',#5448);
#5448 = CARTESIAN_POINT('',(-37.,-227.,204.));
#5449 = SURFACE_CURVE('',#5450,(#5454,#5461),.PCURVE_S1.);
#5450 = LINE('',#5451,#5452);
#5451 = CARTESIAN_POINT('',(-37.,-227.,204.));
#5452 = VECTOR('',#5453,1.);
#5453 = DIRECTION('',(0.,0.,1.));
#5454 = PCURVE('',#5422,#5455);
#5455 = DEFINITIONAL_REPRESENTATION('',(#5456),#5460);
#5456 = LINE('',#5457,#5458);
#5457 = CARTESIAN_POINT('',(0.,0.));
#5458 = VECTOR('',#5459,1.);
#5459 = DIRECTION('',(1.,0.));
#5460 = ( GEOMETRIC_REPRESENTATION_CONTEXT(2) 
PARAMETRIC_REPRESENTATION_CONTEXT() REPRESENTATION_CONTEXT('2D SPACE',''
  ) );
#5461 = PCURVE('',#5462,#5467);
#5462 = PLANE('',#5463);
#5463 = AXIS2_PLACEMENT_3D('',#5464,#5465,#5466);
#5464 = CARTESIAN_POINT('',(-37.,-227.,204.));
#5465 = DIRECTION('',(0.,1.,0.));
#5466 = DIRECTION('',(0.,0.,1.));
#5467 = DEFINITIONAL_REPRESENTATION('',(#5468),#5472);
#5468 = LINE('',#5469,#5470);
#5469 = CARTESIAN_POINT('',(0.,0.));
#5470 = VECTOR('',#5471,1.);
#5471 = DIRECTION('',(1.,0.));
#5472 = ( GEOMETRIC_REPRESENTATION_CONTEXT(2) 
PARAMETRIC_REPRESENTATION_CONTEXT() REPRESENTATION_CONTEXT('2D SPACE',''
  ) );
#5473 = ORIENTED_EDGE('',*,*,#5474,.T.);
#5474 = EDGE_CURVE('',#5447,#5475,#5477,.T.);
#5475 = VERTEX_POINT('',#5476);
#5476 = CARTESIAN_POINT('',(-37.,-225.9595917942,204.));
#5477 = SURFACE_CURVE('',#5478,(#5482,#5489),.PCURVE_S1.);
#5478 = LINE('',#5479,#5480);
#5479 = CARTESIAN_POINT('',(-37.,-227.,204.));
#5480 = VECTOR('',#5481,1.);
#5481 = DIRECTION('',(0.,1.,0.));
#5482 = PCURVE('',#5422,#5483);
#5483 = DEFINITIONAL_REPRESENTATION('',(#5484),#5488);
#5484 = LINE('',#5485,#5486);
#5485 = CARTESIAN_POINT('',(0.,0.));
#5486 = VECTOR('',#5487,1.);
#5487 = DIRECTION('',(0.,-1.));
#5488 = ( GEOMETRIC_REPRESENTATION_CONTEXT(2) 
PARAMETRIC_REPRESENTATION_CONTEXT() REPRESENTATION_CONTEXT('2D SPACE',''
  ) );
#5489 = PCURVE('',#5490,#5495);
#5490 = PLANE('',#5491);
#5491 = AXIS2_PLACEMENT_3D('',#5492,#5493,#5494);
#5492 = CARTESIAN_POINT('',(-37.,-227.,204.));
#5493 = DIRECTION('',(0.,0.,1.));
#5494 = DIRECTION('',(1.,0.,0.));
#5495 = DEFINITIONAL_REPRESENTATION('',(#5496),#5500);
#5496 = LINE('',#5497,#5498);
#5497 = CARTESIAN_POINT('',(0.,0.));
#5498 = VECTOR('',#5499,1.);
#5499 = DIRECTION('',(0.,1.));
#5500 = ( GEOMETRIC_REPRESENTATION_CONTEXT(2) 
PARAMETRIC_REPRESENTATION_CONTEXT() REPRESENTATION_CONTEXT('2D SPACE',''
  ) );
#5501 = ORIENTED_EDGE('',*,*,#5502,.F.);
#5502 = EDGE_CURVE('',#5414,#5475,#5503,.T.);
#5503 = SURFACE_CURVE('',#5504,(#5508,#5515),.PCURVE_S1.);
#5504 = LINE('',#5505,#5506);
#5505 = CARTESIAN_POINT('',(-37.,-225.9595917942,112.));
#5506 = VECTOR('',#5507,1.);
#5507 = DIRECTION('',(-0.,-0.,-1.));
#5508 = PCURVE('',#5422,#5509);
#5509 = DEFINITIONAL_REPRESENTATION('',(#5510),#5514);
#5510 = LINE('',#5511,#5512);
#5511 = CARTESIAN_POINT('',(-92.,-1.040408205773));
#5512 = VECTOR('',#5513,1.);
#5513 = DIRECTION('',(-1.,0.));
#5514 = ( GEOMETRIC_REPRESENTATION_CONTEXT(2) 
PARAMETRIC_REPRESENTATION_CONTEXT() REPRESENTATION_CONTEXT('2D SPACE',''
  ) );
#5515 = PCURVE('',#5516,#5521);
#5516 = CYLINDRICAL_SURFACE('',#5517,2.2);
#5517 = AXIS2_PLACEMENT_3D('',#5518,#5519,#5520);
#5518 = CARTESIAN_POINT('',(-38.,-224.,112.));
#5519 = DIRECTION('',(-0.,-0.,-1.));
#5520 = DIRECTION('',(1.,0.,0.));
#5521 = DEFINITIONAL_REPRESENTATION('',(#5522),#5526);
#5522 = LINE('',#5523,#5524);
#5523 = CARTESIAN_POINT('',(-5.184250817664,0.));
#5524 = VECTOR('',#5525,1.);
#5525 = DIRECTION('',(-0.,1.));
#5526 = ( GEOMETRIC_REPRESENTATION_CONTEXT(2) 
PARAMETRIC_REPRESENTATION_CONTEXT() REPRESENTATION_CONTEXT('2D SPACE',''
  ) );
#5527 = ADVANCED_FACE('',(#5528),#5462,.F.);
#5528 = FACE_BOUND('',#5529,.F.);
#5529 = EDGE_LOOP('',(#5530,#5553,#5554,#5577));
#5530 = ORIENTED_EDGE('',*,*,#5531,.F.);
#5531 = EDGE_CURVE('',#5447,#5532,#5534,.T.);
#5532 = VERTEX_POINT('',#5533);
#5533 = CARTESIAN_POINT('',(37.,-227.,204.));
#5534 = SURFACE_CURVE('',#5535,(#5539,#5546),.PCURVE_S1.);
#5535 = LINE('',#5536,#5537);
#5536 = CARTESIAN_POINT('',(-37.,-227.,204.));
#5537 = VECTOR('',#5538,1.);
#5538 = DIRECTION('',(1.,0.,0.));
#5539 = PCURVE('',#5462,#5540);
#5540 = DEFINITIONAL_REPRESENTATION('',(#5541),#5545);
#5541 = LINE('',#5542,#5543);
#5542 = CARTESIAN_POINT('',(0.,0.));
#5543 = VECTOR('',#5544,1.);
#5544 = DIRECTION('',(0.,1.));
#5545 = ( GEOMETRIC_REPRESENTATION_CONTEXT(2) 
PARAMETRIC_REPRESENTATION_CONTEXT() REPRESENTATION_CONTEXT('2D SPACE',''
  ) );
#5546 = PCURVE('',#5490,#5547);
#5547 = DEFINITIONAL_REPRESENTATION('',(#5548),#5552);
#5548 = LINE('',#5549,#5550);
#5549 = CARTESIAN_POINT('',(0.,0.));
#5550 = VECTOR('',#5551,1.);
#5551 = DIRECTION('',(1.,0.));
#5552 = ( GEOMETRIC_REPRESENTATION_CONTEXT(2) 
PARAMETRIC_REPRESENTATION_CONTEXT() REPRESENTATION_CONTEXT('2D SPACE',''
  ) );
#5553 = ORIENTED_EDGE('',*,*,#5446,.T.);
#5554 = ORIENTED_EDGE('',*,*,#5555,.T.);
#5555 = EDGE_CURVE('',#5412,#5556,#5558,.T.);
#5556 = VERTEX_POINT('',#5557);
#5557 = CARTESIAN_POINT('',(37.,-227.,220.));
#5558 = SURFACE_CURVE('',#5559,(#5563,#5570),.PCURVE_S1.);
#5559 = LINE('',#5560,#5561);
#5560 = CARTESIAN_POINT('',(-37.,-227.,220.));
#5561 = VECTOR('',#5562,1.);
#5562 = DIRECTION('',(1.,0.,0.));
#5563 = PCURVE('',#5462,#5564);
#5564 = DEFINITIONAL_REPRESENTATION('',(#5565),#5569);
#5565 = LINE('',#5566,#5567);
#5566 = CARTESIAN_POINT('',(16.,0.));
#5567 = VECTOR('',#5568,1.);
#5568 = DIRECTION('',(0.,1.));
#5569 = ( GEOMETRIC_REPRESENTATION_CONTEXT(2) 
PARAMETRIC_REPRESENTATION_CONTEXT() REPRESENTATION_CONTEXT('2D SPACE',''
  ) );
#5570 = PCURVE('',#5434,#5571);
#5571 = DEFINITIONAL_REPRESENTATION('',(#5572),#5576);
#5572 = LINE('',#5573,#5574);
#5573 = CARTESIAN_POINT('',(0.,0.));
#5574 = VECTOR('',#5575,1.);
#5575 = DIRECTION('',(1.,0.));
#5576 = ( GEOMETRIC_REPRESENTATION_CONTEXT(2) 
PARAMETRIC_REPRESENTATION_CONTEXT() REPRESENTATION_CONTEXT('2D SPACE',''
  ) );
#5577 = ORIENTED_EDGE('',*,*,#5578,.F.);
#5578 = EDGE_CURVE('',#5532,#5556,#5579,.T.);
#5579 = SURFACE_CURVE('',#5580,(#5584,#5591),.PCURVE_S1.);
#5580 = LINE('',#5581,#5582);
#5581 = CARTESIAN_POINT('',(37.,-227.,204.));
#5582 = VECTOR('',#5583,1.);
#5583 = DIRECTION('',(0.,0.,1.));
#5584 = PCURVE('',#5462,#5585);
#5585 = DEFINITIONAL_REPRESENTATION('',(#5586),#5590);
#5586 = LINE('',#5587,#5588);
#5587 = CARTESIAN_POINT('',(0.,74.));
#5588 = VECTOR('',#5589,1.);
#5589 = DIRECTION('',(1.,0.));
#5590 = ( GEOMETRIC_REPRESENTATION_CONTEXT(2) 
PARAMETRIC_REPRESENTATION_CONTEXT() REPRESENTATION_CONTEXT('2D SPACE',''
  ) );
#5591 = PCURVE('',#5592,#5597);
#5592 = PLANE('',#5593);
#5593 = AXIS2_PLACEMENT_3D('',#5594,#5595,#5596);
#5594 = CARTESIAN_POINT('',(37.,-227.,204.));
#5595 = DIRECTION('',(1.,0.,0.));
#5596 = DIRECTION('',(0.,0.,1.));
#5597 = DEFINITIONAL_REPRESENTATION('',(#5598),#5602);
#5598 = LINE('',#5599,#5600);
#5599 = CARTESIAN_POINT('',(0.,0.));
#5600 = VECTOR('',#5601,1.);
#5601 = DIRECTION('',(1.,0.));
#5602 = ( GEOMETRIC_REPRESENTATION_CONTEXT(2) 
PARAMETRIC_REPRESENTATION_CONTEXT() REPRESENTATION_CONTEXT('2D SPACE',''
  ) );
#5603 = ADVANCED_FACE('',(#5604),#5592,.T.);
#5604 = FACE_BOUND('',#5605,.T.);
#5605 = EDGE_LOOP('',(#5606,#5629,#5630,#5653));
#5606 = ORIENTED_EDGE('',*,*,#5607,.F.);
#5607 = EDGE_CURVE('',#5556,#5608,#5610,.T.);
#5608 = VERTEX_POINT('',#5609);
#5609 = CARTESIAN_POINT('',(37.,-225.9595917942,220.));
#5610 = SURFACE_CURVE('',#5611,(#5615,#5622),.PCURVE_S1.);
#5611 = LINE('',#5612,#5613);
#5612 = CARTESIAN_POINT('',(37.,-227.,220.));
#5613 = VECTOR('',#5614,1.);
#5614 = DIRECTION('',(0.,1.,0.));
#5615 = PCURVE('',#5592,#5616);
#5616 = DEFINITIONAL_REPRESENTATION('',(#5617),#5621);
#5617 = LINE('',#5618,#5619);
#5618 = CARTESIAN_POINT('',(16.,0.));
#5619 = VECTOR('',#5620,1.);
#5620 = DIRECTION('',(0.,-1.));
#5621 = ( GEOMETRIC_REPRESENTATION_CONTEXT(2) 
PARAMETRIC_REPRESENTATION_CONTEXT() REPRESENTATION_CONTEXT('2D SPACE',''
  ) );
#5622 = PCURVE('',#5434,#5623);
#5623 = DEFINITIONAL_REPRESENTATION('',(#5624),#5628);
#5624 = LINE('',#5625,#5626);
#5625 = CARTESIAN_POINT('',(74.,0.));
#5626 = VECTOR('',#5627,1.);
#5627 = DIRECTION('',(0.,1.));
#5628 = ( GEOMETRIC_REPRESENTATION_CONTEXT(2) 
PARAMETRIC_REPRESENTATION_CONTEXT() REPRESENTATION_CONTEXT('2D SPACE',''
  ) );
#5629 = ORIENTED_EDGE('',*,*,#5578,.F.);
#5630 = ORIENTED_EDGE('',*,*,#5631,.T.);
#5631 = EDGE_CURVE('',#5532,#5632,#5634,.T.);
#5632 = VERTEX_POINT('',#5633);
#5633 = CARTESIAN_POINT('',(37.,-225.9595917942,204.));
#5634 = SURFACE_CURVE('',#5635,(#5639,#5646),.PCURVE_S1.);
#5635 = LINE('',#5636,#5637);
#5636 = CARTESIAN_POINT('',(37.,-227.,204.));
#5637 = VECTOR('',#5638,1.);
#5638 = DIRECTION('',(0.,1.,0.));
#5639 = PCURVE('',#5592,#5640);
#5640 = DEFINITIONAL_REPRESENTATION('',(#5641),#5645);
#5641 = LINE('',#5642,#5643);
#5642 = CARTESIAN_POINT('',(0.,0.));
#5643 = VECTOR('',#5644,1.);
#5644 = DIRECTION('',(0.,-1.));
#5645 = ( GEOMETRIC_REPRESENTATION_CONTEXT(2) 
PARAMETRIC_REPRESENTATION_CONTEXT() REPRESENTATION_CONTEXT('2D SPACE',''
  ) );
#5646 = PCURVE('',#5490,#5647);
#5647 = DEFINITIONAL_REPRESENTATION('',(#5648),#5652);
#5648 = LINE('',#5649,#5650);
#5649 = CARTESIAN_POINT('',(74.,0.));
#5650 = VECTOR('',#5651,1.);
#5651 = DIRECTION('',(0.,1.));
#5652 = ( GEOMETRIC_REPRESENTATION_CONTEXT(2) 
PARAMETRIC_REPRESENTATION_CONTEXT() REPRESENTATION_CONTEXT('2D SPACE',''
  ) );
#5653 = ORIENTED_EDGE('',*,*,#5654,.F.);
#5654 = EDGE_CURVE('',#5608,#5632,#5655,.T.);
#5655 = SURFACE_CURVE('',#5656,(#5660,#5667),.PCURVE_S1.);
#5656 = LINE('',#5657,#5658);
#5657 = CARTESIAN_POINT('',(37.,-225.9595917942,112.));
#5658 = VECTOR('',#5659,1.);
#5659 = DIRECTION('',(-0.,-0.,-1.));
#5660 = PCURVE('',#5592,#5661);
#5661 = DEFINITIONAL_REPRESENTATION('',(#5662),#5666);
#5662 = LINE('',#5663,#5664);
#5663 = CARTESIAN_POINT('',(-92.,-1.040408205773));
#5664 = VECTOR('',#5665,1.);
#5665 = DIRECTION('',(-1.,0.));
#5666 = ( GEOMETRIC_REPRESENTATION_CONTEXT(2) 
PARAMETRIC_REPRESENTATION_CONTEXT() REPRESENTATION_CONTEXT('2D SPACE',''
  ) );
#5667 = PCURVE('',#5668,#5673);
#5668 = CYLINDRICAL_SURFACE('',#5669,2.2);
#5669 = AXIS2_PLACEMENT_3D('',#5670,#5671,#5672);
#5670 = CARTESIAN_POINT('',(38.,-224.,112.));
#5671 = DIRECTION('',(-0.,-0.,-1.));
#5672 = DIRECTION('',(1.,0.,0.));
#5673 = DEFINITIONAL_REPRESENTATION('',(#5674),#5678);
#5674 = LINE('',#5675,#5676);
#5675 = CARTESIAN_POINT('',(-4.240527143105,0.));
#5676 = VECTOR('',#5677,1.);
#5677 = DIRECTION('',(-0.,1.));
#5678 = ( GEOMETRIC_REPRESENTATION_CONTEXT(2) 
PARAMETRIC_REPRESENTATION_CONTEXT() REPRESENTATION_CONTEXT('2D SPACE',''
  ) );
#5679 = ADVANCED_FACE('',(#5680),#5668,.F.);
#5680 = FACE_BOUND('',#5681,.T.);
#5681 = EDGE_LOOP('',(#5682,#5712,#5738,#5739));
#5682 = ORIENTED_EDGE('',*,*,#5683,.F.);
#5683 = EDGE_CURVE('',#5684,#5686,#5688,.T.);
#5684 = VERTEX_POINT('',#5685);
#5685 = CARTESIAN_POINT('',(37.,-222.0404082057,220.));
#5686 = VERTEX_POINT('',#5687);
#5687 = CARTESIAN_POINT('',(37.,-222.0404082057,204.));
#5688 = SURFACE_CURVE('',#5689,(#5693,#5700),.PCURVE_S1.);
#5689 = LINE('',#5690,#5691);
#5690 = CARTESIAN_POINT('',(37.,-222.0404082057,112.));
#5691 = VECTOR('',#5692,1.);
#5692 = DIRECTION('',(-0.,-0.,-1.));
#5693 = PCURVE('',#5668,#5694);
#5694 = DEFINITIONAL_REPRESENTATION('',(#5695),#5699);
#5695 = LINE('',#5696,#5697);
#5696 = CARTESIAN_POINT('',(-2.042658164075,0.));
#5697 = VECTOR('',#5698,1.);
#5698 = DIRECTION('',(-0.,1.));
#5699 = ( GEOMETRIC_REPRESENTATION_CONTEXT(2) 
PARAMETRIC_REPRESENTATION_CONTEXT() REPRESENTATION_CONTEXT('2D SPACE',''
  ) );
#5700 = PCURVE('',#5701,#5706);
#5701 = PLANE('',#5702);
#5702 = AXIS2_PLACEMENT_3D('',#5703,#5704,#5705);
#5703 = CARTESIAN_POINT('',(37.,-227.,204.));
#5704 = DIRECTION('',(1.,0.,0.));
#5705 = DIRECTION('',(0.,0.,1.));
#5706 = DEFINITIONAL_REPRESENTATION('',(#5707),#5711);
#5707 = LINE('',#5708,#5709);
#5708 = CARTESIAN_POINT('',(-92.,-4.959591794227));
#5709 = VECTOR('',#5710,1.);
#5710 = DIRECTION('',(-1.,0.));
#5711 = ( GEOMETRIC_REPRESENTATION_CONTEXT(2) 
PARAMETRIC_REPRESENTATION_CONTEXT() REPRESENTATION_CONTEXT('2D SPACE',''
  ) );
#5712 = ORIENTED_EDGE('',*,*,#5713,.F.);
#5713 = EDGE_CURVE('',#5608,#5684,#5714,.T.);
#5714 = SURFACE_CURVE('',#5715,(#5720,#5727),.PCURVE_S1.);
#5715 = CIRCLE('',#5716,2.2);
#5716 = AXIS2_PLACEMENT_3D('',#5717,#5718,#5719);
#5717 = CARTESIAN_POINT('',(38.,-224.,220.));
#5718 = DIRECTION('',(0.,0.,-1.));
#5719 = DIRECTION('',(1.,0.,0.));
#5720 = PCURVE('',#5668,#5721);
#5721 = DEFINITIONAL_REPRESENTATION('',(#5722),#5726);
#5722 = LINE('',#5723,#5724);
#5723 = CARTESIAN_POINT('',(-6.28318530718,-108.));
#5724 = VECTOR('',#5725,1.);
#5725 = DIRECTION('',(1.,-0.));
#5726 = ( GEOMETRIC_REPRESENTATION_CONTEXT(2) 
PARAMETRIC_REPRESENTATION_CONTEXT() REPRESENTATION_CONTEXT('2D SPACE',''
  ) );
#5727 = PCURVE('',#5434,#5728);
#5728 = DEFINITIONAL_REPRESENTATION('',(#5729),#5737);
#5729 = ( BOUNDED_CURVE() B_SPLINE_CURVE(2,(#5730,#5731,#5732,#5733,
#5734,#5735,#5736),.UNSPECIFIED.,.T.,.F.) B_SPLINE_CURVE_WITH_KNOTS((1,2
    ,2,2,2,1),(-2.094395102393,0.,2.094395102393,4.188790204786,
6.28318530718,8.377580409573),.UNSPECIFIED.) CURVE() 
GEOMETRIC_REPRESENTATION_ITEM() RATIONAL_B_SPLINE_CURVE((1.,0.5,1.,0.5,
1.,0.5,1.)) REPRESENTATION_ITEM('') );
#5730 = CARTESIAN_POINT('',(77.2,3.));
#5731 = CARTESIAN_POINT('',(77.2,-0.810511776652));
#5732 = CARTESIAN_POINT('',(73.9,1.094744111674));
#5733 = CARTESIAN_POINT('',(70.6,3.));
#5734 = CARTESIAN_POINT('',(73.9,4.905255888326));
#5735 = CARTESIAN_POINT('',(77.2,6.810511776652));
#5736 = CARTESIAN_POINT('',(77.2,3.));
#5737 = ( GEOMETRIC_REPRESENTATION_CONTEXT(2) 
PARAMETRIC_REPRESENTATION_CONTEXT() REPRESENTATION_CONTEXT('2D SPACE',''
  ) );
#5738 = ORIENTED_EDGE('',*,*,#5654,.T.);
#5739 = ORIENTED_EDGE('',*,*,#5740,.T.);
#5740 = EDGE_CURVE('',#5632,#5686,#5741,.T.);
#5741 = SURFACE_CURVE('',#5742,(#5747,#5754),.PCURVE_S1.);
#5742 = CIRCLE('',#5743,2.2);
#5743 = AXIS2_PLACEMENT_3D('',#5744,#5745,#5746);
#5744 = CARTESIAN_POINT('',(38.,-224.,204.));
#5745 = DIRECTION('',(0.,0.,-1.));
#5746 = DIRECTION('',(1.,0.,0.));
#5747 = PCURVE('',#5668,#5748);
#5748 = DEFINITIONAL_REPRESENTATION('',(#5749),#5753);
#5749 = LINE('',#5750,#5751);
#5750 = CARTESIAN_POINT('',(-6.28318530718,-92.));
#5751 = VECTOR('',#5752,1.);
#5752 = DIRECTION('',(1.,-0.));
#5753 = ( GEOMETRIC_REPRESENTATION_CONTEXT(2) 
PARAMETRIC_REPRESENTATION_CONTEXT() REPRESENTATION_CONTEXT('2D SPACE',''
  ) );
#5754 = PCURVE('',#5490,#5755);
#5755 = DEFINITIONAL_REPRESENTATION('',(#5756),#5764);
#5756 = ( BOUNDED_CURVE() B_SPLINE_CURVE(2,(#5757,#5758,#5759,#5760,
#5761,#5762,#5763),.UNSPECIFIED.,.T.,.F.) B_SPLINE_CURVE_WITH_KNOTS((1,2
    ,2,2,2,1),(-2.094395102393,0.,2.094395102393,4.188790204786,
6.28318530718,8.377580409573),.UNSPECIFIED.) CURVE() 
GEOMETRIC_REPRESENTATION_ITEM() RATIONAL_B_SPLINE_CURVE((1.,0.5,1.,0.5,
1.,0.5,1.)) REPRESENTATION_ITEM('') );
#5757 = CARTESIAN_POINT('',(77.2,3.));
#5758 = CARTESIAN_POINT('',(77.2,-0.810511776652));
#5759 = CARTESIAN_POINT('',(73.9,1.094744111674));
#5760 = CARTESIAN_POINT('',(70.6,3.));
#5761 = CARTESIAN_POINT('',(73.9,4.905255888326));
#5762 = CARTESIAN_POINT('',(77.2,6.810511776652));
#5763 = CARTESIAN_POINT('',(77.2,3.));
#5764 = ( GEOMETRIC_REPRESENTATION_CONTEXT(2) 
PARAMETRIC_REPRESENTATION_CONTEXT() REPRESENTATION_CONTEXT('2D SPACE',''
  ) );
#5765 = ADVANCED_FACE('',(#5766),#5701,.T.);
#5766 = FACE_BOUND('',#5767,.T.);
#5767 = EDGE_LOOP('',(#5768,#5791,#5792,#5815));
#5768 = ORIENTED_EDGE('',*,*,#5769,.F.);
#5769 = EDGE_CURVE('',#5684,#5770,#5772,.T.);
#5770 = VERTEX_POINT('',#5771);
#5771 = CARTESIAN_POINT('',(37.,-177.9595917942,220.));
#5772 = SURFACE_CURVE('',#5773,(#5777,#5784),.PCURVE_S1.);
#5773 = LINE('',#5774,#5775);
#5774 = CARTESIAN_POINT('',(37.,-227.,220.));
#5775 = VECTOR('',#5776,1.);
#5776 = DIRECTION('',(0.,1.,0.));
#5777 = PCURVE('',#5701,#5778);
#5778 = DEFINITIONAL_REPRESENTATION('',(#5779),#5783);
#5779 = LINE('',#5780,#5781);
#5780 = CARTESIAN_POINT('',(16.,0.));
#5781 = VECTOR('',#5782,1.);
#5782 = DIRECTION('',(0.,-1.));
#5783 = ( GEOMETRIC_REPRESENTATION_CONTEXT(2) 
PARAMETRIC_REPRESENTATION_CONTEXT() REPRESENTATION_CONTEXT('2D SPACE',''
  ) );
#5784 = PCURVE('',#5434,#5785);
#5785 = DEFINITIONAL_REPRESENTATION('',(#5786),#5790);
#5786 = LINE('',#5787,#5788);
#5787 = CARTESIAN_POINT('',(74.,0.));
#5788 = VECTOR('',#5789,1.);
#5789 = DIRECTION('',(0.,1.));
#5790 = ( GEOMETRIC_REPRESENTATION_CONTEXT(2) 
PARAMETRIC_REPRESENTATION_CONTEXT() REPRESENTATION_CONTEXT('2D SPACE',''
  ) );
#5791 = ORIENTED_EDGE('',*,*,#5683,.T.);
#5792 = ORIENTED_EDGE('',*,*,#5793,.T.);
#5793 = EDGE_CURVE('',#5686,#5794,#5796,.T.);
#5794 = VERTEX_POINT('',#5795);
#5795 = CARTESIAN_POINT('',(37.,-177.9595917942,204.));
#5796 = SURFACE_CURVE('',#5797,(#5801,#5808),.PCURVE_S1.);
#5797 = LINE('',#5798,#5799);
#5798 = CARTESIAN_POINT('',(37.,-227.,204.));
#5799 = VECTOR('',#5800,1.);
#5800 = DIRECTION('',(0.,1.,0.));
#5801 = PCURVE('',#5701,#5802);
#5802 = DEFINITIONAL_REPRESENTATION('',(#5803),#5807);
#5803 = LINE('',#5804,#5805);
#5804 = CARTESIAN_POINT('',(0.,0.));
#5805 = VECTOR('',#5806,1.);
#5806 = DIRECTION('',(0.,-1.));
#5807 = ( GEOMETRIC_REPRESENTATION_CONTEXT(2) 
PARAMETRIC_REPRESENTATION_CONTEXT() REPRESENTATION_CONTEXT('2D SPACE',''
  ) );
#5808 = PCURVE('',#5490,#5809);
#5809 = DEFINITIONAL_REPRESENTATION('',(#5810),#5814);
#5810 = LINE('',#5811,#5812);
#5811 = CARTESIAN_POINT('',(74.,0.));
#5812 = VECTOR('',#5813,1.);
#5813 = DIRECTION('',(0.,1.));
#5814 = ( GEOMETRIC_REPRESENTATION_CONTEXT(2) 
PARAMETRIC_REPRESENTATION_CONTEXT() REPRESENTATION_CONTEXT('2D SPACE',''
  ) );
#5815 = ORIENTED_EDGE('',*,*,#5816,.F.);
#5816 = EDGE_CURVE('',#5770,#5794,#5817,.T.);
#5817 = SURFACE_CURVE('',#5818,(#5822,#5829),.PCURVE_S1.);
#5818 = LINE('',#5819,#5820);
#5819 = CARTESIAN_POINT('',(37.,-177.9595917942,112.));
#5820 = VECTOR('',#5821,1.);
#5821 = DIRECTION('',(-0.,-0.,-1.));
#5822 = PCURVE('',#5701,#5823);
#5823 = DEFINITIONAL_REPRESENTATION('',(#5824),#5828);
#5824 = LINE('',#5825,#5826);
#5825 = CARTESIAN_POINT('',(-92.,-49.04040820577));
#5826 = VECTOR('',#5827,1.);
#5827 = DIRECTION('',(-1.,0.));
#5828 = ( GEOMETRIC_REPRESENTATION_CONTEXT(2) 
PARAMETRIC_REPRESENTATION_CONTEXT() REPRESENTATION_CONTEXT('2D SPACE',''
  ) );
#5829 = PCURVE('',#5830,#5835);
#5830 = CYLINDRICAL_SURFACE('',#5831,2.2);
#5831 = AXIS2_PLACEMENT_3D('',#5832,#5833,#5834);
#5832 = CARTESIAN_POINT('',(38.,-176.,112.));
#5833 = DIRECTION('',(-0.,-0.,-1.));
#5834 = DIRECTION('',(1.,0.,0.));
#5835 = DEFINITIONAL_REPRESENTATION('',(#5836),#5840);
#5836 = LINE('',#5837,#5838);
#5837 = CARTESIAN_POINT('',(-4.240527143105,0.));
#5838 = VECTOR('',#5839,1.);
#5839 = DIRECTION('',(-0.,1.));
#5840 = ( GEOMETRIC_REPRESENTATION_CONTEXT(2) 
PARAMETRIC_REPRESENTATION_CONTEXT() REPRESENTATION_CONTEXT('2D SPACE',''
  ) );
#5841 = ADVANCED_FACE('',(#5842),#5830,.F.);
#5842 = FACE_BOUND('',#5843,.T.);
#5843 = EDGE_LOOP('',(#5844,#5874,#5900,#5901));
#5844 = ORIENTED_EDGE('',*,*,#5845,.F.);
#5845 = EDGE_CURVE('',#5846,#5848,#5850,.T.);
#5846 = VERTEX_POINT('',#5847);
#5847 = CARTESIAN_POINT('',(37.,-174.0404082057,220.));
#5848 = VERTEX_POINT('',#5849);
#5849 = CARTESIAN_POINT('',(37.,-174.0404082057,204.));
#5850 = SURFACE_CURVE('',#5851,(#5855,#5862),.PCURVE_S1.);
#5851 = LINE('',#5852,#5853);
#5852 = CARTESIAN_POINT('',(37.,-174.0404082057,112.));
#5853 = VECTOR('',#5854,1.);
#5854 = DIRECTION('',(-0.,-0.,-1.));
#5855 = PCURVE('',#5830,#5856);
#5856 = DEFINITIONAL_REPRESENTATION('',(#5857),#5861);
#5857 = LINE('',#5858,#5859);
#5858 = CARTESIAN_POINT('',(-2.042658164075,0.));
#5859 = VECTOR('',#5860,1.);
#5860 = DIRECTION('',(-0.,1.));
#5861 = ( GEOMETRIC_REPRESENTATION_CONTEXT(2) 
PARAMETRIC_REPRESENTATION_CONTEXT() REPRESENTATION_CONTEXT('2D SPACE',''
  ) );
#5862 = PCURVE('',#5863,#5868);
#5863 = PLANE('',#5864);
#5864 = AXIS2_PLACEMENT_3D('',#5865,#5866,#5867);
#5865 = CARTESIAN_POINT('',(37.,-227.,204.));
#5866 = DIRECTION('',(1.,0.,0.));
#5867 = DIRECTION('',(0.,0.,1.));
#5868 = DEFINITIONAL_REPRESENTATION('',(#5869),#5873);
#5869 = LINE('',#5870,#5871);
#5870 = CARTESIAN_POINT('',(-92.,-52.95959179422));
#5871 = VECTOR('',#5872,1.);
#5872 = DIRECTION('',(-1.,0.));
#5873 = ( GEOMETRIC_REPRESENTATION_CONTEXT(2) 
PARAMETRIC_REPRESENTATION_CONTEXT() REPRESENTATION_CONTEXT('2D SPACE',''
  ) );
#5874 = ORIENTED_EDGE('',*,*,#5875,.F.);
#5875 = EDGE_CURVE('',#5770,#5846,#5876,.T.);
#5876 = SURFACE_CURVE('',#5877,(#5882,#5889),.PCURVE_S1.);
#5877 = CIRCLE('',#5878,2.2);
#5878 = AXIS2_PLACEMENT_3D('',#5879,#5880,#5881);
#5879 = CARTESIAN_POINT('',(38.,-176.,220.));
#5880 = DIRECTION('',(0.,0.,-1.));
#5881 = DIRECTION('',(1.,0.,0.));
#5882 = PCURVE('',#5830,#5883);
#5883 = DEFINITIONAL_REPRESENTATION('',(#5884),#5888);
#5884 = LINE('',#5885,#5886);
#5885 = CARTESIAN_POINT('',(-6.28318530718,-108.));
#5886 = VECTOR('',#5887,1.);
#5887 = DIRECTION('',(1.,-0.));
#5888 = ( GEOMETRIC_REPRESENTATION_CONTEXT(2) 
PARAMETRIC_REPRESENTATION_CONTEXT() REPRESENTATION_CONTEXT('2D SPACE',''
  ) );
#5889 = PCURVE('',#5434,#5890);
#5890 = DEFINITIONAL_REPRESENTATION('',(#5891),#5899);
#5891 = ( BOUNDED_CURVE() B_SPLINE_CURVE(2,(#5892,#5893,#5894,#5895,
#5896,#5897,#5898),.UNSPECIFIED.,.T.,.F.) B_SPLINE_CURVE_WITH_KNOTS((1,2
    ,2,2,2,1),(-2.094395102393,0.,2.094395102393,4.188790204786,
6.28318530718,8.377580409573),.UNSPECIFIED.) CURVE() 
GEOMETRIC_REPRESENTATION_ITEM() RATIONAL_B_SPLINE_CURVE((1.,0.5,1.,0.5,
1.,0.5,1.)) REPRESENTATION_ITEM('') );
#5892 = CARTESIAN_POINT('',(77.2,51.));
#5893 = CARTESIAN_POINT('',(77.2,47.189488223348));
#5894 = CARTESIAN_POINT('',(73.9,49.094744111674));
#5895 = CARTESIAN_POINT('',(70.6,51.));
#5896 = CARTESIAN_POINT('',(73.9,52.905255888326));
#5897 = CARTESIAN_POINT('',(77.2,54.810511776652));
#5898 = CARTESIAN_POINT('',(77.2,51.));
#5899 = ( GEOMETRIC_REPRESENTATION_CONTEXT(2) 
PARAMETRIC_REPRESENTATION_CONTEXT() REPRESENTATION_CONTEXT('2D SPACE',''
  ) );
#5900 = ORIENTED_EDGE('',*,*,#5816,.T.);
#5901 = ORIENTED_EDGE('',*,*,#5902,.T.);
#5902 = EDGE_CURVE('',#5794,#5848,#5903,.T.);
#5903 = SURFACE_CURVE('',#5904,(#5909,#5916),.PCURVE_S1.);
#5904 = CIRCLE('',#5905,2.2);
#5905 = AXIS2_PLACEMENT_3D('',#5906,#5907,#5908);
#5906 = CARTESIAN_POINT('',(38.,-176.,204.));
#5907 = DIRECTION('',(0.,0.,-1.));
#5908 = DIRECTION('',(1.,0.,0.));
#5909 = PCURVE('',#5830,#5910);
#5910 = DEFINITIONAL_REPRESENTATION('',(#5911),#5915);
#5911 = LINE('',#5912,#5913);
#5912 = CARTESIAN_POINT('',(-6.28318530718,-92.));
#5913 = VECTOR('',#5914,1.);
#5914 = DIRECTION('',(1.,-0.));
#5915 = ( GEOMETRIC_REPRESENTATION_CONTEXT(2) 
PARAMETRIC_REPRESENTATION_CONTEXT() REPRESENTATION_CONTEXT('2D SPACE',''
  ) );
#5916 = PCURVE('',#5490,#5917);
#5917 = DEFINITIONAL_REPRESENTATION('',(#5918),#5926);
#5918 = ( BOUNDED_CURVE() B_SPLINE_CURVE(2,(#5919,#5920,#5921,#5922,
#5923,#5924,#5925),.UNSPECIFIED.,.T.,.F.) B_SPLINE_CURVE_WITH_KNOTS((1,2
    ,2,2,2,1),(-2.094395102393,0.,2.094395102393,4.188790204786,
6.28318530718,8.377580409573),.UNSPECIFIED.) CURVE() 
GEOMETRIC_REPRESENTATION_ITEM() RATIONAL_B_SPLINE_CURVE((1.,0.5,1.,0.5,
1.,0.5,1.)) REPRESENTATION_ITEM('') );
#5919 = CARTESIAN_POINT('',(77.2,51.));
#5920 = CARTESIAN_POINT('',(77.2,47.189488223348));
#5921 = CARTESIAN_POINT('',(73.9,49.094744111674));
#5922 = CARTESIAN_POINT('',(70.6,51.));
#5923 = CARTESIAN_POINT('',(73.9,52.905255888326));
#5924 = CARTESIAN_POINT('',(77.2,54.810511776652));
#5925 = CARTESIAN_POINT('',(77.2,51.));
#5926 = ( GEOMETRIC_REPRESENTATION_CONTEXT(2) 
PARAMETRIC_REPRESENTATION_CONTEXT() REPRESENTATION_CONTEXT('2D SPACE',''
  ) );
#5927 = ADVANCED_FACE('',(#5928),#5863,.T.);
#5928 = FACE_BOUND('',#5929,.T.);
#5929 = EDGE_LOOP('',(#5930,#5953,#5954,#5977));
#5930 = ORIENTED_EDGE('',*,*,#5931,.F.);
#5931 = EDGE_CURVE('',#5846,#5932,#5934,.T.);
#5932 = VERTEX_POINT('',#5933);
#5933 = CARTESIAN_POINT('',(37.,-173.,220.));
#5934 = SURFACE_CURVE('',#5935,(#5939,#5946),.PCURVE_S1.);
#5935 = LINE('',#5936,#5937);
#5936 = CARTESIAN_POINT('',(37.,-227.,220.));
#5937 = VECTOR('',#5938,1.);
#5938 = DIRECTION('',(0.,1.,0.));
#5939 = PCURVE('',#5863,#5940);
#5940 = DEFINITIONAL_REPRESENTATION('',(#5941),#5945);
#5941 = LINE('',#5942,#5943);
#5942 = CARTESIAN_POINT('',(16.,0.));
#5943 = VECTOR('',#5944,1.);
#5944 = DIRECTION('',(0.,-1.));
#5945 = ( GEOMETRIC_REPRESENTATION_CONTEXT(2) 
PARAMETRIC_REPRESENTATION_CONTEXT() REPRESENTATION_CONTEXT('2D SPACE',''
  ) );
#5946 = PCURVE('',#5434,#5947);
#5947 = DEFINITIONAL_REPRESENTATION('',(#5948),#5952);
#5948 = LINE('',#5949,#5950);
#5949 = CARTESIAN_POINT('',(74.,0.));
#5950 = VECTOR('',#5951,1.);
#5951 = DIRECTION('',(0.,1.));
#5952 = ( GEOMETRIC_REPRESENTATION_CONTEXT(2) 
PARAMETRIC_REPRESENTATION_CONTEXT() REPRESENTATION_CONTEXT('2D SPACE',''
  ) );
#5953 = ORIENTED_EDGE('',*,*,#5845,.T.);
#5954 = ORIENTED_EDGE('',*,*,#5955,.T.);
#5955 = EDGE_CURVE('',#5848,#5956,#5958,.T.);
#5956 = VERTEX_POINT('',#5957);
#5957 = CARTESIAN_POINT('',(37.,-173.,204.));
#5958 = SURFACE_CURVE('',#5959,(#5963,#5970),.PCURVE_S1.);
#5959 = LINE('',#5960,#5961);
#5960 = CARTESIAN_POINT('',(37.,-227.,204.));
#5961 = VECTOR('',#5962,1.);
#5962 = DIRECTION('',(0.,1.,0.));
#5963 = PCURVE('',#5863,#5964);
#5964 = DEFINITIONAL_REPRESENTATION('',(#5965),#5969);
#5965 = LINE('',#5966,#5967);
#5966 = CARTESIAN_POINT('',(0.,0.));
#5967 = VECTOR('',#5968,1.);
#5968 = DIRECTION('',(0.,-1.));
#5969 = ( GEOMETRIC_REPRESENTATION_CONTEXT(2) 
PARAMETRIC_REPRESENTATION_CONTEXT() REPRESENTATION_CONTEXT('2D SPACE',''
  ) );
#5970 = PCURVE('',#5490,#5971);
#5971 = DEFINITIONAL_REPRESENTATION('',(#5972),#5976);
#5972 = LINE('',#5973,#5974);
#5973 = CARTESIAN_POINT('',(74.,0.));
#5974 = VECTOR('',#5975,1.);
#5975 = DIRECTION('',(0.,1.));
#5976 = ( GEOMETRIC_REPRESENTATION_CONTEXT(2) 
PARAMETRIC_REPRESENTATION_CONTEXT() REPRESENTATION_CONTEXT('2D SPACE',''
  ) );
#5977 = ORIENTED_EDGE('',*,*,#5978,.T.);
#5978 = EDGE_CURVE('',#5956,#5932,#5979,.T.);
#5979 = SURFACE_CURVE('',#5980,(#5984,#5991),.PCURVE_S1.);
#5980 = LINE('',#5981,#5982);
#5981 = CARTESIAN_POINT('',(37.,-173.,204.));
#5982 = VECTOR('',#5983,1.);
#5983 = DIRECTION('',(0.,0.,1.));
#5984 = PCURVE('',#5863,#5985);
#5985 = DEFINITIONAL_REPRESENTATION('',(#5986),#5990);
#5986 = LINE('',#5987,#5988);
#5987 = CARTESIAN_POINT('',(0.,-54.));
#5988 = VECTOR('',#5989,1.);
#5989 = DIRECTION('',(1.,0.));
#5990 = ( GEOMETRIC_REPRESENTATION_CONTEXT(2) 
PARAMETRIC_REPRESENTATION_CONTEXT() REPRESENTATION_CONTEXT('2D SPACE',''
  ) );
#5991 = PCURVE('',#5992,#5997);
#5992 = PLANE('',#5993);
#5993 = AXIS2_PLACEMENT_3D('',#5994,#5995,#5996);
#5994 = CARTESIAN_POINT('',(-37.,-173.,204.));
#5995 = DIRECTION('',(0.,1.,0.));
#5996 = DIRECTION('',(0.,0.,1.));
#5997 = DEFINITIONAL_REPRESENTATION('',(#5998),#6002);
#5998 = LINE('',#5999,#6000);
#5999 = CARTESIAN_POINT('',(0.,74.));
#6000 = VECTOR('',#6001,1.);
#6001 = DIRECTION('',(1.,0.));
#6002 = ( GEOMETRIC_REPRESENTATION_CONTEXT(2) 
PARAMETRIC_REPRESENTATION_CONTEXT() REPRESENTATION_CONTEXT('2D SPACE',''
  ) );
#6003 = ADVANCED_FACE('',(#6004),#5992,.T.);
#6004 = FACE_BOUND('',#6005,.T.);
#6005 = EDGE_LOOP('',(#6006,#6029,#6057,#6078));
#6006 = ORIENTED_EDGE('',*,*,#6007,.F.);
#6007 = EDGE_CURVE('',#6008,#5956,#6010,.T.);
#6008 = VERTEX_POINT('',#6009);
#6009 = CARTESIAN_POINT('',(-37.,-173.,204.));
#6010 = SURFACE_CURVE('',#6011,(#6015,#6022),.PCURVE_S1.);
#6011 = LINE('',#6012,#6013);
#6012 = CARTESIAN_POINT('',(-37.,-173.,204.));
#6013 = VECTOR('',#6014,1.);
#6014 = DIRECTION('',(1.,0.,0.));
#6015 = PCURVE('',#5992,#6016);
#6016 = DEFINITIONAL_REPRESENTATION('',(#6017),#6021);
#6017 = LINE('',#6018,#6019);
#6018 = CARTESIAN_POINT('',(0.,0.));
#6019 = VECTOR('',#6020,1.);
#6020 = DIRECTION('',(0.,1.));
#6021 = ( GEOMETRIC_REPRESENTATION_CONTEXT(2) 
PARAMETRIC_REPRESENTATION_CONTEXT() REPRESENTATION_CONTEXT('2D SPACE',''
  ) );
#6022 = PCURVE('',#5490,#6023);
#6023 = DEFINITIONAL_REPRESENTATION('',(#6024),#6028);
#6024 = LINE('',#6025,#6026);
#6025 = CARTESIAN_POINT('',(0.,54.));
#6026 = VECTOR('',#6027,1.);
#6027 = DIRECTION('',(1.,0.));
#6028 = ( GEOMETRIC_REPRESENTATION_CONTEXT(2) 
PARAMETRIC_REPRESENTATION_CONTEXT() REPRESENTATION_CONTEXT('2D SPACE',''
  ) );
#6029 = ORIENTED_EDGE('',*,*,#6030,.T.);
#6030 = EDGE_CURVE('',#6008,#6031,#6033,.T.);
#6031 = VERTEX_POINT('',#6032);
#6032 = CARTESIAN_POINT('',(-37.,-173.,220.));
#6033 = SURFACE_CURVE('',#6034,(#6038,#6045),.PCURVE_S1.);
#6034 = LINE('',#6035,#6036);
#6035 = CARTESIAN_POINT('',(-37.,-173.,204.));
#6036 = VECTOR('',#6037,1.);
#6037 = DIRECTION('',(0.,0.,1.));
#6038 = PCURVE('',#5992,#6039);
#6039 = DEFINITIONAL_REPRESENTATION('',(#6040),#6044);
#6040 = LINE('',#6041,#6042);
#6041 = CARTESIAN_POINT('',(0.,0.));
#6042 = VECTOR('',#6043,1.);
#6043 = DIRECTION('',(1.,0.));
#6044 = ( GEOMETRIC_REPRESENTATION_CONTEXT(2) 
PARAMETRIC_REPRESENTATION_CONTEXT() REPRESENTATION_CONTEXT('2D SPACE',''
  ) );
#6045 = PCURVE('',#6046,#6051);
#6046 = PLANE('',#6047);
#6047 = AXIS2_PLACEMENT_3D('',#6048,#6049,#6050);
#6048 = CARTESIAN_POINT('',(-37.,-227.,204.));
#6049 = DIRECTION('',(1.,0.,0.));
#6050 = DIRECTION('',(0.,0.,1.));
#6051 = DEFINITIONAL_REPRESENTATION('',(#6052),#6056);
#6052 = LINE('',#6053,#6054);
#6053 = CARTESIAN_POINT('',(0.,-54.));
#6054 = VECTOR('',#6055,1.);
#6055 = DIRECTION('',(1.,0.));
#6056 = ( GEOMETRIC_REPRESENTATION_CONTEXT(2) 
PARAMETRIC_REPRESENTATION_CONTEXT() REPRESENTATION_CONTEXT('2D SPACE',''
  ) );
#6057 = ORIENTED_EDGE('',*,*,#6058,.T.);
#6058 = EDGE_CURVE('',#6031,#5932,#6059,.T.);
#6059 = SURFACE_CURVE('',#6060,(#6064,#6071),.PCURVE_S1.);
#6060 = LINE('',#6061,#6062);
#6061 = CARTESIAN_POINT('',(-37.,-173.,220.));
#6062 = VECTOR('',#6063,1.);
#6063 = DIRECTION('',(1.,0.,0.));
#6064 = PCURVE('',#5992,#6065);
#6065 = DEFINITIONAL_REPRESENTATION('',(#6066),#6070);
#6066 = LINE('',#6067,#6068);
#6067 = CARTESIAN_POINT('',(16.,0.));
#6068 = VECTOR('',#6069,1.);
#6069 = DIRECTION('',(0.,1.));
#6070 = ( GEOMETRIC_REPRESENTATION_CONTEXT(2) 
PARAMETRIC_REPRESENTATION_CONTEXT() REPRESENTATION_CONTEXT('2D SPACE',''
  ) );
#6071 = PCURVE('',#5434,#6072);
#6072 = DEFINITIONAL_REPRESENTATION('',(#6073),#6077);
#6073 = LINE('',#6074,#6075);
#6074 = CARTESIAN_POINT('',(0.,54.));
#6075 = VECTOR('',#6076,1.);
#6076 = DIRECTION('',(1.,0.));
#6077 = ( GEOMETRIC_REPRESENTATION_CONTEXT(2) 
PARAMETRIC_REPRESENTATION_CONTEXT() REPRESENTATION_CONTEXT('2D SPACE',''
  ) );
#6078 = ORIENTED_EDGE('',*,*,#5978,.F.);
#6079 = ADVANCED_FACE('',(#6080),#6046,.F.);
#6080 = FACE_BOUND('',#6081,.F.);
#6081 = EDGE_LOOP('',(#6082,#6105,#6133,#6154));
#6082 = ORIENTED_EDGE('',*,*,#6083,.F.);
#6083 = EDGE_CURVE('',#6084,#6031,#6086,.T.);
#6084 = VERTEX_POINT('',#6085);
#6085 = CARTESIAN_POINT('',(-37.,-174.0404082057,220.));
#6086 = SURFACE_CURVE('',#6087,(#6091,#6098),.PCURVE_S1.);
#6087 = LINE('',#6088,#6089);
#6088 = CARTESIAN_POINT('',(-37.,-227.,220.));
#6089 = VECTOR('',#6090,1.);
#6090 = DIRECTION('',(0.,1.,0.));
#6091 = PCURVE('',#6046,#6092);
#6092 = DEFINITIONAL_REPRESENTATION('',(#6093),#6097);
#6093 = LINE('',#6094,#6095);
#6094 = CARTESIAN_POINT('',(16.,0.));
#6095 = VECTOR('',#6096,1.);
#6096 = DIRECTION('',(0.,-1.));
#6097 = ( GEOMETRIC_REPRESENTATION_CONTEXT(2) 
PARAMETRIC_REPRESENTATION_CONTEXT() REPRESENTATION_CONTEXT('2D SPACE',''
  ) );
#6098 = PCURVE('',#5434,#6099);
#6099 = DEFINITIONAL_REPRESENTATION('',(#6100),#6104);
#6100 = LINE('',#6101,#6102);
#6101 = CARTESIAN_POINT('',(0.,0.));
#6102 = VECTOR('',#6103,1.);
#6103 = DIRECTION('',(0.,1.));
#6104 = ( GEOMETRIC_REPRESENTATION_CONTEXT(2) 
PARAMETRIC_REPRESENTATION_CONTEXT() REPRESENTATION_CONTEXT('2D SPACE',''
  ) );
#6105 = ORIENTED_EDGE('',*,*,#6106,.T.);
#6106 = EDGE_CURVE('',#6084,#6107,#6109,.T.);
#6107 = VERTEX_POINT('',#6108);
#6108 = CARTESIAN_POINT('',(-37.,-174.0404082057,204.));
#6109 = SURFACE_CURVE('',#6110,(#6114,#6121),.PCURVE_S1.);
#6110 = LINE('',#6111,#6112);
#6111 = CARTESIAN_POINT('',(-37.,-174.0404082057,112.));
#6112 = VECTOR('',#6113,1.);
#6113 = DIRECTION('',(-0.,-0.,-1.));
#6114 = PCURVE('',#6046,#6115);
#6115 = DEFINITIONAL_REPRESENTATION('',(#6116),#6120);
#6116 = LINE('',#6117,#6118);
#6117 = CARTESIAN_POINT('',(-92.,-52.95959179422));
#6118 = VECTOR('',#6119,1.);
#6119 = DIRECTION('',(-1.,0.));
#6120 = ( GEOMETRIC_REPRESENTATION_CONTEXT(2) 
PARAMETRIC_REPRESENTATION_CONTEXT() REPRESENTATION_CONTEXT('2D SPACE',''
  ) );
#6121 = PCURVE('',#6122,#6127);
#6122 = CYLINDRICAL_SURFACE('',#6123,2.2);
#6123 = AXIS2_PLACEMENT_3D('',#6124,#6125,#6126);
#6124 = CARTESIAN_POINT('',(-38.,-176.,112.));
#6125 = DIRECTION('',(-0.,-0.,-1.));
#6126 = DIRECTION('',(1.,0.,0.));
#6127 = DEFINITIONAL_REPRESENTATION('',(#6128),#6132);
#6128 = LINE('',#6129,#6130);
#6129 = CARTESIAN_POINT('',(-7.382119796695,0.));
#6130 = VECTOR('',#6131,1.);
#6131 = DIRECTION('',(-0.,1.));
#6132 = ( GEOMETRIC_REPRESENTATION_CONTEXT(2) 
PARAMETRIC_REPRESENTATION_CONTEXT() REPRESENTATION_CONTEXT('2D SPACE',''
  ) );
#6133 = ORIENTED_EDGE('',*,*,#6134,.T.);
#6134 = EDGE_CURVE('',#6107,#6008,#6135,.T.);
#6135 = SURFACE_CURVE('',#6136,(#6140,#6147),.PCURVE_S1.);
#6136 = LINE('',#6137,#6138);
#6137 = CARTESIAN_POINT('',(-37.,-227.,204.));
#6138 = VECTOR('',#6139,1.);
#6139 = DIRECTION('',(0.,1.,0.));
#6140 = PCURVE('',#6046,#6141);
#6141 = DEFINITIONAL_REPRESENTATION('',(#6142),#6146);
#6142 = LINE('',#6143,#6144);
#6143 = CARTESIAN_POINT('',(0.,0.));
#6144 = VECTOR('',#6145,1.);
#6145 = DIRECTION('',(0.,-1.));
#6146 = ( GEOMETRIC_REPRESENTATION_CONTEXT(2) 
PARAMETRIC_REPRESENTATION_CONTEXT() REPRESENTATION_CONTEXT('2D SPACE',''
  ) );
#6147 = PCURVE('',#5490,#6148);
#6148 = DEFINITIONAL_REPRESENTATION('',(#6149),#6153);
#6149 = LINE('',#6150,#6151);
#6150 = CARTESIAN_POINT('',(0.,0.));
#6151 = VECTOR('',#6152,1.);
#6152 = DIRECTION('',(0.,1.));
#6153 = ( GEOMETRIC_REPRESENTATION_CONTEXT(2) 
PARAMETRIC_REPRESENTATION_CONTEXT() REPRESENTATION_CONTEXT('2D SPACE',''
  ) );
#6154 = ORIENTED_EDGE('',*,*,#6030,.T.);
#6155 = ADVANCED_FACE('',(#6156),#6122,.F.);
#6156 = FACE_BOUND('',#6157,.T.);
#6157 = EDGE_LOOP('',(#6158,#6186,#6187,#6211));
#6158 = ORIENTED_EDGE('',*,*,#6159,.F.);
#6159 = EDGE_CURVE('',#6084,#6160,#6162,.T.);
#6160 = VERTEX_POINT('',#6161);
#6161 = CARTESIAN_POINT('',(-37.,-177.9595917942,220.));
#6162 = SURFACE_CURVE('',#6163,(#6168,#6175),.PCURVE_S1.);
#6163 = CIRCLE('',#6164,2.2);
#6164 = AXIS2_PLACEMENT_3D('',#6165,#6166,#6167);
#6165 = CARTESIAN_POINT('',(-38.,-176.,220.));
#6166 = DIRECTION('',(0.,0.,-1.));
#6167 = DIRECTION('',(0.454545454546,0.89072354283,0.));
#6168 = PCURVE('',#6122,#6169);
#6169 = DEFINITIONAL_REPRESENTATION('',(#6170),#6174);
#6170 = LINE('',#6171,#6172);
#6171 = CARTESIAN_POINT('',(-7.382119796695,-108.));
#6172 = VECTOR('',#6173,1.);
#6173 = DIRECTION('',(1.,-0.));
#6174 = ( GEOMETRIC_REPRESENTATION_CONTEXT(2) 
PARAMETRIC_REPRESENTATION_CONTEXT() REPRESENTATION_CONTEXT('2D SPACE',''
  ) );
#6175 = PCURVE('',#5434,#6176);
#6176 = DEFINITIONAL_REPRESENTATION('',(#6177),#6185);
#6177 = ( BOUNDED_CURVE() B_SPLINE_CURVE(2,(#6178,#6179,#6180,#6181,
#6182,#6183,#6184),.UNSPECIFIED.,.T.,.F.) B_SPLINE_CURVE_WITH_KNOTS((1,2
    ,2,2,2,1),(-2.094395102393,0.,2.094395102393,4.188790204786,
6.28318530718,8.377580409573),.UNSPECIFIED.) CURVE() 
GEOMETRIC_REPRESENTATION_ITEM() RATIONAL_B_SPLINE_CURVE((1.,0.5,1.,0.5,
1.,0.5,1.)) REPRESENTATION_ITEM('') );
#6178 = CARTESIAN_POINT('',(3.623767952377E-13,52.959591794226));
#6179 = CARTESIAN_POINT('',(3.394112549695,51.227540986657));
#6180 = CARTESIAN_POINT('',(0.197056274847,49.154178699102));
#6181 = CARTESIAN_POINT('',(-3.000000000001,47.080816411547));
#6182 = CARTESIAN_POINT('',(-3.197056274848,50.886229506672));
#6183 = CARTESIAN_POINT('',(-3.394112549695,54.691642601796));
#6184 = CARTESIAN_POINT('',(3.623767952377E-13,52.959591794226));
#6185 = ( GEOMETRIC_REPRESENTATION_CONTEXT(2) 
PARAMETRIC_REPRESENTATION_CONTEXT() REPRESENTATION_CONTEXT('2D SPACE',''
  ) );
#6186 = ORIENTED_EDGE('',*,*,#6106,.T.);
#6187 = ORIENTED_EDGE('',*,*,#6188,.F.);
#6188 = EDGE_CURVE('',#6189,#6107,#6191,.T.);
#6189 = VERTEX_POINT('',#6190);
#6190 = CARTESIAN_POINT('',(-37.,-177.9595917942,204.));
#6191 = SURFACE_CURVE('',#6192,(#6197,#6204),.PCURVE_S1.);
#6192 = CIRCLE('',#6193,2.2);
#6193 = AXIS2_PLACEMENT_3D('',#6194,#6195,#6196);
#6194 = CARTESIAN_POINT('',(-38.,-176.,204.));
#6195 = DIRECTION('',(-0.,0.,1.));
#6196 = DIRECTION('',(0.454545454546,-0.89072354283,0.));
#6197 = PCURVE('',#6122,#6198);
#6198 = DEFINITIONAL_REPRESENTATION('',(#6199),#6203);
#6199 = LINE('',#6200,#6201);
#6200 = CARTESIAN_POINT('',(-5.184250817665,-92.));
#6201 = VECTOR('',#6202,1.);
#6202 = DIRECTION('',(-1.,-0.));
#6203 = ( GEOMETRIC_REPRESENTATION_CONTEXT(2) 
PARAMETRIC_REPRESENTATION_CONTEXT() REPRESENTATION_CONTEXT('2D SPACE',''
  ) );
#6204 = PCURVE('',#5490,#6205);
#6205 = DEFINITIONAL_REPRESENTATION('',(#6206),#6210);
#6206 = CIRCLE('',#6207,2.2);
#6207 = AXIS2_PLACEMENT_2D('',#6208,#6209);
#6208 = CARTESIAN_POINT('',(-1.,51.));
#6209 = DIRECTION('',(0.454545454546,-0.89072354283));
#6210 = ( GEOMETRIC_REPRESENTATION_CONTEXT(2) 
PARAMETRIC_REPRESENTATION_CONTEXT() REPRESENTATION_CONTEXT('2D SPACE',''
  ) );
#6211 = ORIENTED_EDGE('',*,*,#6212,.F.);
#6212 = EDGE_CURVE('',#6160,#6189,#6213,.T.);
#6213 = SURFACE_CURVE('',#6214,(#6218,#6225),.PCURVE_S1.);
#6214 = LINE('',#6215,#6216);
#6215 = CARTESIAN_POINT('',(-37.,-177.9595917942,112.));
#6216 = VECTOR('',#6217,1.);
#6217 = DIRECTION('',(-0.,-0.,-1.));
#6218 = PCURVE('',#6122,#6219);
#6219 = DEFINITIONAL_REPRESENTATION('',(#6220),#6224);
#6220 = LINE('',#6221,#6222);
#6221 = CARTESIAN_POINT('',(-5.184250817664,0.));
#6222 = VECTOR('',#6223,1.);
#6223 = DIRECTION('',(-0.,1.));
#6224 = ( GEOMETRIC_REPRESENTATION_CONTEXT(2) 
PARAMETRIC_REPRESENTATION_CONTEXT() REPRESENTATION_CONTEXT('2D SPACE',''
  ) );
#6225 = PCURVE('',#6226,#6231);
#6226 = PLANE('',#6227);
#6227 = AXIS2_PLACEMENT_3D('',#6228,#6229,#6230);
#6228 = CARTESIAN_POINT('',(-37.,-227.,204.));
#6229 = DIRECTION('',(1.,0.,0.));
#6230 = DIRECTION('',(0.,0.,1.));
#6231 = DEFINITIONAL_REPRESENTATION('',(#6232),#6236);
#6232 = LINE('',#6233,#6234);
#6233 = CARTESIAN_POINT('',(-92.,-49.04040820577));
#6234 = VECTOR('',#6235,1.);
#6235 = DIRECTION('',(-1.,0.));
#6236 = ( GEOMETRIC_REPRESENTATION_CONTEXT(2) 
PARAMETRIC_REPRESENTATION_CONTEXT() REPRESENTATION_CONTEXT('2D SPACE',''
  ) );
#6237 = ADVANCED_FACE('',(#6238),#6226,.F.);
#6238 = FACE_BOUND('',#6239,.F.);
#6239 = EDGE_LOOP('',(#6240,#6263,#6286,#6307));
#6240 = ORIENTED_EDGE('',*,*,#6241,.F.);
#6241 = EDGE_CURVE('',#6242,#6160,#6244,.T.);
#6242 = VERTEX_POINT('',#6243);
#6243 = CARTESIAN_POINT('',(-37.,-222.0404082057,220.));
#6244 = SURFACE_CURVE('',#6245,(#6249,#6256),.PCURVE_S1.);
#6245 = LINE('',#6246,#6247);
#6246 = CARTESIAN_POINT('',(-37.,-227.,220.));
#6247 = VECTOR('',#6248,1.);
#6248 = DIRECTION('',(0.,1.,0.));
#6249 = PCURVE('',#6226,#6250);
#6250 = DEFINITIONAL_REPRESENTATION('',(#6251),#6255);
#6251 = LINE('',#6252,#6253);
#6252 = CARTESIAN_POINT('',(16.,0.));
#6253 = VECTOR('',#6254,1.);
#6254 = DIRECTION('',(0.,-1.));
#6255 = ( GEOMETRIC_REPRESENTATION_CONTEXT(2) 
PARAMETRIC_REPRESENTATION_CONTEXT() REPRESENTATION_CONTEXT('2D SPACE',''
  ) );
#6256 = PCURVE('',#5434,#6257);
#6257 = DEFINITIONAL_REPRESENTATION('',(#6258),#6262);
#6258 = LINE('',#6259,#6260);
#6259 = CARTESIAN_POINT('',(0.,0.));
#6260 = VECTOR('',#6261,1.);
#6261 = DIRECTION('',(0.,1.));
#6262 = ( GEOMETRIC_REPRESENTATION_CONTEXT(2) 
PARAMETRIC_REPRESENTATION_CONTEXT() REPRESENTATION_CONTEXT('2D SPACE',''
  ) );
#6263 = ORIENTED_EDGE('',*,*,#6264,.T.);
#6264 = EDGE_CURVE('',#6242,#6265,#6267,.T.);
#6265 = VERTEX_POINT('',#6266);
#6266 = CARTESIAN_POINT('',(-37.,-222.0404082057,204.));
#6267 = SURFACE_CURVE('',#6268,(#6272,#6279),.PCURVE_S1.);
#6268 = LINE('',#6269,#6270);
#6269 = CARTESIAN_POINT('',(-37.,-222.0404082057,112.));
#6270 = VECTOR('',#6271,1.);
#6271 = DIRECTION('',(-0.,-0.,-1.));
#6272 = PCURVE('',#6226,#6273);
#6273 = DEFINITIONAL_REPRESENTATION('',(#6274),#6278);
#6274 = LINE('',#6275,#6276);
#6275 = CARTESIAN_POINT('',(-92.,-4.959591794227));
#6276 = VECTOR('',#6277,1.);
#6277 = DIRECTION('',(-1.,0.));
#6278 = ( GEOMETRIC_REPRESENTATION_CONTEXT(2) 
PARAMETRIC_REPRESENTATION_CONTEXT() REPRESENTATION_CONTEXT('2D SPACE',''
  ) );
#6279 = PCURVE('',#5516,#6280);
#6280 = DEFINITIONAL_REPRESENTATION('',(#6281),#6285);
#6281 = LINE('',#6282,#6283);
#6282 = CARTESIAN_POINT('',(-7.382119796695,0.));
#6283 = VECTOR('',#6284,1.);
#6284 = DIRECTION('',(-0.,1.));
#6285 = ( GEOMETRIC_REPRESENTATION_CONTEXT(2) 
PARAMETRIC_REPRESENTATION_CONTEXT() REPRESENTATION_CONTEXT('2D SPACE',''
  ) );
#6286 = ORIENTED_EDGE('',*,*,#6287,.T.);
#6287 = EDGE_CURVE('',#6265,#6189,#6288,.T.);
#6288 = SURFACE_CURVE('',#6289,(#6293,#6300),.PCURVE_S1.);
#6289 = LINE('',#6290,#6291);
#6290 = CARTESIAN_POINT('',(-37.,-227.,204.));
#6291 = VECTOR('',#6292,1.);
#6292 = DIRECTION('',(0.,1.,0.));
#6293 = PCURVE('',#6226,#6294);
#6294 = DEFINITIONAL_REPRESENTATION('',(#6295),#6299);
#6295 = LINE('',#6296,#6297);
#6296 = CARTESIAN_POINT('',(0.,0.));
#6297 = VECTOR('',#6298,1.);
#6298 = DIRECTION('',(0.,-1.));
#6299 = ( GEOMETRIC_REPRESENTATION_CONTEXT(2) 
PARAMETRIC_REPRESENTATION_CONTEXT() REPRESENTATION_CONTEXT('2D SPACE',''
  ) );
#6300 = PCURVE('',#5490,#6301);
#6301 = DEFINITIONAL_REPRESENTATION('',(#6302),#6306);
#6302 = LINE('',#6303,#6304);
#6303 = CARTESIAN_POINT('',(0.,0.));
#6304 = VECTOR('',#6305,1.);
#6305 = DIRECTION('',(0.,1.));
#6306 = ( GEOMETRIC_REPRESENTATION_CONTEXT(2) 
PARAMETRIC_REPRESENTATION_CONTEXT() REPRESENTATION_CONTEXT('2D SPACE',''
  ) );
#6307 = ORIENTED_EDGE('',*,*,#6212,.F.);
#6308 = ADVANCED_FACE('',(#6309),#5490,.F.);
#6309 = FACE_BOUND('',#6310,.F.);
#6310 = EDGE_LOOP('',(#6311,#6312,#6313,#6314,#6315,#6316,#6317,#6318,
    #6319,#6320,#6321,#6322));
#6311 = ORIENTED_EDGE('',*,*,#5474,.F.);
#6312 = ORIENTED_EDGE('',*,*,#5531,.T.);
#6313 = ORIENTED_EDGE('',*,*,#5631,.T.);
#6314 = ORIENTED_EDGE('',*,*,#5740,.T.);
#6315 = ORIENTED_EDGE('',*,*,#5793,.T.);
#6316 = ORIENTED_EDGE('',*,*,#5902,.T.);
#6317 = ORIENTED_EDGE('',*,*,#5955,.T.);
#6318 = ORIENTED_EDGE('',*,*,#6007,.F.);
#6319 = ORIENTED_EDGE('',*,*,#6134,.F.);
#6320 = ORIENTED_EDGE('',*,*,#6188,.F.);
#6321 = ORIENTED_EDGE('',*,*,#6287,.F.);
#6322 = ORIENTED_EDGE('',*,*,#6323,.T.);
#6323 = EDGE_CURVE('',#6265,#5475,#6324,.T.);
#6324 = SURFACE_CURVE('',#6325,(#6330,#6341),.PCURVE_S1.);
#6325 = CIRCLE('',#6326,2.2);
#6326 = AXIS2_PLACEMENT_3D('',#6327,#6328,#6329);
#6327 = CARTESIAN_POINT('',(-38.,-224.,204.));
#6328 = DIRECTION('',(0.,0.,-1.));
#6329 = DIRECTION('',(0.454545454546,0.89072354283,0.));
#6330 = PCURVE('',#5490,#6331);
#6331 = DEFINITIONAL_REPRESENTATION('',(#6332),#6340);
#6332 = ( BOUNDED_CURVE() B_SPLINE_CURVE(2,(#6333,#6334,#6335,#6336,
#6337,#6338,#6339),.UNSPECIFIED.,.T.,.F.) B_SPLINE_CURVE_WITH_KNOTS((1,2
    ,2,2,2,1),(-2.094395102393,0.,2.094395102393,4.188790204786,
6.28318530718,8.377580409573),.UNSPECIFIED.) CURVE() 
GEOMETRIC_REPRESENTATION_ITEM() RATIONAL_B_SPLINE_CURVE((1.,0.5,1.,0.5,
1.,0.5,1.)) REPRESENTATION_ITEM('') );
#6333 = CARTESIAN_POINT('',(3.623767952377E-13,4.959591794226));
#6334 = CARTESIAN_POINT('',(3.394112549695,3.227540986657));
#6335 = CARTESIAN_POINT('',(0.197056274847,1.154178699102));
#6336 = CARTESIAN_POINT('',(-3.000000000001,-0.919183588453));
#6337 = CARTESIAN_POINT('',(-3.197056274848,2.886229506672));
#6338 = CARTESIAN_POINT('',(-3.394112549695,6.691642601796));
#6339 = CARTESIAN_POINT('',(3.623767952377E-13,4.959591794226));
#6340 = ( GEOMETRIC_REPRESENTATION_CONTEXT(2) 
PARAMETRIC_REPRESENTATION_CONTEXT() REPRESENTATION_CONTEXT('2D SPACE',''
  ) );
#6341 = PCURVE('',#5516,#6342);
#6342 = DEFINITIONAL_REPRESENTATION('',(#6343),#6347);
#6343 = LINE('',#6344,#6345);
#6344 = CARTESIAN_POINT('',(-7.382119796695,-92.));
#6345 = VECTOR('',#6346,1.);
#6346 = DIRECTION('',(1.,-0.));
#6347 = ( GEOMETRIC_REPRESENTATION_CONTEXT(2) 
PARAMETRIC_REPRESENTATION_CONTEXT() REPRESENTATION_CONTEXT('2D SPACE',''
  ) );
#6348 = ADVANCED_FACE('',(#6349),#5516,.F.);
#6349 = FACE_BOUND('',#6350,.T.);
#6350 = EDGE_LOOP('',(#6351,#6377,#6378,#6379));
#6351 = ORIENTED_EDGE('',*,*,#6352,.F.);
#6352 = EDGE_CURVE('',#6242,#5414,#6353,.T.);
#6353 = SURFACE_CURVE('',#6354,(#6359,#6366),.PCURVE_S1.);
#6354 = CIRCLE('',#6355,2.2);
#6355 = AXIS2_PLACEMENT_3D('',#6356,#6357,#6358);
#6356 = CARTESIAN_POINT('',(-38.,-224.,220.));
#6357 = DIRECTION('',(0.,0.,-1.));
#6358 = DIRECTION('',(0.454545454546,0.89072354283,0.));
#6359 = PCURVE('',#5516,#6360);
#6360 = DEFINITIONAL_REPRESENTATION('',(#6361),#6365);
#6361 = LINE('',#6362,#6363);
#6362 = CARTESIAN_POINT('',(-7.382119796695,-108.));
#6363 = VECTOR('',#6364,1.);
#6364 = DIRECTION('',(1.,-0.));
#6365 = ( GEOMETRIC_REPRESENTATION_CONTEXT(2) 
PARAMETRIC_REPRESENTATION_CONTEXT() REPRESENTATION_CONTEXT('2D SPACE',''
  ) );
#6366 = PCURVE('',#5434,#6367);
#6367 = DEFINITIONAL_REPRESENTATION('',(#6368),#6376);
#6368 = ( BOUNDED_CURVE() B_SPLINE_CURVE(2,(#6369,#6370,#6371,#6372,
#6373,#6374,#6375),.UNSPECIFIED.,.T.,.F.) B_SPLINE_CURVE_WITH_KNOTS((1,2
    ,2,2,2,1),(-2.094395102393,0.,2.094395102393,4.188790204786,
6.28318530718,8.377580409573),.UNSPECIFIED.) CURVE() 
GEOMETRIC_REPRESENTATION_ITEM() RATIONAL_B_SPLINE_CURVE((1.,0.5,1.,0.5,
1.,0.5,1.)) REPRESENTATION_ITEM('') );
#6369 = CARTESIAN_POINT('',(3.623767952377E-13,4.959591794226));
#6370 = CARTESIAN_POINT('',(3.394112549695,3.227540986657));
#6371 = CARTESIAN_POINT('',(0.197056274847,1.154178699102));
#6372 = CARTESIAN_POINT('',(-3.000000000001,-0.919183588453));
#6373 = CARTESIAN_POINT('',(-3.197056274848,2.886229506672));
#6374 = CARTESIAN_POINT('',(-3.394112549695,6.691642601796));
#6375 = CARTESIAN_POINT('',(3.623767952377E-13,4.959591794226));
#6376 = ( GEOMETRIC_REPRESENTATION_CONTEXT(2) 
PARAMETRIC_REPRESENTATION_CONTEXT() REPRESENTATION_CONTEXT('2D SPACE',''
  ) );
#6377 = ORIENTED_EDGE('',*,*,#6264,.T.);
#6378 = ORIENTED_EDGE('',*,*,#6323,.T.);
#6379 = ORIENTED_EDGE('',*,*,#5502,.F.);
#6380 = ADVANCED_FACE('',(#6381),#5434,.T.);
#6381 = FACE_BOUND('',#6382,.T.);
#6382 = EDGE_LOOP('',(#6383,#6384,#6385,#6386,#6387,#6388,#6389,#6390,
    #6391,#6392,#6393,#6394));
#6383 = ORIENTED_EDGE('',*,*,#5411,.F.);
#6384 = ORIENTED_EDGE('',*,*,#5555,.T.);
#6385 = ORIENTED_EDGE('',*,*,#5607,.T.);
#6386 = ORIENTED_EDGE('',*,*,#5713,.T.);
#6387 = ORIENTED_EDGE('',*,*,#5769,.T.);
#6388 = ORIENTED_EDGE('',*,*,#5875,.T.);
#6389 = ORIENTED_EDGE('',*,*,#5931,.T.);
#6390 = ORIENTED_EDGE('',*,*,#6058,.F.);
#6391 = ORIENTED_EDGE('',*,*,#6083,.F.);
#6392 = ORIENTED_EDGE('',*,*,#6159,.T.);
#6393 = ORIENTED_EDGE('',*,*,#6241,.F.);
#6394 = ORIENTED_EDGE('',*,*,#6352,.T.);
#6395 = ( GEOMETRIC_REPRESENTATION_CONTEXT(3) 
GLOBAL_UNCERTAINTY_ASSIGNED_CONTEXT((#6399)) 
GLOBAL_UNIT_ASSIGNED_CONTEXT((#6396,#6397,#6398)) REPRESENTATION_CONTEXT
('Context #1','3D Context with UNIT and UNCERTAINTY') );
#6396 = ( LENGTH_UNIT() NAMED_UNIT(*) SI_UNIT(.MILLI.,.METRE.) );
#6397 = ( NAMED_UNIT(*) PLANE_ANGLE_UNIT() SI_UNIT($,.RADIAN.) );
#6398 = ( NAMED_UNIT(*) SI_UNIT($,.STERADIAN.) SOLID_ANGLE_UNIT() );
#6399 = UNCERTAINTY_MEASURE_WITH_UNIT(LENGTH_MEASURE(1.E-07),#6396,
  'distance_accuracy_value','confusion accuracy');
#6400 = CONTEXT_DEPENDENT_SHAPE_REPRESENTATION(#6401,#6403);
#6401 = ( REPRESENTATION_RELATIONSHIP('','',#5404,#4070) 
REPRESENTATION_RELATIONSHIP_WITH_TRANSFORMATION(#6402) 
SHAPE_REPRESENTATION_RELATIONSHIP() );
#6402 = ITEM_DEFINED_TRANSFORMATION('','',#11,#4075);
#6403 = PRODUCT_DEFINITION_SHAPE('Placement','Placement of an item',
  #6404);
#6404 = NEXT_ASSEMBLY_USAGE_OCCURRENCE('6','','',#4065,#5399,$);
#6405 = PRODUCT_RELATED_PRODUCT_CATEGORY('part',$,(#5401));
#6406 = SHAPE_DEFINITION_REPRESENTATION(#6407,#6413);
#6407 = PRODUCT_DEFINITION_SHAPE('','',#6408);
#6408 = PRODUCT_DEFINITION('design','',#6409,#6412);
#6409 = PRODUCT_DEFINITION_FORMATION('','',#6410);
#6410 = PRODUCT('Open CASCADE STEP translator 7.9 1.4',
  'Open CASCADE STEP translator 7.9 1.4','',(#6411));
#6411 = PRODUCT_CONTEXT('',#2,'mechanical');
#6412 = PRODUCT_DEFINITION_CONTEXT('part definition',#2,'design');
#6413 = SHAPE_REPRESENTATION('',(#11,#6414,#6418),#6422);
#6414 = AXIS2_PLACEMENT_3D('',#6415,#6416,#6417);
#6415 = CARTESIAN_POINT('',(0.,0.,0.));
#6416 = DIRECTION('',(0.,0.,1.));
#6417 = DIRECTION('',(1.,0.,-0.));
#6418 = AXIS2_PLACEMENT_3D('',#6419,#6420,#6421);
#6419 = CARTESIAN_POINT('',(0.,0.,0.));
#6420 = DIRECTION('',(0.,0.,1.));
#6421 = DIRECTION('',(1.,0.,-0.));
#6422 = ( GEOMETRIC_REPRESENTATION_CONTEXT(3) 
GLOBAL_UNCERTAINTY_ASSIGNED_CONTEXT((#6426)) 
GLOBAL_UNIT_ASSIGNED_CONTEXT((#6423,#6424,#6425)) REPRESENTATION_CONTEXT
('Context #1','3D Context with UNIT and UNCERTAINTY') );
#6423 = ( LENGTH_UNIT() NAMED_UNIT(*) SI_UNIT(.MILLI.,.METRE.) );
#6424 = ( NAMED_UNIT(*) PLANE_ANGLE_UNIT() SI_UNIT($,.RADIAN.) );
#6425 = ( NAMED_UNIT(*) SI_UNIT($,.STERADIAN.) SOLID_ANGLE_UNIT() );
#6426 = UNCERTAINTY_MEASURE_WITH_UNIT(LENGTH_MEASURE(1.E-07),#6423,
  'distance_accuracy_value','confusion accuracy');
#6427 = CONTEXT_DEPENDENT_SHAPE_REPRESENTATION(#6428,#6430);
#6428 = ( REPRESENTATION_RELATIONSHIP('','',#6413,#10) 
REPRESENTATION_RELATIONSHIP_WITH_TRANSFORMATION(#6429) 
SHAPE_REPRESENTATION_RELATIONSHIP() );
#6429 = ITEM_DEFINED_TRANSFORMATION('','',#11,#27);
#6430 = PRODUCT_DEFINITION_SHAPE('Placement','Placement of an item',
  #6431);
#6431 = NEXT_ASSEMBLY_USAGE_OCCURRENCE('10','','',#5,#6408,$);
#6432 = PRODUCT_RELATED_PRODUCT_CATEGORY('part',$,(#6410));
#6433 = SHAPE_DEFINITION_REPRESENTATION(#6434,#6440);
#6434 = PRODUCT_DEFINITION_SHAPE('','',#6435);
#6435 = PRODUCT_DEFINITION('design','',#6436,#6439);
#6436 = PRODUCT_DEFINITION_FORMATION('','',#6437);
#6437 = PRODUCT('Open CASCADE STEP translator 7.9 1.4.1',
  'Open CASCADE STEP translator 7.9 1.4.1','',(#6438));
#6438 = PRODUCT_CONTEXT('',#2,'mechanical');
#6439 = PRODUCT_DEFINITION_CONTEXT('part definition',#2,'design');
#6440 = ADVANCED_BREP_SHAPE_REPRESENTATION('',(#11,#6441),#7729);
#6441 = MANIFOLD_SOLID_BREP('',#6442);
#6442 = CLOSED_SHELL('',(#6443,#6563,#6639,#7024,#7073,#7238,#7265,#7292
    ,#7319,#7419,#7451,#7478,#7651,#7679,#7707,#7714,#7719,#7724));
#6443 = ADVANCED_FACE('',(#6444),#6458,.F.);
#6444 = FACE_BOUND('',#6445,.F.);
#6445 = EDGE_LOOP('',(#6446,#6481,#6509,#6537));
#6446 = ORIENTED_EDGE('',*,*,#6447,.F.);
#6447 = EDGE_CURVE('',#6448,#6450,#6452,.T.);
#6448 = VERTEX_POINT('',#6449);
#6449 = CARTESIAN_POINT('',(-45.,-235.,162.));
#6450 = VERTEX_POINT('',#6451);
#6451 = CARTESIAN_POINT('',(-45.,-235.,262.));
#6452 = SURFACE_CURVE('',#6453,(#6457,#6469),.PCURVE_S1.);
#6453 = LINE('',#6454,#6455);
#6454 = CARTESIAN_POINT('',(-45.,-235.,162.));
#6455 = VECTOR('',#6456,1.);
#6456 = DIRECTION('',(0.,0.,1.));
#6457 = PCURVE('',#6458,#6463);
#6458 = PLANE('',#6459);
#6459 = AXIS2_PLACEMENT_3D('',#6460,#6461,#6462);
#6460 = CARTESIAN_POINT('',(-45.,-235.,162.));
#6461 = DIRECTION('',(1.,0.,0.));
#6462 = DIRECTION('',(0.,0.,1.));
#6463 = DEFINITIONAL_REPRESENTATION('',(#6464),#6468);
#6464 = LINE('',#6465,#6466);
#6465 = CARTESIAN_POINT('',(0.,0.));
#6466 = VECTOR('',#6467,1.);
#6467 = DIRECTION('',(1.,0.));
#6468 = ( GEOMETRIC_REPRESENTATION_CONTEXT(2) 
PARAMETRIC_REPRESENTATION_CONTEXT() REPRESENTATION_CONTEXT('2D SPACE',''
  ) );
#6469 = PCURVE('',#6470,#6475);
#6470 = PLANE('',#6471);
#6471 = AXIS2_PLACEMENT_3D('',#6472,#6473,#6474);
#6472 = CARTESIAN_POINT('',(-45.,-235.,162.));
#6473 = DIRECTION('',(0.,1.,0.));
#6474 = DIRECTION('',(0.,0.,1.));
#6475 = DEFINITIONAL_REPRESENTATION('',(#6476),#6480);
#6476 = LINE('',#6477,#6478);
#6477 = CARTESIAN_POINT('',(0.,0.));
#6478 = VECTOR('',#6479,1.);
#6479 = DIRECTION('',(1.,0.));
#6480 = ( GEOMETRIC_REPRESENTATION_CONTEXT(2) 
PARAMETRIC_REPRESENTATION_CONTEXT() REPRESENTATION_CONTEXT('2D SPACE',''
  ) );
#6481 = ORIENTED_EDGE('',*,*,#6482,.T.);
#6482 = EDGE_CURVE('',#6448,#6483,#6485,.T.);
#6483 = VERTEX_POINT('',#6484);
#6484 = CARTESIAN_POINT('',(-45.,-165.,162.));
#6485 = SURFACE_CURVE('',#6486,(#6490,#6497),.PCURVE_S1.);
#6486 = LINE('',#6487,#6488);
#6487 = CARTESIAN_POINT('',(-45.,-235.,162.));
#6488 = VECTOR('',#6489,1.);
#6489 = DIRECTION('',(0.,1.,0.));
#6490 = PCURVE('',#6458,#6491);
#6491 = DEFINITIONAL_REPRESENTATION('',(#6492),#6496);
#6492 = LINE('',#6493,#6494);
#6493 = CARTESIAN_POINT('',(0.,0.));
#6494 = VECTOR('',#6495,1.);
#6495 = DIRECTION('',(0.,-1.));
#6496 = ( GEOMETRIC_REPRESENTATION_CONTEXT(2) 
PARAMETRIC_REPRESENTATION_CONTEXT() REPRESENTATION_CONTEXT('2D SPACE',''
  ) );
#6497 = PCURVE('',#6498,#6503);
#6498 = PLANE('',#6499);
#6499 = AXIS2_PLACEMENT_3D('',#6500,#6501,#6502);
#6500 = CARTESIAN_POINT('',(-45.,-235.,162.));
#6501 = DIRECTION('',(0.,0.,1.));
#6502 = DIRECTION('',(1.,0.,0.));
#6503 = DEFINITIONAL_REPRESENTATION('',(#6504),#6508);
#6504 = LINE('',#6505,#6506);
#6505 = CARTESIAN_POINT('',(0.,0.));
#6506 = VECTOR('',#6507,1.);
#6507 = DIRECTION('',(0.,1.));
#6508 = ( GEOMETRIC_REPRESENTATION_CONTEXT(2) 
PARAMETRIC_REPRESENTATION_CONTEXT() REPRESENTATION_CONTEXT('2D SPACE',''
  ) );
#6509 = ORIENTED_EDGE('',*,*,#6510,.T.);
#6510 = EDGE_CURVE('',#6483,#6511,#6513,.T.);
#6511 = VERTEX_POINT('',#6512);
#6512 = CARTESIAN_POINT('',(-45.,-165.,262.));
#6513 = SURFACE_CURVE('',#6514,(#6518,#6525),.PCURVE_S1.);
#6514 = LINE('',#6515,#6516);
#6515 = CARTESIAN_POINT('',(-45.,-165.,162.));
#6516 = VECTOR('',#6517,1.);
#6517 = DIRECTION('',(0.,0.,1.));
#6518 = PCURVE('',#6458,#6519);
#6519 = DEFINITIONAL_REPRESENTATION('',(#6520),#6524);
#6520 = LINE('',#6521,#6522);
#6521 = CARTESIAN_POINT('',(0.,-70.));
#6522 = VECTOR('',#6523,1.);
#6523 = DIRECTION('',(1.,0.));
#6524 = ( GEOMETRIC_REPRESENTATION_CONTEXT(2) 
PARAMETRIC_REPRESENTATION_CONTEXT() REPRESENTATION_CONTEXT('2D SPACE',''
  ) );
#6525 = PCURVE('',#6526,#6531);
#6526 = PLANE('',#6527);
#6527 = AXIS2_PLACEMENT_3D('',#6528,#6529,#6530);
#6528 = CARTESIAN_POINT('',(-45.,-165.,162.));
#6529 = DIRECTION('',(0.,1.,0.));
#6530 = DIRECTION('',(0.,0.,1.));
#6531 = DEFINITIONAL_REPRESENTATION('',(#6532),#6536);
#6532 = LINE('',#6533,#6534);
#6533 = CARTESIAN_POINT('',(0.,0.));
#6534 = VECTOR('',#6535,1.);
#6535 = DIRECTION('',(1.,0.));
#6536 = ( GEOMETRIC_REPRESENTATION_CONTEXT(2) 
PARAMETRIC_REPRESENTATION_CONTEXT() REPRESENTATION_CONTEXT('2D SPACE',''
  ) );
#6537 = ORIENTED_EDGE('',*,*,#6538,.F.);
#6538 = EDGE_CURVE('',#6450,#6511,#6539,.T.);
#6539 = SURFACE_CURVE('',#6540,(#6544,#6551),.PCURVE_S1.);
#6540 = LINE('',#6541,#6542);
#6541 = CARTESIAN_POINT('',(-45.,-235.,262.));
#6542 = VECTOR('',#6543,1.);
#6543 = DIRECTION('',(0.,1.,0.));
#6544 = PCURVE('',#6458,#6545);
#6545 = DEFINITIONAL_REPRESENTATION('',(#6546),#6550);
#6546 = LINE('',#6547,#6548);
#6547 = CARTESIAN_POINT('',(100.,0.));
#6548 = VECTOR('',#6549,1.);
#6549 = DIRECTION('',(0.,-1.));
#6550 = ( GEOMETRIC_REPRESENTATION_CONTEXT(2) 
PARAMETRIC_REPRESENTATION_CONTEXT() REPRESENTATION_CONTEXT('2D SPACE',''
  ) );
#6551 = PCURVE('',#6552,#6557);
#6552 = PLANE('',#6553);
#6553 = AXIS2_PLACEMENT_3D('',#6554,#6555,#6556);
#6554 = CARTESIAN_POINT('',(-45.,-235.,262.));
#6555 = DIRECTION('',(0.,0.,1.));
#6556 = DIRECTION('',(1.,0.,0.));
#6557 = DEFINITIONAL_REPRESENTATION('',(#6558),#6562);
#6558 = LINE('',#6559,#6560);
#6559 = CARTESIAN_POINT('',(0.,0.));
#6560 = VECTOR('',#6561,1.);
#6561 = DIRECTION('',(0.,1.));
#6562 = ( GEOMETRIC_REPRESENTATION_CONTEXT(2) 
PARAMETRIC_REPRESENTATION_CONTEXT() REPRESENTATION_CONTEXT('2D SPACE',''
  ) );
#6563 = ADVANCED_FACE('',(#6564),#6470,.F.);
#6564 = FACE_BOUND('',#6565,.F.);
#6565 = EDGE_LOOP('',(#6566,#6589,#6590,#6613));
#6566 = ORIENTED_EDGE('',*,*,#6567,.F.);
#6567 = EDGE_CURVE('',#6448,#6568,#6570,.T.);
#6568 = VERTEX_POINT('',#6569);
#6569 = CARTESIAN_POINT('',(19.,-235.,162.));
#6570 = SURFACE_CURVE('',#6571,(#6575,#6582),.PCURVE_S1.);
#6571 = LINE('',#6572,#6573);
#6572 = CARTESIAN_POINT('',(-45.,-235.,162.));
#6573 = VECTOR('',#6574,1.);
#6574 = DIRECTION('',(1.,0.,0.));
#6575 = PCURVE('',#6470,#6576);
#6576 = DEFINITIONAL_REPRESENTATION('',(#6577),#6581);
#6577 = LINE('',#6578,#6579);
#6578 = CARTESIAN_POINT('',(0.,0.));
#6579 = VECTOR('',#6580,1.);
#6580 = DIRECTION('',(0.,1.));
#6581 = ( GEOMETRIC_REPRESENTATION_CONTEXT(2) 
PARAMETRIC_REPRESENTATION_CONTEXT() REPRESENTATION_CONTEXT('2D SPACE',''
  ) );
#6582 = PCURVE('',#6498,#6583);
#6583 = DEFINITIONAL_REPRESENTATION('',(#6584),#6588);
#6584 = LINE('',#6585,#6586);
#6585 = CARTESIAN_POINT('',(0.,0.));
#6586 = VECTOR('',#6587,1.);
#6587 = DIRECTION('',(1.,0.));
#6588 = ( GEOMETRIC_REPRESENTATION_CONTEXT(2) 
PARAMETRIC_REPRESENTATION_CONTEXT() REPRESENTATION_CONTEXT('2D SPACE',''
  ) );
#6589 = ORIENTED_EDGE('',*,*,#6447,.T.);
#6590 = ORIENTED_EDGE('',*,*,#6591,.T.);
#6591 = EDGE_CURVE('',#6450,#6592,#6594,.T.);
#6592 = VERTEX_POINT('',#6593);
#6593 = CARTESIAN_POINT('',(19.,-235.,262.));
#6594 = SURFACE_CURVE('',#6595,(#6599,#6606),.PCURVE_S1.);
#6595 = LINE('',#6596,#6597);
#6596 = CARTESIAN_POINT('',(-45.,-235.,262.));
#6597 = VECTOR('',#6598,1.);
#6598 = DIRECTION('',(1.,0.,0.));
#6599 = PCURVE('',#6470,#6600);
#6600 = DEFINITIONAL_REPRESENTATION('',(#6601),#6605);
#6601 = LINE('',#6602,#6603);
#6602 = CARTESIAN_POINT('',(100.,0.));
#6603 = VECTOR('',#6604,1.);
#6604 = DIRECTION('',(0.,1.));
#6605 = ( GEOMETRIC_REPRESENTATION_CONTEXT(2) 
PARAMETRIC_REPRESENTATION_CONTEXT() REPRESENTATION_CONTEXT('2D SPACE',''
  ) );
#6606 = PCURVE('',#6552,#6607);
#6607 = DEFINITIONAL_REPRESENTATION('',(#6608),#6612);
#6608 = LINE('',#6609,#6610);
#6609 = CARTESIAN_POINT('',(0.,0.));
#6610 = VECTOR('',#6611,1.);
#6611 = DIRECTION('',(1.,0.));
#6612 = ( GEOMETRIC_REPRESENTATION_CONTEXT(2) 
PARAMETRIC_REPRESENTATION_CONTEXT() REPRESENTATION_CONTEXT('2D SPACE',''
  ) );
#6613 = ORIENTED_EDGE('',*,*,#6614,.F.);
#6614 = EDGE_CURVE('',#6568,#6592,#6615,.T.);
#6615 = SURFACE_CURVE('',#6616,(#6620,#6627),.PCURVE_S1.);
#6616 = LINE('',#6617,#6618);
#6617 = CARTESIAN_POINT('',(19.,-235.,161.));
#6618 = VECTOR('',#6619,1.);
#6619 = DIRECTION('',(0.,0.,1.));
#6620 = PCURVE('',#6470,#6621);
#6621 = DEFINITIONAL_REPRESENTATION('',(#6622),#6626);
#6622 = LINE('',#6623,#6624);
#6623 = CARTESIAN_POINT('',(-1.,64.));
#6624 = VECTOR('',#6625,1.);
#6625 = DIRECTION('',(1.,0.));
#6626 = ( GEOMETRIC_REPRESENTATION_CONTEXT(2) 
PARAMETRIC_REPRESENTATION_CONTEXT() REPRESENTATION_CONTEXT('2D SPACE',''
  ) );
#6627 = PCURVE('',#6628,#6633);
#6628 = PLANE('',#6629);
#6629 = AXIS2_PLACEMENT_3D('',#6630,#6631,#6632);
#6630 = CARTESIAN_POINT('',(19.,-235.,161.));
#6631 = DIRECTION('',(1.,0.,0.));
#6632 = DIRECTION('',(0.,0.,1.));
#6633 = DEFINITIONAL_REPRESENTATION('',(#6634),#6638);
#6634 = LINE('',#6635,#6636);
#6635 = CARTESIAN_POINT('',(0.,0.));
#6636 = VECTOR('',#6637,1.);
#6637 = DIRECTION('',(1.,0.));
#6638 = ( GEOMETRIC_REPRESENTATION_CONTEXT(2) 
PARAMETRIC_REPRESENTATION_CONTEXT() REPRESENTATION_CONTEXT('2D SPACE',''
  ) );
#6639 = ADVANCED_FACE('',(#6640),#6552,.T.);
#6640 = FACE_BOUND('',#6641,.T.);
#6641 = EDGE_LOOP('',(#6642,#6665,#6666,#6667,#6690,#6718,#6746,#6779,
    #6802,#6835,#6858,#6886,#6914,#6947,#6970,#6998));
#6642 = ORIENTED_EDGE('',*,*,#6643,.F.);
#6643 = EDGE_CURVE('',#6511,#6644,#6646,.T.);
#6644 = VERTEX_POINT('',#6645);
#6645 = CARTESIAN_POINT('',(45.,-165.,262.));
#6646 = SURFACE_CURVE('',#6647,(#6651,#6658),.PCURVE_S1.);
#6647 = LINE('',#6648,#6649);
#6648 = CARTESIAN_POINT('',(-45.,-165.,262.));
#6649 = VECTOR('',#6650,1.);
#6650 = DIRECTION('',(1.,0.,0.));
#6651 = PCURVE('',#6552,#6652);
#6652 = DEFINITIONAL_REPRESENTATION('',(#6653),#6657);
#6653 = LINE('',#6654,#6655);
#6654 = CARTESIAN_POINT('',(0.,70.));
#6655 = VECTOR('',#6656,1.);
#6656 = DIRECTION('',(1.,0.));
#6657 = ( GEOMETRIC_REPRESENTATION_CONTEXT(2) 
PARAMETRIC_REPRESENTATION_CONTEXT() REPRESENTATION_CONTEXT('2D SPACE',''
  ) );
#6658 = PCURVE('',#6526,#6659);
#6659 = DEFINITIONAL_REPRESENTATION('',(#6660),#6664);
#6660 = LINE('',#6661,#6662);
#6661 = CARTESIAN_POINT('',(100.,0.));
#6662 = VECTOR('',#6663,1.);
#6663 = DIRECTION('',(0.,1.));
#6664 = ( GEOMETRIC_REPRESENTATION_CONTEXT(2) 
PARAMETRIC_REPRESENTATION_CONTEXT() REPRESENTATION_CONTEXT('2D SPACE',''
  ) );
#6665 = ORIENTED_EDGE('',*,*,#6538,.F.);
#6666 = ORIENTED_EDGE('',*,*,#6591,.T.);
#6667 = ORIENTED_EDGE('',*,*,#6668,.T.);
#6668 = EDGE_CURVE('',#6592,#6669,#6671,.T.);
#6669 = VERTEX_POINT('',#6670);
#6670 = CARTESIAN_POINT('',(19.,-230.,262.));
#6671 = SURFACE_CURVE('',#6672,(#6676,#6683),.PCURVE_S1.);
#6672 = LINE('',#6673,#6674);
#6673 = CARTESIAN_POINT('',(19.,-235.,262.));
#6674 = VECTOR('',#6675,1.);
#6675 = DIRECTION('',(0.,1.,0.));
#6676 = PCURVE('',#6552,#6677);
#6677 = DEFINITIONAL_REPRESENTATION('',(#6678),#6682);
#6678 = LINE('',#6679,#6680);
#6679 = CARTESIAN_POINT('',(64.,0.));
#6680 = VECTOR('',#6681,1.);
#6681 = DIRECTION('',(0.,1.));
#6682 = ( GEOMETRIC_REPRESENTATION_CONTEXT(2) 
PARAMETRIC_REPRESENTATION_CONTEXT() REPRESENTATION_CONTEXT('2D SPACE',''
  ) );
#6683 = PCURVE('',#6628,#6684);
#6684 = DEFINITIONAL_REPRESENTATION('',(#6685),#6689);
#6685 = LINE('',#6686,#6687);
#6686 = CARTESIAN_POINT('',(101.,0.));
#6687 = VECTOR('',#6688,1.);
#6688 = DIRECTION('',(0.,-1.));
#6689 = ( GEOMETRIC_REPRESENTATION_CONTEXT(2) 
PARAMETRIC_REPRESENTATION_CONTEXT() REPRESENTATION_CONTEXT('2D SPACE',''
  ) );
#6690 = ORIENTED_EDGE('',*,*,#6691,.T.);
#6691 = EDGE_CURVE('',#6669,#6692,#6694,.T.);
#6692 = VERTEX_POINT('',#6693);
#6693 = CARTESIAN_POINT('',(-40.,-230.,262.));
#6694 = SURFACE_CURVE('',#6695,(#6699,#6706),.PCURVE_S1.);
#6695 = LINE('',#6696,#6697);
#6696 = CARTESIAN_POINT('',(-42.5,-230.,262.));
#6697 = VECTOR('',#6698,1.);
#6698 = DIRECTION('',(-1.,0.,0.));
#6699 = PCURVE('',#6552,#6700);
#6700 = DEFINITIONAL_REPRESENTATION('',(#6701),#6705);
#6701 = LINE('',#6702,#6703);
#6702 = CARTESIAN_POINT('',(2.5,5.));
#6703 = VECTOR('',#6704,1.);
#6704 = DIRECTION('',(-1.,0.));
#6705 = ( GEOMETRIC_REPRESENTATION_CONTEXT(2) 
PARAMETRIC_REPRESENTATION_CONTEXT() REPRESENTATION_CONTEXT('2D SPACE',''
  ) );
#6706 = PCURVE('',#6707,#6712);
#6707 = PLANE('',#6708);
#6708 = AXIS2_PLACEMENT_3D('',#6709,#6710,#6711);
#6709 = CARTESIAN_POINT('',(-40.,-230.,161.));
#6710 = DIRECTION('',(0.,1.,0.));
#6711 = DIRECTION('',(0.,0.,1.));
#6712 = DEFINITIONAL_REPRESENTATION('',(#6713),#6717);
#6713 = LINE('',#6714,#6715);
#6714 = CARTESIAN_POINT('',(101.,-2.5));
#6715 = VECTOR('',#6716,1.);
#6716 = DIRECTION('',(0.,-1.));
#6717 = ( GEOMETRIC_REPRESENTATION_CONTEXT(2) 
PARAMETRIC_REPRESENTATION_CONTEXT() REPRESENTATION_CONTEXT('2D SPACE',''
  ) );
#6718 = ORIENTED_EDGE('',*,*,#6719,.T.);
#6719 = EDGE_CURVE('',#6692,#6720,#6722,.T.);
#6720 = VERTEX_POINT('',#6721);
#6721 = CARTESIAN_POINT('',(-40.,-224.9165151389,262.));
#6722 = SURFACE_CURVE('',#6723,(#6727,#6734),.PCURVE_S1.);
#6723 = LINE('',#6724,#6725);
#6724 = CARTESIAN_POINT('',(-40.,-232.5,262.));
#6725 = VECTOR('',#6726,1.);
#6726 = DIRECTION('',(0.,1.,0.));
#6727 = PCURVE('',#6552,#6728);
#6728 = DEFINITIONAL_REPRESENTATION('',(#6729),#6733);
#6729 = LINE('',#6730,#6731);
#6730 = CARTESIAN_POINT('',(5.,2.5));
#6731 = VECTOR('',#6732,1.);
#6732 = DIRECTION('',(0.,1.));
#6733 = ( GEOMETRIC_REPRESENTATION_CONTEXT(2) 
PARAMETRIC_REPRESENTATION_CONTEXT() REPRESENTATION_CONTEXT('2D SPACE',''
  ) );
#6734 = PCURVE('',#6735,#6740);
#6735 = PLANE('',#6736);
#6736 = AXIS2_PLACEMENT_3D('',#6737,#6738,#6739);
#6737 = CARTESIAN_POINT('',(-40.,-230.,161.));
#6738 = DIRECTION('',(1.,0.,0.));
#6739 = DIRECTION('',(0.,0.,1.));
#6740 = DEFINITIONAL_REPRESENTATION('',(#6741),#6745);
#6741 = LINE('',#6742,#6743);
#6742 = CARTESIAN_POINT('',(101.,2.5));
#6743 = VECTOR('',#6744,1.);
#6744 = DIRECTION('',(0.,-1.));
#6745 = ( GEOMETRIC_REPRESENTATION_CONTEXT(2) 
PARAMETRIC_REPRESENTATION_CONTEXT() REPRESENTATION_CONTEXT('2D SPACE',''
  ) );
#6746 = ORIENTED_EDGE('',*,*,#6747,.T.);
#6747 = EDGE_CURVE('',#6720,#6748,#6750,.T.);
#6748 = VERTEX_POINT('',#6749);
#6749 = CARTESIAN_POINT('',(-40.,-223.083484861,262.));
#6750 = SURFACE_CURVE('',#6751,(#6756,#6767),.PCURVE_S1.);
#6751 = CIRCLE('',#6752,2.2);
#6752 = AXIS2_PLACEMENT_3D('',#6753,#6754,#6755);
#6753 = CARTESIAN_POINT('',(-38.,-224.,262.));
#6754 = DIRECTION('',(0.,0.,-1.));
#6755 = DIRECTION('',(1.,0.,0.));
#6756 = PCURVE('',#6552,#6757);
#6757 = DEFINITIONAL_REPRESENTATION('',(#6758),#6766);
#6758 = ( BOUNDED_CURVE() B_SPLINE_CURVE(2,(#6759,#6760,#6761,#6762,
#6763,#6764,#6765),.UNSPECIFIED.,.T.,.F.) B_SPLINE_CURVE_WITH_KNOTS((1,2
    ,2,2,2,1),(-2.094395102393,0.,2.094395102393,4.188790204786,
6.28318530718,8.377580409573),.UNSPECIFIED.) CURVE() 
GEOMETRIC_REPRESENTATION_ITEM() RATIONAL_B_SPLINE_CURVE((1.,0.5,1.,0.5,
1.,0.5,1.)) REPRESENTATION_ITEM('') );
#6759 = CARTESIAN_POINT('',(9.2,11.));
#6760 = CARTESIAN_POINT('',(9.2,7.189488223348));
#6761 = CARTESIAN_POINT('',(5.9,9.094744111674));
#6762 = CARTESIAN_POINT('',(2.6,11.));
#6763 = CARTESIAN_POINT('',(5.9,12.905255888326));
#6764 = CARTESIAN_POINT('',(9.2,14.810511776652));
#6765 = CARTESIAN_POINT('',(9.2,11.));
#6766 = ( GEOMETRIC_REPRESENTATION_CONTEXT(2) 
PARAMETRIC_REPRESENTATION_CONTEXT() REPRESENTATION_CONTEXT('2D SPACE',''
  ) );
#6767 = PCURVE('',#6768,#6773);
#6768 = CYLINDRICAL_SURFACE('',#6769,2.2);
#6769 = AXIS2_PLACEMENT_3D('',#6770,#6771,#6772);
#6770 = CARTESIAN_POINT('',(-38.,-224.,212.));
#6771 = DIRECTION('',(-0.,-0.,-1.));
#6772 = DIRECTION('',(1.,0.,0.));
#6773 = DEFINITIONAL_REPRESENTATION('',(#6774),#6778);
#6774 = LINE('',#6775,#6776);
#6775 = CARTESIAN_POINT('',(-6.28318530718,-50.));
#6776 = VECTOR('',#6777,1.);
#6777 = DIRECTION('',(1.,-0.));
#6778 = ( GEOMETRIC_REPRESENTATION_CONTEXT(2) 
PARAMETRIC_REPRESENTATION_CONTEXT() REPRESENTATION_CONTEXT('2D SPACE',''
  ) );
#6779 = ORIENTED_EDGE('',*,*,#6780,.T.);
#6780 = EDGE_CURVE('',#6748,#6781,#6783,.T.);
#6781 = VERTEX_POINT('',#6782);
#6782 = CARTESIAN_POINT('',(-40.,-176.9165151389,262.));
#6783 = SURFACE_CURVE('',#6784,(#6788,#6795),.PCURVE_S1.);
#6784 = LINE('',#6785,#6786);
#6785 = CARTESIAN_POINT('',(-40.,-232.5,262.));
#6786 = VECTOR('',#6787,1.);
#6787 = DIRECTION('',(0.,1.,0.));
#6788 = PCURVE('',#6552,#6789);
#6789 = DEFINITIONAL_REPRESENTATION('',(#6790),#6794);
#6790 = LINE('',#6791,#6792);
#6791 = CARTESIAN_POINT('',(5.,2.5));
#6792 = VECTOR('',#6793,1.);
#6793 = DIRECTION('',(0.,1.));
#6794 = ( GEOMETRIC_REPRESENTATION_CONTEXT(2) 
PARAMETRIC_REPRESENTATION_CONTEXT() REPRESENTATION_CONTEXT('2D SPACE',''
  ) );
#6795 = PCURVE('',#6735,#6796);
#6796 = DEFINITIONAL_REPRESENTATION('',(#6797),#6801);
#6797 = LINE('',#6798,#6799);
#6798 = CARTESIAN_POINT('',(101.,2.5));
#6799 = VECTOR('',#6800,1.);
#6800 = DIRECTION('',(0.,-1.));
#6801 = ( GEOMETRIC_REPRESENTATION_CONTEXT(2) 
PARAMETRIC_REPRESENTATION_CONTEXT() REPRESENTATION_CONTEXT('2D SPACE',''
  ) );
#6802 = ORIENTED_EDGE('',*,*,#6803,.T.);
#6803 = EDGE_CURVE('',#6781,#6804,#6806,.T.);
#6804 = VERTEX_POINT('',#6805);
#6805 = CARTESIAN_POINT('',(-40.,-175.083484861,262.));
#6806 = SURFACE_CURVE('',#6807,(#6812,#6823),.PCURVE_S1.);
#6807 = CIRCLE('',#6808,2.2);
#6808 = AXIS2_PLACEMENT_3D('',#6809,#6810,#6811);
#6809 = CARTESIAN_POINT('',(-38.,-176.,262.));
#6810 = DIRECTION('',(0.,0.,-1.));
#6811 = DIRECTION('',(1.,0.,0.));
#6812 = PCURVE('',#6552,#6813);
#6813 = DEFINITIONAL_REPRESENTATION('',(#6814),#6822);
#6814 = ( BOUNDED_CURVE() B_SPLINE_CURVE(2,(#6815,#6816,#6817,#6818,
#6819,#6820,#6821),.UNSPECIFIED.,.T.,.F.) B_SPLINE_CURVE_WITH_KNOTS((1,2
    ,2,2,2,1),(-2.094395102393,0.,2.094395102393,4.188790204786,
6.28318530718,8.377580409573),.UNSPECIFIED.) CURVE() 
GEOMETRIC_REPRESENTATION_ITEM() RATIONAL_B_SPLINE_CURVE((1.,0.5,1.,0.5,
1.,0.5,1.)) REPRESENTATION_ITEM('') );
#6815 = CARTESIAN_POINT('',(9.2,59.));
#6816 = CARTESIAN_POINT('',(9.2,55.189488223348));
#6817 = CARTESIAN_POINT('',(5.9,57.094744111674));
#6818 = CARTESIAN_POINT('',(2.6,59.));
#6819 = CARTESIAN_POINT('',(5.9,60.905255888326));
#6820 = CARTESIAN_POINT('',(9.2,62.810511776652));
#6821 = CARTESIAN_POINT('',(9.2,59.));
#6822 = ( GEOMETRIC_REPRESENTATION_CONTEXT(2) 
PARAMETRIC_REPRESENTATION_CONTEXT() REPRESENTATION_CONTEXT('2D SPACE',''
  ) );
#6823 = PCURVE('',#6824,#6829);
#6824 = CYLINDRICAL_SURFACE('',#6825,2.2);
#6825 = AXIS2_PLACEMENT_3D('',#6826,#6827,#6828);
#6826 = CARTESIAN_POINT('',(-38.,-176.,212.));
#6827 = DIRECTION('',(-0.,-0.,-1.));
#6828 = DIRECTION('',(1.,0.,0.));
#6829 = DEFINITIONAL_REPRESENTATION('',(#6830),#6834);
#6830 = LINE('',#6831,#6832);
#6831 = CARTESIAN_POINT('',(-6.28318530718,-50.));
#6832 = VECTOR('',#6833,1.);
#6833 = DIRECTION('',(1.,-0.));
#6834 = ( GEOMETRIC_REPRESENTATION_CONTEXT(2) 
PARAMETRIC_REPRESENTATION_CONTEXT() REPRESENTATION_CONTEXT('2D SPACE',''
  ) );
#6835 = ORIENTED_EDGE('',*,*,#6836,.T.);
#6836 = EDGE_CURVE('',#6804,#6837,#6839,.T.);
#6837 = VERTEX_POINT('',#6838);
#6838 = CARTESIAN_POINT('',(-40.,-170.,262.));
#6839 = SURFACE_CURVE('',#6840,(#6844,#6851),.PCURVE_S1.);
#6840 = LINE('',#6841,#6842);
#6841 = CARTESIAN_POINT('',(-40.,-232.5,262.));
#6842 = VECTOR('',#6843,1.);
#6843 = DIRECTION('',(0.,1.,0.));
#6844 = PCURVE('',#6552,#6845);
#6845 = DEFINITIONAL_REPRESENTATION('',(#6846),#6850);
#6846 = LINE('',#6847,#6848);
#6847 = CARTESIAN_POINT('',(5.,2.5));
#6848 = VECTOR('',#6849,1.);
#6849 = DIRECTION('',(0.,1.));
#6850 = ( GEOMETRIC_REPRESENTATION_CONTEXT(2) 
PARAMETRIC_REPRESENTATION_CONTEXT() REPRESENTATION_CONTEXT('2D SPACE',''
  ) );
#6851 = PCURVE('',#6735,#6852);
#6852 = DEFINITIONAL_REPRESENTATION('',(#6853),#6857);
#6853 = LINE('',#6854,#6855);
#6854 = CARTESIAN_POINT('',(101.,2.5));
#6855 = VECTOR('',#6856,1.);
#6856 = DIRECTION('',(0.,-1.));
#6857 = ( GEOMETRIC_REPRESENTATION_CONTEXT(2) 
PARAMETRIC_REPRESENTATION_CONTEXT() REPRESENTATION_CONTEXT('2D SPACE',''
  ) );
#6858 = ORIENTED_EDGE('',*,*,#6859,.F.);
#6859 = EDGE_CURVE('',#6860,#6837,#6862,.T.);
#6860 = VERTEX_POINT('',#6861);
#6861 = CARTESIAN_POINT('',(40.,-170.,262.));
#6862 = SURFACE_CURVE('',#6863,(#6867,#6874),.PCURVE_S1.);
#6863 = LINE('',#6864,#6865);
#6864 = CARTESIAN_POINT('',(-42.5,-170.,262.));
#6865 = VECTOR('',#6866,1.);
#6866 = DIRECTION('',(-1.,0.,0.));
#6867 = PCURVE('',#6552,#6868);
#6868 = DEFINITIONAL_REPRESENTATION('',(#6869),#6873);
#6869 = LINE('',#6870,#6871);
#6870 = CARTESIAN_POINT('',(2.5,65.));
#6871 = VECTOR('',#6872,1.);
#6872 = DIRECTION('',(-1.,0.));
#6873 = ( GEOMETRIC_REPRESENTATION_CONTEXT(2) 
PARAMETRIC_REPRESENTATION_CONTEXT() REPRESENTATION_CONTEXT('2D SPACE',''
  ) );
#6874 = PCURVE('',#6875,#6880);
#6875 = PLANE('',#6876);
#6876 = AXIS2_PLACEMENT_3D('',#6877,#6878,#6879);
#6877 = CARTESIAN_POINT('',(-40.,-170.,161.));
#6878 = DIRECTION('',(0.,1.,0.));
#6879 = DIRECTION('',(0.,0.,1.));
#6880 = DEFINITIONAL_REPRESENTATION('',(#6881),#6885);
#6881 = LINE('',#6882,#6883);
#6882 = CARTESIAN_POINT('',(101.,-2.5));
#6883 = VECTOR('',#6884,1.);
#6884 = DIRECTION('',(0.,-1.));
#6885 = ( GEOMETRIC_REPRESENTATION_CONTEXT(2) 
PARAMETRIC_REPRESENTATION_CONTEXT() REPRESENTATION_CONTEXT('2D SPACE',''
  ) );
#6886 = ORIENTED_EDGE('',*,*,#6887,.F.);
#6887 = EDGE_CURVE('',#6888,#6860,#6890,.T.);
#6888 = VERTEX_POINT('',#6889);
#6889 = CARTESIAN_POINT('',(40.,-175.083484861,262.));
#6890 = SURFACE_CURVE('',#6891,(#6895,#6902),.PCURVE_S1.);
#6891 = LINE('',#6892,#6893);
#6892 = CARTESIAN_POINT('',(40.,-232.5,262.));
#6893 = VECTOR('',#6894,1.);
#6894 = DIRECTION('',(0.,1.,0.));
#6895 = PCURVE('',#6552,#6896);
#6896 = DEFINITIONAL_REPRESENTATION('',(#6897),#6901);
#6897 = LINE('',#6898,#6899);
#6898 = CARTESIAN_POINT('',(85.,2.5));
#6899 = VECTOR('',#6900,1.);
#6900 = DIRECTION('',(0.,1.));
#6901 = ( GEOMETRIC_REPRESENTATION_CONTEXT(2) 
PARAMETRIC_REPRESENTATION_CONTEXT() REPRESENTATION_CONTEXT('2D SPACE',''
  ) );
#6902 = PCURVE('',#6903,#6908);
#6903 = PLANE('',#6904);
#6904 = AXIS2_PLACEMENT_3D('',#6905,#6906,#6907);
#6905 = CARTESIAN_POINT('',(40.,-230.,161.));
#6906 = DIRECTION('',(1.,0.,0.));
#6907 = DIRECTION('',(0.,0.,1.));
#6908 = DEFINITIONAL_REPRESENTATION('',(#6909),#6913);
#6909 = LINE('',#6910,#6911);
#6910 = CARTESIAN_POINT('',(101.,2.5));
#6911 = VECTOR('',#6912,1.);
#6912 = DIRECTION('',(0.,-1.));
#6913 = ( GEOMETRIC_REPRESENTATION_CONTEXT(2) 
PARAMETRIC_REPRESENTATION_CONTEXT() REPRESENTATION_CONTEXT('2D SPACE',''
  ) );
#6914 = ORIENTED_EDGE('',*,*,#6915,.T.);
#6915 = EDGE_CURVE('',#6888,#6916,#6918,.T.);
#6916 = VERTEX_POINT('',#6917);
#6917 = CARTESIAN_POINT('',(40.,-176.9165151389,262.));
#6918 = SURFACE_CURVE('',#6919,(#6924,#6935),.PCURVE_S1.);
#6919 = CIRCLE('',#6920,2.2);
#6920 = AXIS2_PLACEMENT_3D('',#6921,#6922,#6923);
#6921 = CARTESIAN_POINT('',(38.,-176.,262.));
#6922 = DIRECTION('',(0.,0.,-1.));
#6923 = DIRECTION('',(0.909090909091,0.41659779045,0.));
#6924 = PCURVE('',#6552,#6925);
#6925 = DEFINITIONAL_REPRESENTATION('',(#6926),#6934);
#6926 = ( BOUNDED_CURVE() B_SPLINE_CURVE(2,(#6927,#6928,#6929,#6930,
#6931,#6932,#6933),.UNSPECIFIED.,.T.,.F.) B_SPLINE_CURVE_WITH_KNOTS((1,2
    ,2,2,2,1),(-2.094395102393,0.,2.094395102393,4.188790204786,
6.28318530718,8.377580409573),.UNSPECIFIED.) CURVE() 
GEOMETRIC_REPRESENTATION_ITEM() RATIONAL_B_SPLINE_CURVE((1.,0.5,1.,0.5,
1.,0.5,1.)) REPRESENTATION_ITEM('') );
#6927 = CARTESIAN_POINT('',(85.000000000001,59.91651513899));
#6928 = CARTESIAN_POINT('',(86.587450786637,56.452413523851));
#6929 = CARTESIAN_POINT('',(82.793725393318,56.809691622936));
#6930 = CARTESIAN_POINT('',(78.999999999999,57.166969722021));
#6931 = CARTESIAN_POINT('',(81.206274606682,60.273793238075));
#6932 = CARTESIAN_POINT('',(83.412549213365,63.380616754129));
#6933 = CARTESIAN_POINT('',(85.000000000001,59.91651513899));
#6934 = ( GEOMETRIC_REPRESENTATION_CONTEXT(2) 
PARAMETRIC_REPRESENTATION_CONTEXT() REPRESENTATION_CONTEXT('2D SPACE',''
  ) );
#6935 = PCURVE('',#6936,#6941);
#6936 = CYLINDRICAL_SURFACE('',#6937,2.2);
#6937 = AXIS2_PLACEMENT_3D('',#6938,#6939,#6940);
#6938 = CARTESIAN_POINT('',(38.,-176.,212.));
#6939 = DIRECTION('',(-0.,-0.,-1.));
#6940 = DIRECTION('',(1.,0.,0.));
#6941 = DEFINITIONAL_REPRESENTATION('',(#6942),#6946);
#6942 = LINE('',#6943,#6944);
#6943 = CARTESIAN_POINT('',(-6.71288497333,-50.));
#6944 = VECTOR('',#6945,1.);
#6945 = DIRECTION('',(1.,-0.));
#6946 = ( GEOMETRIC_REPRESENTATION_CONTEXT(2) 
PARAMETRIC_REPRESENTATION_CONTEXT() REPRESENTATION_CONTEXT('2D SPACE',''
  ) );
#6947 = ORIENTED_EDGE('',*,*,#6948,.F.);
#6948 = EDGE_CURVE('',#6949,#6916,#6951,.T.);
#6949 = VERTEX_POINT('',#6950);
#6950 = CARTESIAN_POINT('',(40.,-215.,262.));
#6951 = SURFACE_CURVE('',#6952,(#6956,#6963),.PCURVE_S1.);
#6952 = LINE('',#6953,#6954);
#6953 = CARTESIAN_POINT('',(40.,-232.5,262.));
#6954 = VECTOR('',#6955,1.);
#6955 = DIRECTION('',(0.,1.,0.));
#6956 = PCURVE('',#6552,#6957);
#6957 = DEFINITIONAL_REPRESENTATION('',(#6958),#6962);
#6958 = LINE('',#6959,#6960);
#6959 = CARTESIAN_POINT('',(85.,2.5));
#6960 = VECTOR('',#6961,1.);
#6961 = DIRECTION('',(0.,1.));
#6962 = ( GEOMETRIC_REPRESENTATION_CONTEXT(2) 
PARAMETRIC_REPRESENTATION_CONTEXT() REPRESENTATION_CONTEXT('2D SPACE',''
  ) );
#6963 = PCURVE('',#6903,#6964);
#6964 = DEFINITIONAL_REPRESENTATION('',(#6965),#6969);
#6965 = LINE('',#6966,#6967);
#6966 = CARTESIAN_POINT('',(101.,2.5));
#6967 = VECTOR('',#6968,1.);
#6968 = DIRECTION('',(0.,-1.));
#6969 = ( GEOMETRIC_REPRESENTATION_CONTEXT(2) 
PARAMETRIC_REPRESENTATION_CONTEXT() REPRESENTATION_CONTEXT('2D SPACE',''
  ) );
#6970 = ORIENTED_EDGE('',*,*,#6971,.F.);
#6971 = EDGE_CURVE('',#6972,#6949,#6974,.T.);
#6972 = VERTEX_POINT('',#6973);
#6973 = CARTESIAN_POINT('',(45.,-215.,262.));
#6974 = SURFACE_CURVE('',#6975,(#6979,#6986),.PCURVE_S1.);
#6975 = LINE('',#6976,#6977);
#6976 = CARTESIAN_POINT('',(-13.,-215.,262.));
#6977 = VECTOR('',#6978,1.);
#6978 = DIRECTION('',(-1.,0.,0.));
#6979 = PCURVE('',#6552,#6980);
#6980 = DEFINITIONAL_REPRESENTATION('',(#6981),#6985);
#6981 = LINE('',#6982,#6983);
#6982 = CARTESIAN_POINT('',(32.,20.));
#6983 = VECTOR('',#6984,1.);
#6984 = DIRECTION('',(-1.,0.));
#6985 = ( GEOMETRIC_REPRESENTATION_CONTEXT(2) 
PARAMETRIC_REPRESENTATION_CONTEXT() REPRESENTATION_CONTEXT('2D SPACE',''
  ) );
#6986 = PCURVE('',#6987,#6992);
#6987 = PLANE('',#6988);
#6988 = AXIS2_PLACEMENT_3D('',#6989,#6990,#6991);
#6989 = CARTESIAN_POINT('',(19.,-215.,161.));
#6990 = DIRECTION('',(0.,1.,0.));
#6991 = DIRECTION('',(0.,0.,1.));
#6992 = DEFINITIONAL_REPRESENTATION('',(#6993),#6997);
#6993 = LINE('',#6994,#6995);
#6994 = CARTESIAN_POINT('',(101.,-32.));
#6995 = VECTOR('',#6996,1.);
#6996 = DIRECTION('',(0.,-1.));
#6997 = ( GEOMETRIC_REPRESENTATION_CONTEXT(2) 
PARAMETRIC_REPRESENTATION_CONTEXT() REPRESENTATION_CONTEXT('2D SPACE',''
  ) );
#6998 = ORIENTED_EDGE('',*,*,#6999,.T.);
#6999 = EDGE_CURVE('',#6972,#6644,#7000,.T.);
#7000 = SURFACE_CURVE('',#7001,(#7005,#7012),.PCURVE_S1.);
#7001 = LINE('',#7002,#7003);
#7002 = CARTESIAN_POINT('',(45.,-235.,262.));
#7003 = VECTOR('',#7004,1.);
#7004 = DIRECTION('',(0.,1.,0.));
#7005 = PCURVE('',#6552,#7006);
#7006 = DEFINITIONAL_REPRESENTATION('',(#7007),#7011);
#7007 = LINE('',#7008,#7009);
#7008 = CARTESIAN_POINT('',(90.,0.));
#7009 = VECTOR('',#7010,1.);
#7010 = DIRECTION('',(0.,1.));
#7011 = ( GEOMETRIC_REPRESENTATION_CONTEXT(2) 
PARAMETRIC_REPRESENTATION_CONTEXT() REPRESENTATION_CONTEXT('2D SPACE',''
  ) );
#7012 = PCURVE('',#7013,#7018);
#7013 = PLANE('',#7014);
#7014 = AXIS2_PLACEMENT_3D('',#7015,#7016,#7017);
#7015 = CARTESIAN_POINT('',(45.,-235.,162.));
#7016 = DIRECTION('',(1.,0.,0.));
#7017 = DIRECTION('',(0.,0.,1.));
#7018 = DEFINITIONAL_REPRESENTATION('',(#7019),#7023);
#7019 = LINE('',#7020,#7021);
#7020 = CARTESIAN_POINT('',(100.,0.));
#7021 = VECTOR('',#7022,1.);
#7022 = DIRECTION('',(0.,-1.));
#7023 = ( GEOMETRIC_REPRESENTATION_CONTEXT(2) 
PARAMETRIC_REPRESENTATION_CONTEXT() REPRESENTATION_CONTEXT('2D SPACE',''
  ) );
#7024 = ADVANCED_FACE('',(#7025),#6526,.T.);
#7025 = FACE_BOUND('',#7026,.T.);
#7026 = EDGE_LOOP('',(#7027,#7050,#7051,#7052));
#7027 = ORIENTED_EDGE('',*,*,#7028,.F.);
#7028 = EDGE_CURVE('',#6483,#7029,#7031,.T.);
#7029 = VERTEX_POINT('',#7030);
#7030 = CARTESIAN_POINT('',(45.,-165.,162.));
#7031 = SURFACE_CURVE('',#7032,(#7036,#7043),.PCURVE_S1.);
#7032 = LINE('',#7033,#7034);
#7033 = CARTESIAN_POINT('',(-45.,-165.,162.));
#7034 = VECTOR('',#7035,1.);
#7035 = DIRECTION('',(1.,0.,0.));
#7036 = PCURVE('',#6526,#7037);
#7037 = DEFINITIONAL_REPRESENTATION('',(#7038),#7042);
#7038 = LINE('',#7039,#7040);
#7039 = CARTESIAN_POINT('',(0.,0.));
#7040 = VECTOR('',#7041,1.);
#7041 = DIRECTION('',(0.,1.));
#7042 = ( GEOMETRIC_REPRESENTATION_CONTEXT(2) 
PARAMETRIC_REPRESENTATION_CONTEXT() REPRESENTATION_CONTEXT('2D SPACE',''
  ) );
#7043 = PCURVE('',#6498,#7044);
#7044 = DEFINITIONAL_REPRESENTATION('',(#7045),#7049);
#7045 = LINE('',#7046,#7047);
#7046 = CARTESIAN_POINT('',(0.,70.));
#7047 = VECTOR('',#7048,1.);
#7048 = DIRECTION('',(1.,0.));
#7049 = ( GEOMETRIC_REPRESENTATION_CONTEXT(2) 
PARAMETRIC_REPRESENTATION_CONTEXT() REPRESENTATION_CONTEXT('2D SPACE',''
  ) );
#7050 = ORIENTED_EDGE('',*,*,#6510,.T.);
#7051 = ORIENTED_EDGE('',*,*,#6643,.T.);
#7052 = ORIENTED_EDGE('',*,*,#7053,.F.);
#7053 = EDGE_CURVE('',#7029,#6644,#7054,.T.);
#7054 = SURFACE_CURVE('',#7055,(#7059,#7066),.PCURVE_S1.);
#7055 = LINE('',#7056,#7057);
#7056 = CARTESIAN_POINT('',(45.,-165.,162.));
#7057 = VECTOR('',#7058,1.);
#7058 = DIRECTION('',(0.,0.,1.));
#7059 = PCURVE('',#6526,#7060);
#7060 = DEFINITIONAL_REPRESENTATION('',(#7061),#7065);
#7061 = LINE('',#7062,#7063);
#7062 = CARTESIAN_POINT('',(0.,90.));
#7063 = VECTOR('',#7064,1.);
#7064 = DIRECTION('',(1.,0.));
#7065 = ( GEOMETRIC_REPRESENTATION_CONTEXT(2) 
PARAMETRIC_REPRESENTATION_CONTEXT() REPRESENTATION_CONTEXT('2D SPACE',''
  ) );
#7066 = PCURVE('',#7013,#7067);
#7067 = DEFINITIONAL_REPRESENTATION('',(#7068),#7072);
#7068 = LINE('',#7069,#7070);
#7069 = CARTESIAN_POINT('',(0.,-70.));
#7070 = VECTOR('',#7071,1.);
#7071 = DIRECTION('',(1.,0.));
#7072 = ( GEOMETRIC_REPRESENTATION_CONTEXT(2) 
PARAMETRIC_REPRESENTATION_CONTEXT() REPRESENTATION_CONTEXT('2D SPACE',''
  ) );
#7073 = ADVANCED_FACE('',(#7074),#6498,.F.);
#7074 = FACE_BOUND('',#7075,.F.);
#7075 = EDGE_LOOP('',(#7076,#7077,#7078,#7079,#7102,#7125,#7148,#7171,
    #7194,#7217));
#7076 = ORIENTED_EDGE('',*,*,#7028,.F.);
#7077 = ORIENTED_EDGE('',*,*,#6482,.F.);
#7078 = ORIENTED_EDGE('',*,*,#6567,.T.);
#7079 = ORIENTED_EDGE('',*,*,#7080,.T.);
#7080 = EDGE_CURVE('',#6568,#7081,#7083,.T.);
#7081 = VERTEX_POINT('',#7082);
#7082 = CARTESIAN_POINT('',(19.,-230.,162.));
#7083 = SURFACE_CURVE('',#7084,(#7088,#7095),.PCURVE_S1.);
#7084 = LINE('',#7085,#7086);
#7085 = CARTESIAN_POINT('',(19.,-235.,162.));
#7086 = VECTOR('',#7087,1.);
#7087 = DIRECTION('',(0.,1.,0.));
#7088 = PCURVE('',#6498,#7089);
#7089 = DEFINITIONAL_REPRESENTATION('',(#7090),#7094);
#7090 = LINE('',#7091,#7092);
#7091 = CARTESIAN_POINT('',(64.,0.));
#7092 = VECTOR('',#7093,1.);
#7093 = DIRECTION('',(0.,1.));
#7094 = ( GEOMETRIC_REPRESENTATION_CONTEXT(2) 
PARAMETRIC_REPRESENTATION_CONTEXT() REPRESENTATION_CONTEXT('2D SPACE',''
  ) );
#7095 = PCURVE('',#6628,#7096);
#7096 = DEFINITIONAL_REPRESENTATION('',(#7097),#7101);
#7097 = LINE('',#7098,#7099);
#7098 = CARTESIAN_POINT('',(1.,0.));
#7099 = VECTOR('',#7100,1.);
#7100 = DIRECTION('',(0.,-1.));
#7101 = ( GEOMETRIC_REPRESENTATION_CONTEXT(2) 
PARAMETRIC_REPRESENTATION_CONTEXT() REPRESENTATION_CONTEXT('2D SPACE',''
  ) );
#7102 = ORIENTED_EDGE('',*,*,#7103,.T.);
#7103 = EDGE_CURVE('',#7081,#7104,#7106,.T.);
#7104 = VERTEX_POINT('',#7105);
#7105 = CARTESIAN_POINT('',(-40.,-230.,162.));
#7106 = SURFACE_CURVE('',#7107,(#7111,#7118),.PCURVE_S1.);
#7107 = LINE('',#7108,#7109);
#7108 = CARTESIAN_POINT('',(-42.5,-230.,162.));
#7109 = VECTOR('',#7110,1.);
#7110 = DIRECTION('',(-1.,0.,0.));
#7111 = PCURVE('',#6498,#7112);
#7112 = DEFINITIONAL_REPRESENTATION('',(#7113),#7117);
#7113 = LINE('',#7114,#7115);
#7114 = CARTESIAN_POINT('',(2.5,5.));
#7115 = VECTOR('',#7116,1.);
#7116 = DIRECTION('',(-1.,0.));
#7117 = ( GEOMETRIC_REPRESENTATION_CONTEXT(2) 
PARAMETRIC_REPRESENTATION_CONTEXT() REPRESENTATION_CONTEXT('2D SPACE',''
  ) );
#7118 = PCURVE('',#6707,#7119);
#7119 = DEFINITIONAL_REPRESENTATION('',(#7120),#7124);
#7120 = LINE('',#7121,#7122);
#7121 = CARTESIAN_POINT('',(1.,-2.5));
#7122 = VECTOR('',#7123,1.);
#7123 = DIRECTION('',(0.,-1.));
#7124 = ( GEOMETRIC_REPRESENTATION_CONTEXT(2) 
PARAMETRIC_REPRESENTATION_CONTEXT() REPRESENTATION_CONTEXT('2D SPACE',''
  ) );
#7125 = ORIENTED_EDGE('',*,*,#7126,.T.);
#7126 = EDGE_CURVE('',#7104,#7127,#7129,.T.);
#7127 = VERTEX_POINT('',#7128);
#7128 = CARTESIAN_POINT('',(-40.,-170.,162.));
#7129 = SURFACE_CURVE('',#7130,(#7134,#7141),.PCURVE_S1.);
#7130 = LINE('',#7131,#7132);
#7131 = CARTESIAN_POINT('',(-40.,-232.5,162.));
#7132 = VECTOR('',#7133,1.);
#7133 = DIRECTION('',(0.,1.,0.));
#7134 = PCURVE('',#6498,#7135);
#7135 = DEFINITIONAL_REPRESENTATION('',(#7136),#7140);
#7136 = LINE('',#7137,#7138);
#7137 = CARTESIAN_POINT('',(5.,2.5));
#7138 = VECTOR('',#7139,1.);
#7139 = DIRECTION('',(0.,1.));
#7140 = ( GEOMETRIC_REPRESENTATION_CONTEXT(2) 
PARAMETRIC_REPRESENTATION_CONTEXT() REPRESENTATION_CONTEXT('2D SPACE',''
  ) );
#7141 = PCURVE('',#6735,#7142);
#7142 = DEFINITIONAL_REPRESENTATION('',(#7143),#7147);
#7143 = LINE('',#7144,#7145);
#7144 = CARTESIAN_POINT('',(1.,2.5));
#7145 = VECTOR('',#7146,1.);
#7146 = DIRECTION('',(0.,-1.));
#7147 = ( GEOMETRIC_REPRESENTATION_CONTEXT(2) 
PARAMETRIC_REPRESENTATION_CONTEXT() REPRESENTATION_CONTEXT('2D SPACE',''
  ) );
#7148 = ORIENTED_EDGE('',*,*,#7149,.F.);
#7149 = EDGE_CURVE('',#7150,#7127,#7152,.T.);
#7150 = VERTEX_POINT('',#7151);
#7151 = CARTESIAN_POINT('',(40.,-170.,162.));
#7152 = SURFACE_CURVE('',#7153,(#7157,#7164),.PCURVE_S1.);
#7153 = LINE('',#7154,#7155);
#7154 = CARTESIAN_POINT('',(-42.5,-170.,162.));
#7155 = VECTOR('',#7156,1.);
#7156 = DIRECTION('',(-1.,0.,0.));
#7157 = PCURVE('',#6498,#7158);
#7158 = DEFINITIONAL_REPRESENTATION('',(#7159),#7163);
#7159 = LINE('',#7160,#7161);
#7160 = CARTESIAN_POINT('',(2.5,65.));
#7161 = VECTOR('',#7162,1.);
#7162 = DIRECTION('',(-1.,0.));
#7163 = ( GEOMETRIC_REPRESENTATION_CONTEXT(2) 
PARAMETRIC_REPRESENTATION_CONTEXT() REPRESENTATION_CONTEXT('2D SPACE',''
  ) );
#7164 = PCURVE('',#6875,#7165);
#7165 = DEFINITIONAL_REPRESENTATION('',(#7166),#7170);
#7166 = LINE('',#7167,#7168);
#7167 = CARTESIAN_POINT('',(1.,-2.5));
#7168 = VECTOR('',#7169,1.);
#7169 = DIRECTION('',(0.,-1.));
#7170 = ( GEOMETRIC_REPRESENTATION_CONTEXT(2) 
PARAMETRIC_REPRESENTATION_CONTEXT() REPRESENTATION_CONTEXT('2D SPACE',''
  ) );
#7171 = ORIENTED_EDGE('',*,*,#7172,.F.);
#7172 = EDGE_CURVE('',#7173,#7150,#7175,.T.);
#7173 = VERTEX_POINT('',#7174);
#7174 = CARTESIAN_POINT('',(40.,-215.,162.));
#7175 = SURFACE_CURVE('',#7176,(#7180,#7187),.PCURVE_S1.);
#7176 = LINE('',#7177,#7178);
#7177 = CARTESIAN_POINT('',(40.,-232.5,162.));
#7178 = VECTOR('',#7179,1.);
#7179 = DIRECTION('',(0.,1.,0.));
#7180 = PCURVE('',#6498,#7181);
#7181 = DEFINITIONAL_REPRESENTATION('',(#7182),#7186);
#7182 = LINE('',#7183,#7184);
#7183 = CARTESIAN_POINT('',(85.,2.5));
#7184 = VECTOR('',#7185,1.);
#7185 = DIRECTION('',(0.,1.));
#7186 = ( GEOMETRIC_REPRESENTATION_CONTEXT(2) 
PARAMETRIC_REPRESENTATION_CONTEXT() REPRESENTATION_CONTEXT('2D SPACE',''
  ) );
#7187 = PCURVE('',#6903,#7188);
#7188 = DEFINITIONAL_REPRESENTATION('',(#7189),#7193);
#7189 = LINE('',#7190,#7191);
#7190 = CARTESIAN_POINT('',(1.,2.5));
#7191 = VECTOR('',#7192,1.);
#7192 = DIRECTION('',(0.,-1.));
#7193 = ( GEOMETRIC_REPRESENTATION_CONTEXT(2) 
PARAMETRIC_REPRESENTATION_CONTEXT() REPRESENTATION_CONTEXT('2D SPACE',''
  ) );
#7194 = ORIENTED_EDGE('',*,*,#7195,.F.);
#7195 = EDGE_CURVE('',#7196,#7173,#7198,.T.);
#7196 = VERTEX_POINT('',#7197);
#7197 = CARTESIAN_POINT('',(45.,-215.,162.));
#7198 = SURFACE_CURVE('',#7199,(#7203,#7210),.PCURVE_S1.);
#7199 = LINE('',#7200,#7201);
#7200 = CARTESIAN_POINT('',(-13.,-215.,162.));
#7201 = VECTOR('',#7202,1.);
#7202 = DIRECTION('',(-1.,0.,0.));
#7203 = PCURVE('',#6498,#7204);
#7204 = DEFINITIONAL_REPRESENTATION('',(#7205),#7209);
#7205 = LINE('',#7206,#7207);
#7206 = CARTESIAN_POINT('',(32.,20.));
#7207 = VECTOR('',#7208,1.);
#7208 = DIRECTION('',(-1.,0.));
#7209 = ( GEOMETRIC_REPRESENTATION_CONTEXT(2) 
PARAMETRIC_REPRESENTATION_CONTEXT() REPRESENTATION_CONTEXT('2D SPACE',''
  ) );
#7210 = PCURVE('',#6987,#7211);
#7211 = DEFINITIONAL_REPRESENTATION('',(#7212),#7216);
#7212 = LINE('',#7213,#7214);
#7213 = CARTESIAN_POINT('',(1.,-32.));
#7214 = VECTOR('',#7215,1.);
#7215 = DIRECTION('',(0.,-1.));
#7216 = ( GEOMETRIC_REPRESENTATION_CONTEXT(2) 
PARAMETRIC_REPRESENTATION_CONTEXT() REPRESENTATION_CONTEXT('2D SPACE',''
  ) );
#7217 = ORIENTED_EDGE('',*,*,#7218,.T.);
#7218 = EDGE_CURVE('',#7196,#7029,#7219,.T.);
#7219 = SURFACE_CURVE('',#7220,(#7224,#7231),.PCURVE_S1.);
#7220 = LINE('',#7221,#7222);
#7221 = CARTESIAN_POINT('',(45.,-235.,162.));
#7222 = VECTOR('',#7223,1.);
#7223 = DIRECTION('',(0.,1.,0.));
#7224 = PCURVE('',#6498,#7225);
#7225 = DEFINITIONAL_REPRESENTATION('',(#7226),#7230);
#7226 = LINE('',#7227,#7228);
#7227 = CARTESIAN_POINT('',(90.,0.));
#7228 = VECTOR('',#7229,1.);
#7229 = DIRECTION('',(0.,1.));
#7230 = ( GEOMETRIC_REPRESENTATION_CONTEXT(2) 
PARAMETRIC_REPRESENTATION_CONTEXT() REPRESENTATION_CONTEXT('2D SPACE',''
  ) );
#7231 = PCURVE('',#7013,#7232);
#7232 = DEFINITIONAL_REPRESENTATION('',(#7233),#7237);
#7233 = LINE('',#7234,#7235);
#7234 = CARTESIAN_POINT('',(0.,0.));
#7235 = VECTOR('',#7236,1.);
#7236 = DIRECTION('',(0.,-1.));
#7237 = ( GEOMETRIC_REPRESENTATION_CONTEXT(2) 
PARAMETRIC_REPRESENTATION_CONTEXT() REPRESENTATION_CONTEXT('2D SPACE',''
  ) );
#7238 = ADVANCED_FACE('',(#7239),#6628,.T.);
#7239 = FACE_BOUND('',#7240,.T.);
#7240 = EDGE_LOOP('',(#7241,#7242,#7243,#7264));
#7241 = ORIENTED_EDGE('',*,*,#6614,.F.);
#7242 = ORIENTED_EDGE('',*,*,#7080,.T.);
#7243 = ORIENTED_EDGE('',*,*,#7244,.F.);
#7244 = EDGE_CURVE('',#6669,#7081,#7245,.T.);
#7245 = SURFACE_CURVE('',#7246,(#7250,#7257),.PCURVE_S1.);
#7246 = LINE('',#7247,#7248);
#7247 = CARTESIAN_POINT('',(19.,-230.,161.));
#7248 = VECTOR('',#7249,1.);
#7249 = DIRECTION('',(0.,0.,-1.));
#7250 = PCURVE('',#6628,#7251);
#7251 = DEFINITIONAL_REPRESENTATION('',(#7252),#7256);
#7252 = LINE('',#7253,#7254);
#7253 = CARTESIAN_POINT('',(0.,-5.));
#7254 = VECTOR('',#7255,1.);
#7255 = DIRECTION('',(-1.,0.));
#7256 = ( GEOMETRIC_REPRESENTATION_CONTEXT(2) 
PARAMETRIC_REPRESENTATION_CONTEXT() REPRESENTATION_CONTEXT('2D SPACE',''
  ) );
#7257 = PCURVE('',#6707,#7258);
#7258 = DEFINITIONAL_REPRESENTATION('',(#7259),#7263);
#7259 = LINE('',#7260,#7261);
#7260 = CARTESIAN_POINT('',(0.,59.));
#7261 = VECTOR('',#7262,1.);
#7262 = DIRECTION('',(-1.,0.));
#7263 = ( GEOMETRIC_REPRESENTATION_CONTEXT(2) 
PARAMETRIC_REPRESENTATION_CONTEXT() REPRESENTATION_CONTEXT('2D SPACE',''
  ) );
#7264 = ORIENTED_EDGE('',*,*,#6668,.F.);
#7265 = ADVANCED_FACE('',(#7266),#7013,.T.);
#7266 = FACE_BOUND('',#7267,.T.);
#7267 = EDGE_LOOP('',(#7268,#7269,#7290,#7291));
#7268 = ORIENTED_EDGE('',*,*,#6999,.F.);
#7269 = ORIENTED_EDGE('',*,*,#7270,.F.);
#7270 = EDGE_CURVE('',#7196,#6972,#7271,.T.);
#7271 = SURFACE_CURVE('',#7272,(#7276,#7283),.PCURVE_S1.);
#7272 = LINE('',#7273,#7274);
#7273 = CARTESIAN_POINT('',(45.,-215.,161.));
#7274 = VECTOR('',#7275,1.);
#7275 = DIRECTION('',(0.,0.,1.));
#7276 = PCURVE('',#7013,#7277);
#7277 = DEFINITIONAL_REPRESENTATION('',(#7278),#7282);
#7278 = LINE('',#7279,#7280);
#7279 = CARTESIAN_POINT('',(-1.,-20.));
#7280 = VECTOR('',#7281,1.);
#7281 = DIRECTION('',(1.,0.));
#7282 = ( GEOMETRIC_REPRESENTATION_CONTEXT(2) 
PARAMETRIC_REPRESENTATION_CONTEXT() REPRESENTATION_CONTEXT('2D SPACE',''
  ) );
#7283 = PCURVE('',#6987,#7284);
#7284 = DEFINITIONAL_REPRESENTATION('',(#7285),#7289);
#7285 = LINE('',#7286,#7287);
#7286 = CARTESIAN_POINT('',(0.,26.));
#7287 = VECTOR('',#7288,1.);
#7288 = DIRECTION('',(1.,0.));
#7289 = ( GEOMETRIC_REPRESENTATION_CONTEXT(2) 
PARAMETRIC_REPRESENTATION_CONTEXT() REPRESENTATION_CONTEXT('2D SPACE',''
  ) );
#7290 = ORIENTED_EDGE('',*,*,#7218,.T.);
#7291 = ORIENTED_EDGE('',*,*,#7053,.T.);
#7292 = ADVANCED_FACE('',(#7293),#6987,.F.);
#7293 = FACE_BOUND('',#7294,.F.);
#7294 = EDGE_LOOP('',(#7295,#7296,#7297,#7318));
#7295 = ORIENTED_EDGE('',*,*,#7270,.F.);
#7296 = ORIENTED_EDGE('',*,*,#7195,.T.);
#7297 = ORIENTED_EDGE('',*,*,#7298,.T.);
#7298 = EDGE_CURVE('',#7173,#6949,#7299,.T.);
#7299 = SURFACE_CURVE('',#7300,(#7304,#7311),.PCURVE_S1.);
#7300 = LINE('',#7301,#7302);
#7301 = CARTESIAN_POINT('',(40.,-215.,161.));
#7302 = VECTOR('',#7303,1.);
#7303 = DIRECTION('',(0.,0.,1.));
#7304 = PCURVE('',#6987,#7305);
#7305 = DEFINITIONAL_REPRESENTATION('',(#7306),#7310);
#7306 = LINE('',#7307,#7308);
#7307 = CARTESIAN_POINT('',(0.,21.));
#7308 = VECTOR('',#7309,1.);
#7309 = DIRECTION('',(1.,0.));
#7310 = ( GEOMETRIC_REPRESENTATION_CONTEXT(2) 
PARAMETRIC_REPRESENTATION_CONTEXT() REPRESENTATION_CONTEXT('2D SPACE',''
  ) );
#7311 = PCURVE('',#6903,#7312);
#7312 = DEFINITIONAL_REPRESENTATION('',(#7313),#7317);
#7313 = LINE('',#7314,#7315);
#7314 = CARTESIAN_POINT('',(0.,-15.));
#7315 = VECTOR('',#7316,1.);
#7316 = DIRECTION('',(1.,0.));
#7317 = ( GEOMETRIC_REPRESENTATION_CONTEXT(2) 
PARAMETRIC_REPRESENTATION_CONTEXT() REPRESENTATION_CONTEXT('2D SPACE',''
  ) );
#7318 = ORIENTED_EDGE('',*,*,#6971,.F.);
#7319 = ADVANCED_FACE('',(#7320),#6903,.F.);
#7320 = FACE_BOUND('',#7321,.F.);
#7321 = EDGE_LOOP('',(#7322,#7323,#7324,#7345,#7346,#7369,#7397,#7418));
#7322 = ORIENTED_EDGE('',*,*,#7298,.F.);
#7323 = ORIENTED_EDGE('',*,*,#7172,.T.);
#7324 = ORIENTED_EDGE('',*,*,#7325,.F.);
#7325 = EDGE_CURVE('',#6860,#7150,#7326,.T.);
#7326 = SURFACE_CURVE('',#7327,(#7331,#7338),.PCURVE_S1.);
#7327 = LINE('',#7328,#7329);
#7328 = CARTESIAN_POINT('',(40.,-170.,262.));
#7329 = VECTOR('',#7330,1.);
#7330 = DIRECTION('',(0.,0.,-1.));
#7331 = PCURVE('',#6903,#7332);
#7332 = DEFINITIONAL_REPRESENTATION('',(#7333),#7337);
#7333 = LINE('',#7334,#7335);
#7334 = CARTESIAN_POINT('',(101.,-60.));
#7335 = VECTOR('',#7336,1.);
#7336 = DIRECTION('',(-1.,0.));
#7337 = ( GEOMETRIC_REPRESENTATION_CONTEXT(2) 
PARAMETRIC_REPRESENTATION_CONTEXT() REPRESENTATION_CONTEXT('2D SPACE',''
  ) );
#7338 = PCURVE('',#6875,#7339);
#7339 = DEFINITIONAL_REPRESENTATION('',(#7340),#7344);
#7340 = LINE('',#7341,#7342);
#7341 = CARTESIAN_POINT('',(101.,80.));
#7342 = VECTOR('',#7343,1.);
#7343 = DIRECTION('',(-1.,0.));
#7344 = ( GEOMETRIC_REPRESENTATION_CONTEXT(2) 
PARAMETRIC_REPRESENTATION_CONTEXT() REPRESENTATION_CONTEXT('2D SPACE',''
  ) );
#7345 = ORIENTED_EDGE('',*,*,#6887,.F.);
#7346 = ORIENTED_EDGE('',*,*,#7347,.T.);
#7347 = EDGE_CURVE('',#6888,#7348,#7350,.T.);
#7348 = VERTEX_POINT('',#7349);
#7349 = CARTESIAN_POINT('',(40.,-175.083484861,212.));
#7350 = SURFACE_CURVE('',#7351,(#7355,#7362),.PCURVE_S1.);
#7351 = LINE('',#7352,#7353);
#7352 = CARTESIAN_POINT('',(40.,-175.083484861,212.));
#7353 = VECTOR('',#7354,1.);
#7354 = DIRECTION('',(-0.,-0.,-1.));
#7355 = PCURVE('',#6903,#7356);
#7356 = DEFINITIONAL_REPRESENTATION('',(#7357),#7361);
#7357 = LINE('',#7358,#7359);
#7358 = CARTESIAN_POINT('',(51.,-54.91651513899));
#7359 = VECTOR('',#7360,1.);
#7360 = DIRECTION('',(-1.,0.));
#7361 = ( GEOMETRIC_REPRESENTATION_CONTEXT(2) 
PARAMETRIC_REPRESENTATION_CONTEXT() REPRESENTATION_CONTEXT('2D SPACE',''
  ) );
#7362 = PCURVE('',#6936,#7363);
#7363 = DEFINITIONAL_REPRESENTATION('',(#7364),#7368);
#7364 = LINE('',#7365,#7366);
#7365 = CARTESIAN_POINT('',(-6.712884973331,0.));
#7366 = VECTOR('',#7367,1.);
#7367 = DIRECTION('',(-0.,1.));
#7368 = ( GEOMETRIC_REPRESENTATION_CONTEXT(2) 
PARAMETRIC_REPRESENTATION_CONTEXT() REPRESENTATION_CONTEXT('2D SPACE',''
  ) );
#7369 = ORIENTED_EDGE('',*,*,#7370,.T.);
#7370 = EDGE_CURVE('',#7348,#7371,#7373,.T.);
#7371 = VERTEX_POINT('',#7372);
#7372 = CARTESIAN_POINT('',(40.,-176.9165151389,212.));
#7373 = SURFACE_CURVE('',#7374,(#7378,#7385),.PCURVE_S1.);
#7374 = LINE('',#7375,#7376);
#7375 = CARTESIAN_POINT('',(40.,-203.,212.));
#7376 = VECTOR('',#7377,1.);
#7377 = DIRECTION('',(0.,-1.,0.));
#7378 = PCURVE('',#6903,#7379);
#7379 = DEFINITIONAL_REPRESENTATION('',(#7380),#7384);
#7380 = LINE('',#7381,#7382);
#7381 = CARTESIAN_POINT('',(51.,-27.));
#7382 = VECTOR('',#7383,1.);
#7383 = DIRECTION('',(0.,1.));
#7384 = ( GEOMETRIC_REPRESENTATION_CONTEXT(2) 
PARAMETRIC_REPRESENTATION_CONTEXT() REPRESENTATION_CONTEXT('2D SPACE',''
  ) );
#7385 = PCURVE('',#7386,#7391);
#7386 = PLANE('',#7387);
#7387 = AXIS2_PLACEMENT_3D('',#7388,#7389,#7390);
#7388 = CARTESIAN_POINT('',(38.,-176.,212.));
#7389 = DIRECTION('',(0.,0.,1.));
#7390 = DIRECTION('',(1.,0.,-0.));
#7391 = DEFINITIONAL_REPRESENTATION('',(#7392),#7396);
#7392 = LINE('',#7393,#7394);
#7393 = CARTESIAN_POINT('',(2.,-27.));
#7394 = VECTOR('',#7395,1.);
#7395 = DIRECTION('',(0.,-1.));
#7396 = ( GEOMETRIC_REPRESENTATION_CONTEXT(2) 
PARAMETRIC_REPRESENTATION_CONTEXT() REPRESENTATION_CONTEXT('2D SPACE',''
  ) );
#7397 = ORIENTED_EDGE('',*,*,#7398,.F.);
#7398 = EDGE_CURVE('',#6916,#7371,#7399,.T.);
#7399 = SURFACE_CURVE('',#7400,(#7404,#7411),.PCURVE_S1.);
#7400 = LINE('',#7401,#7402);
#7401 = CARTESIAN_POINT('',(40.,-176.9165151389,212.));
#7402 = VECTOR('',#7403,1.);
#7403 = DIRECTION('',(-0.,-0.,-1.));
#7404 = PCURVE('',#6903,#7405);
#7405 = DEFINITIONAL_REPRESENTATION('',(#7406),#7410);
#7406 = LINE('',#7407,#7408);
#7407 = CARTESIAN_POINT('',(51.,-53.083484861));
#7408 = VECTOR('',#7409,1.);
#7409 = DIRECTION('',(-1.,0.));
#7410 = ( GEOMETRIC_REPRESENTATION_CONTEXT(2) 
PARAMETRIC_REPRESENTATION_CONTEXT() REPRESENTATION_CONTEXT('2D SPACE',''
  ) );
#7411 = PCURVE('',#6936,#7412);
#7412 = DEFINITIONAL_REPRESENTATION('',(#7413),#7417);
#7413 = LINE('',#7414,#7415);
#7414 = CARTESIAN_POINT('',(-5.853485641028,0.));
#7415 = VECTOR('',#7416,1.);
#7416 = DIRECTION('',(-0.,1.));
#7417 = ( GEOMETRIC_REPRESENTATION_CONTEXT(2) 
PARAMETRIC_REPRESENTATION_CONTEXT() REPRESENTATION_CONTEXT('2D SPACE',''
  ) );
#7418 = ORIENTED_EDGE('',*,*,#6948,.F.);
#7419 = ADVANCED_FACE('',(#7420),#6936,.F.);
#7420 = FACE_BOUND('',#7421,.T.);
#7421 = EDGE_LOOP('',(#7422,#7423,#7424,#7450));
#7422 = ORIENTED_EDGE('',*,*,#6915,.F.);
#7423 = ORIENTED_EDGE('',*,*,#7347,.T.);
#7424 = ORIENTED_EDGE('',*,*,#7425,.T.);
#7425 = EDGE_CURVE('',#7348,#7371,#7426,.T.);
#7426 = SURFACE_CURVE('',#7427,(#7432,#7439),.PCURVE_S1.);
#7427 = CIRCLE('',#7428,2.2);
#7428 = AXIS2_PLACEMENT_3D('',#7429,#7430,#7431);
#7429 = CARTESIAN_POINT('',(38.,-176.,212.));
#7430 = DIRECTION('',(0.,0.,-1.));
#7431 = DIRECTION('',(0.909090909091,0.416597790451,0.));
#7432 = PCURVE('',#6936,#7433);
#7433 = DEFINITIONAL_REPRESENTATION('',(#7434),#7438);
#7434 = LINE('',#7435,#7436);
#7435 = CARTESIAN_POINT('',(-6.712884973331,0.));
#7436 = VECTOR('',#7437,1.);
#7437 = DIRECTION('',(1.,-0.));
#7438 = ( GEOMETRIC_REPRESENTATION_CONTEXT(2) 
PARAMETRIC_REPRESENTATION_CONTEXT() REPRESENTATION_CONTEXT('2D SPACE',''
  ) );
#7439 = PCURVE('',#7386,#7440);
#7440 = DEFINITIONAL_REPRESENTATION('',(#7441),#7449);
#7441 = ( BOUNDED_CURVE() B_SPLINE_CURVE(2,(#7442,#7443,#7444,#7445,
#7446,#7447,#7448),.UNSPECIFIED.,.T.,.F.) B_SPLINE_CURVE_WITH_KNOTS((1,2
    ,2,2,2,1),(-2.094395102393,0.,2.094395102393,4.188790204786,
6.28318530718,8.377580409573),.UNSPECIFIED.) CURVE() 
GEOMETRIC_REPRESENTATION_ITEM() RATIONAL_B_SPLINE_CURVE((1.,0.5,1.,0.5,
1.,0.5,1.)) REPRESENTATION_ITEM('') );
#7442 = CARTESIAN_POINT('',(2.,0.916515138991));
#7443 = CARTESIAN_POINT('',(3.587450786639,-2.547586476147));
#7444 = CARTESIAN_POINT('',(-0.206274606681,-2.190308377064));
#7445 = CARTESIAN_POINT('',(-4.,-1.833030277982));
#7446 = CARTESIAN_POINT('',(-1.793725393319,1.273793238073));
#7447 = CARTESIAN_POINT('',(0.412549213361,4.380616754129));
#7448 = CARTESIAN_POINT('',(2.,0.916515138991));
#7449 = ( GEOMETRIC_REPRESENTATION_CONTEXT(2) 
PARAMETRIC_REPRESENTATION_CONTEXT() REPRESENTATION_CONTEXT('2D SPACE',''
  ) );
#7450 = ORIENTED_EDGE('',*,*,#7398,.F.);
#7451 = ADVANCED_FACE('',(#7452),#6875,.F.);
#7452 = FACE_BOUND('',#7453,.F.);
#7453 = EDGE_LOOP('',(#7454,#7455,#7476,#7477));
#7454 = ORIENTED_EDGE('',*,*,#7149,.T.);
#7455 = ORIENTED_EDGE('',*,*,#7456,.F.);
#7456 = EDGE_CURVE('',#6837,#7127,#7457,.T.);
#7457 = SURFACE_CURVE('',#7458,(#7462,#7469),.PCURVE_S1.);
#7458 = LINE('',#7459,#7460);
#7459 = CARTESIAN_POINT('',(-40.,-170.,262.));
#7460 = VECTOR('',#7461,1.);
#7461 = DIRECTION('',(0.,0.,-1.));
#7462 = PCURVE('',#6875,#7463);
#7463 = DEFINITIONAL_REPRESENTATION('',(#7464),#7468);
#7464 = LINE('',#7465,#7466);
#7465 = CARTESIAN_POINT('',(101.,0.));
#7466 = VECTOR('',#7467,1.);
#7467 = DIRECTION('',(-1.,0.));
#7468 = ( GEOMETRIC_REPRESENTATION_CONTEXT(2) 
PARAMETRIC_REPRESENTATION_CONTEXT() REPRESENTATION_CONTEXT('2D SPACE',''
  ) );
#7469 = PCURVE('',#6735,#7470);
#7470 = DEFINITIONAL_REPRESENTATION('',(#7471),#7475);
#7471 = LINE('',#7472,#7473);
#7472 = CARTESIAN_POINT('',(101.,-60.));
#7473 = VECTOR('',#7474,1.);
#7474 = DIRECTION('',(-1.,0.));
#7475 = ( GEOMETRIC_REPRESENTATION_CONTEXT(2) 
PARAMETRIC_REPRESENTATION_CONTEXT() REPRESENTATION_CONTEXT('2D SPACE',''
  ) );
#7476 = ORIENTED_EDGE('',*,*,#6859,.F.);
#7477 = ORIENTED_EDGE('',*,*,#7325,.T.);
#7478 = ADVANCED_FACE('',(#7479),#6735,.T.);
#7479 = FACE_BOUND('',#7480,.T.);
#7480 = EDGE_LOOP('',(#7481,#7502,#7503,#7504,#7505,#7528,#7556,#7577,
    #7578,#7601,#7629,#7650));
#7481 = ORIENTED_EDGE('',*,*,#7482,.F.);
#7482 = EDGE_CURVE('',#7104,#6692,#7483,.T.);
#7483 = SURFACE_CURVE('',#7484,(#7488,#7495),.PCURVE_S1.);
#7484 = LINE('',#7485,#7486);
#7485 = CARTESIAN_POINT('',(-40.,-230.,162.));
#7486 = VECTOR('',#7487,1.);
#7487 = DIRECTION('',(0.,0.,1.));
#7488 = PCURVE('',#6735,#7489);
#7489 = DEFINITIONAL_REPRESENTATION('',(#7490),#7494);
#7490 = LINE('',#7491,#7492);
#7491 = CARTESIAN_POINT('',(1.,0.));
#7492 = VECTOR('',#7493,1.);
#7493 = DIRECTION('',(1.,0.));
#7494 = ( GEOMETRIC_REPRESENTATION_CONTEXT(2) 
PARAMETRIC_REPRESENTATION_CONTEXT() REPRESENTATION_CONTEXT('2D SPACE',''
  ) );
#7495 = PCURVE('',#6707,#7496);
#7496 = DEFINITIONAL_REPRESENTATION('',(#7497),#7501);
#7497 = LINE('',#7498,#7499);
#7498 = CARTESIAN_POINT('',(1.,0.));
#7499 = VECTOR('',#7500,1.);
#7500 = DIRECTION('',(1.,0.));
#7501 = ( GEOMETRIC_REPRESENTATION_CONTEXT(2) 
PARAMETRIC_REPRESENTATION_CONTEXT() REPRESENTATION_CONTEXT('2D SPACE',''
  ) );
#7502 = ORIENTED_EDGE('',*,*,#7126,.T.);
#7503 = ORIENTED_EDGE('',*,*,#7456,.F.);
#7504 = ORIENTED_EDGE('',*,*,#6836,.F.);
#7505 = ORIENTED_EDGE('',*,*,#7506,.T.);
#7506 = EDGE_CURVE('',#6804,#7507,#7509,.T.);
#7507 = VERTEX_POINT('',#7508);
#7508 = CARTESIAN_POINT('',(-40.,-175.083484861,212.));
#7509 = SURFACE_CURVE('',#7510,(#7514,#7521),.PCURVE_S1.);
#7510 = LINE('',#7511,#7512);
#7511 = CARTESIAN_POINT('',(-40.,-175.083484861,212.));
#7512 = VECTOR('',#7513,1.);
#7513 = DIRECTION('',(-0.,-0.,-1.));
#7514 = PCURVE('',#6735,#7515);
#7515 = DEFINITIONAL_REPRESENTATION('',(#7516),#7520);
#7516 = LINE('',#7517,#7518);
#7517 = CARTESIAN_POINT('',(51.,-54.91651513899));
#7518 = VECTOR('',#7519,1.);
#7519 = DIRECTION('',(-1.,0.));
#7520 = ( GEOMETRIC_REPRESENTATION_CONTEXT(2) 
PARAMETRIC_REPRESENTATION_CONTEXT() REPRESENTATION_CONTEXT('2D SPACE',''
  ) );
#7521 = PCURVE('',#6824,#7522);
#7522 = DEFINITIONAL_REPRESENTATION('',(#7523),#7527);
#7523 = LINE('',#7524,#7525);
#7524 = CARTESIAN_POINT('',(-2.711892987438,0.));
#7525 = VECTOR('',#7526,1.);
#7526 = DIRECTION('',(-0.,1.));
#7527 = ( GEOMETRIC_REPRESENTATION_CONTEXT(2) 
PARAMETRIC_REPRESENTATION_CONTEXT() REPRESENTATION_CONTEXT('2D SPACE',''
  ) );
#7528 = ORIENTED_EDGE('',*,*,#7529,.T.);
#7529 = EDGE_CURVE('',#7507,#7530,#7532,.T.);
#7530 = VERTEX_POINT('',#7531);
#7531 = CARTESIAN_POINT('',(-40.,-176.9165151389,212.));
#7532 = SURFACE_CURVE('',#7533,(#7537,#7544),.PCURVE_S1.);
#7533 = LINE('',#7534,#7535);
#7534 = CARTESIAN_POINT('',(-40.,-203.,212.));
#7535 = VECTOR('',#7536,1.);
#7536 = DIRECTION('',(0.,-1.,0.));
#7537 = PCURVE('',#6735,#7538);
#7538 = DEFINITIONAL_REPRESENTATION('',(#7539),#7543);
#7539 = LINE('',#7540,#7541);
#7540 = CARTESIAN_POINT('',(51.,-27.));
#7541 = VECTOR('',#7542,1.);
#7542 = DIRECTION('',(0.,1.));
#7543 = ( GEOMETRIC_REPRESENTATION_CONTEXT(2) 
PARAMETRIC_REPRESENTATION_CONTEXT() REPRESENTATION_CONTEXT('2D SPACE',''
  ) );
#7544 = PCURVE('',#7545,#7550);
#7545 = PLANE('',#7546);
#7546 = AXIS2_PLACEMENT_3D('',#7547,#7548,#7549);
#7547 = CARTESIAN_POINT('',(-38.,-176.,212.));
#7548 = DIRECTION('',(0.,0.,1.));
#7549 = DIRECTION('',(1.,0.,-0.));
#7550 = DEFINITIONAL_REPRESENTATION('',(#7551),#7555);
#7551 = LINE('',#7552,#7553);
#7552 = CARTESIAN_POINT('',(-2.,-27.));
#7553 = VECTOR('',#7554,1.);
#7554 = DIRECTION('',(0.,-1.));
#7555 = ( GEOMETRIC_REPRESENTATION_CONTEXT(2) 
PARAMETRIC_REPRESENTATION_CONTEXT() REPRESENTATION_CONTEXT('2D SPACE',''
  ) );
#7556 = ORIENTED_EDGE('',*,*,#7557,.F.);
#7557 = EDGE_CURVE('',#6781,#7530,#7558,.T.);
#7558 = SURFACE_CURVE('',#7559,(#7563,#7570),.PCURVE_S1.);
#7559 = LINE('',#7560,#7561);
#7560 = CARTESIAN_POINT('',(-40.,-176.9165151389,212.));
#7561 = VECTOR('',#7562,1.);
#7562 = DIRECTION('',(-0.,-0.,-1.));
#7563 = PCURVE('',#6735,#7564);
#7564 = DEFINITIONAL_REPRESENTATION('',(#7565),#7569);
#7565 = LINE('',#7566,#7567);
#7566 = CARTESIAN_POINT('',(51.,-53.083484861));
#7567 = VECTOR('',#7568,1.);
#7568 = DIRECTION('',(-1.,0.));
#7569 = ( GEOMETRIC_REPRESENTATION_CONTEXT(2) 
PARAMETRIC_REPRESENTATION_CONTEXT() REPRESENTATION_CONTEXT('2D SPACE',''
  ) );
#7570 = PCURVE('',#6824,#7571);
#7571 = DEFINITIONAL_REPRESENTATION('',(#7572),#7576);
#7572 = LINE('',#7573,#7574);
#7573 = CARTESIAN_POINT('',(-3.571292319741,0.));
#7574 = VECTOR('',#7575,1.);
#7575 = DIRECTION('',(-0.,1.));
#7576 = ( GEOMETRIC_REPRESENTATION_CONTEXT(2) 
PARAMETRIC_REPRESENTATION_CONTEXT() REPRESENTATION_CONTEXT('2D SPACE',''
  ) );
#7577 = ORIENTED_EDGE('',*,*,#6780,.F.);
#7578 = ORIENTED_EDGE('',*,*,#7579,.T.);
#7579 = EDGE_CURVE('',#6748,#7580,#7582,.T.);
#7580 = VERTEX_POINT('',#7581);
#7581 = CARTESIAN_POINT('',(-40.,-223.083484861,212.));
#7582 = SURFACE_CURVE('',#7583,(#7587,#7594),.PCURVE_S1.);
#7583 = LINE('',#7584,#7585);
#7584 = CARTESIAN_POINT('',(-40.,-223.083484861,212.));
#7585 = VECTOR('',#7586,1.);
#7586 = DIRECTION('',(-0.,-0.,-1.));
#7587 = PCURVE('',#6735,#7588);
#7588 = DEFINITIONAL_REPRESENTATION('',(#7589),#7593);
#7589 = LINE('',#7590,#7591);
#7590 = CARTESIAN_POINT('',(51.,-6.916515138991));
#7591 = VECTOR('',#7592,1.);
#7592 = DIRECTION('',(-1.,0.));
#7593 = ( GEOMETRIC_REPRESENTATION_CONTEXT(2) 
PARAMETRIC_REPRESENTATION_CONTEXT() REPRESENTATION_CONTEXT('2D SPACE',''
  ) );
#7594 = PCURVE('',#6768,#7595);
#7595 = DEFINITIONAL_REPRESENTATION('',(#7596),#7600);
#7596 = LINE('',#7597,#7598);
#7597 = CARTESIAN_POINT('',(-2.711892987438,0.));
#7598 = VECTOR('',#7599,1.);
#7599 = DIRECTION('',(-0.,1.));
#7600 = ( GEOMETRIC_REPRESENTATION_CONTEXT(2) 
PARAMETRIC_REPRESENTATION_CONTEXT() REPRESENTATION_CONTEXT('2D SPACE',''
  ) );
#7601 = ORIENTED_EDGE('',*,*,#7602,.T.);
#7602 = EDGE_CURVE('',#7580,#7603,#7605,.T.);
#7603 = VERTEX_POINT('',#7604);
#7604 = CARTESIAN_POINT('',(-40.,-224.9165151389,212.));
#7605 = SURFACE_CURVE('',#7606,(#7610,#7617),.PCURVE_S1.);
#7606 = LINE('',#7607,#7608);
#7607 = CARTESIAN_POINT('',(-40.,-227.,212.));
#7608 = VECTOR('',#7609,1.);
#7609 = DIRECTION('',(0.,-1.,0.));
#7610 = PCURVE('',#6735,#7611);
#7611 = DEFINITIONAL_REPRESENTATION('',(#7612),#7616);
#7612 = LINE('',#7613,#7614);
#7613 = CARTESIAN_POINT('',(51.,-3.));
#7614 = VECTOR('',#7615,1.);
#7615 = DIRECTION('',(0.,1.));
#7616 = ( GEOMETRIC_REPRESENTATION_CONTEXT(2) 
PARAMETRIC_REPRESENTATION_CONTEXT() REPRESENTATION_CONTEXT('2D SPACE',''
  ) );
#7617 = PCURVE('',#7618,#7623);
#7618 = PLANE('',#7619);
#7619 = AXIS2_PLACEMENT_3D('',#7620,#7621,#7622);
#7620 = CARTESIAN_POINT('',(-38.,-224.,212.));
#7621 = DIRECTION('',(0.,0.,1.));
#7622 = DIRECTION('',(1.,0.,-0.));
#7623 = DEFINITIONAL_REPRESENTATION('',(#7624),#7628);
#7624 = LINE('',#7625,#7626);
#7625 = CARTESIAN_POINT('',(-2.,-3.));
#7626 = VECTOR('',#7627,1.);
#7627 = DIRECTION('',(0.,-1.));
#7628 = ( GEOMETRIC_REPRESENTATION_CONTEXT(2) 
PARAMETRIC_REPRESENTATION_CONTEXT() REPRESENTATION_CONTEXT('2D SPACE',''
  ) );
#7629 = ORIENTED_EDGE('',*,*,#7630,.F.);
#7630 = EDGE_CURVE('',#6720,#7603,#7631,.T.);
#7631 = SURFACE_CURVE('',#7632,(#7636,#7643),.PCURVE_S1.);
#7632 = LINE('',#7633,#7634);
#7633 = CARTESIAN_POINT('',(-40.,-224.9165151389,212.));
#7634 = VECTOR('',#7635,1.);
#7635 = DIRECTION('',(-0.,-0.,-1.));
#7636 = PCURVE('',#6735,#7637);
#7637 = DEFINITIONAL_REPRESENTATION('',(#7638),#7642);
#7638 = LINE('',#7639,#7640);
#7639 = CARTESIAN_POINT('',(51.,-5.083484861009));
#7640 = VECTOR('',#7641,1.);
#7641 = DIRECTION('',(-1.,0.));
#7642 = ( GEOMETRIC_REPRESENTATION_CONTEXT(2) 
PARAMETRIC_REPRESENTATION_CONTEXT() REPRESENTATION_CONTEXT('2D SPACE',''
  ) );
#7643 = PCURVE('',#6768,#7644);
#7644 = DEFINITIONAL_REPRESENTATION('',(#7645),#7649);
#7645 = LINE('',#7646,#7647);
#7646 = CARTESIAN_POINT('',(-3.571292319741,0.));
#7647 = VECTOR('',#7648,1.);
#7648 = DIRECTION('',(-0.,1.));
#7649 = ( GEOMETRIC_REPRESENTATION_CONTEXT(2) 
PARAMETRIC_REPRESENTATION_CONTEXT() REPRESENTATION_CONTEXT('2D SPACE',''
  ) );
#7650 = ORIENTED_EDGE('',*,*,#6719,.F.);
#7651 = ADVANCED_FACE('',(#7652),#6824,.F.);
#7652 = FACE_BOUND('',#7653,.T.);
#7653 = EDGE_LOOP('',(#7654,#7676,#7677,#7678));
#7654 = ORIENTED_EDGE('',*,*,#7655,.F.);
#7655 = EDGE_CURVE('',#7507,#7530,#7656,.T.);
#7656 = SURFACE_CURVE('',#7657,(#7662,#7669),.PCURVE_S1.);
#7657 = CIRCLE('',#7658,2.2);
#7658 = AXIS2_PLACEMENT_3D('',#7659,#7660,#7661);
#7659 = CARTESIAN_POINT('',(-38.,-176.,212.));
#7660 = DIRECTION('',(0.,0.,1.));
#7661 = DIRECTION('',(1.,0.,0.));
#7662 = PCURVE('',#6824,#7663);
#7663 = DEFINITIONAL_REPRESENTATION('',(#7664),#7668);
#7664 = LINE('',#7665,#7666);
#7665 = CARTESIAN_POINT('',(-0.,0.));
#7666 = VECTOR('',#7667,1.);
#7667 = DIRECTION('',(-1.,0.));
#7668 = ( GEOMETRIC_REPRESENTATION_CONTEXT(2) 
PARAMETRIC_REPRESENTATION_CONTEXT() REPRESENTATION_CONTEXT('2D SPACE',''
  ) );
#7669 = PCURVE('',#7545,#7670);
#7670 = DEFINITIONAL_REPRESENTATION('',(#7671),#7675);
#7671 = CIRCLE('',#7672,2.2);
#7672 = AXIS2_PLACEMENT_2D('',#7673,#7674);
#7673 = CARTESIAN_POINT('',(0.,0.));
#7674 = DIRECTION('',(1.,0.));
#7675 = ( GEOMETRIC_REPRESENTATION_CONTEXT(2) 
PARAMETRIC_REPRESENTATION_CONTEXT() REPRESENTATION_CONTEXT('2D SPACE',''
  ) );
#7676 = ORIENTED_EDGE('',*,*,#7506,.F.);
#7677 = ORIENTED_EDGE('',*,*,#6803,.F.);
#7678 = ORIENTED_EDGE('',*,*,#7557,.T.);
#7679 = ADVANCED_FACE('',(#7680),#6768,.F.);
#7680 = FACE_BOUND('',#7681,.T.);
#7681 = EDGE_LOOP('',(#7682,#7704,#7705,#7706));
#7682 = ORIENTED_EDGE('',*,*,#7683,.F.);
#7683 = EDGE_CURVE('',#7580,#7603,#7684,.T.);
#7684 = SURFACE_CURVE('',#7685,(#7690,#7697),.PCURVE_S1.);
#7685 = CIRCLE('',#7686,2.2);
#7686 = AXIS2_PLACEMENT_3D('',#7687,#7688,#7689);
#7687 = CARTESIAN_POINT('',(-38.,-224.,212.));
#7688 = DIRECTION('',(0.,0.,1.));
#7689 = DIRECTION('',(1.,0.,0.));
#7690 = PCURVE('',#6768,#7691);
#7691 = DEFINITIONAL_REPRESENTATION('',(#7692),#7696);
#7692 = LINE('',#7693,#7694);
#7693 = CARTESIAN_POINT('',(-0.,0.));
#7694 = VECTOR('',#7695,1.);
#7695 = DIRECTION('',(-1.,0.));
#7696 = ( GEOMETRIC_REPRESENTATION_CONTEXT(2) 
PARAMETRIC_REPRESENTATION_CONTEXT() REPRESENTATION_CONTEXT('2D SPACE',''
  ) );
#7697 = PCURVE('',#7618,#7698);
#7698 = DEFINITIONAL_REPRESENTATION('',(#7699),#7703);
#7699 = CIRCLE('',#7700,2.2);
#7700 = AXIS2_PLACEMENT_2D('',#7701,#7702);
#7701 = CARTESIAN_POINT('',(0.,0.));
#7702 = DIRECTION('',(1.,0.));
#7703 = ( GEOMETRIC_REPRESENTATION_CONTEXT(2) 
PARAMETRIC_REPRESENTATION_CONTEXT() REPRESENTATION_CONTEXT('2D SPACE',''
  ) );
#7704 = ORIENTED_EDGE('',*,*,#7579,.F.);
#7705 = ORIENTED_EDGE('',*,*,#6747,.F.);
#7706 = ORIENTED_EDGE('',*,*,#7630,.T.);
#7707 = ADVANCED_FACE('',(#7708),#6707,.T.);
#7708 = FACE_BOUND('',#7709,.T.);
#7709 = EDGE_LOOP('',(#7710,#7711,#7712,#7713));
#7710 = ORIENTED_EDGE('',*,*,#7244,.T.);
#7711 = ORIENTED_EDGE('',*,*,#7103,.T.);
#7712 = ORIENTED_EDGE('',*,*,#7482,.T.);
#7713 = ORIENTED_EDGE('',*,*,#6691,.F.);
#7714 = ADVANCED_FACE('',(#7715),#7386,.T.);
#7715 = FACE_BOUND('',#7716,.T.);
#7716 = EDGE_LOOP('',(#7717,#7718));
#7717 = ORIENTED_EDGE('',*,*,#7370,.T.);
#7718 = ORIENTED_EDGE('',*,*,#7425,.F.);
#7719 = ADVANCED_FACE('',(#7720),#7618,.T.);
#7720 = FACE_BOUND('',#7721,.T.);
#7721 = EDGE_LOOP('',(#7722,#7723));
#7722 = ORIENTED_EDGE('',*,*,#7602,.F.);
#7723 = ORIENTED_EDGE('',*,*,#7683,.T.);
#7724 = ADVANCED_FACE('',(#7725),#7545,.T.);
#7725 = FACE_BOUND('',#7726,.T.);
#7726 = EDGE_LOOP('',(#7727,#7728));
#7727 = ORIENTED_EDGE('',*,*,#7529,.F.);
#7728 = ORIENTED_EDGE('',*,*,#7655,.T.);
#7729 = ( GEOMETRIC_REPRESENTATION_CONTEXT(3) 
GLOBAL_UNCERTAINTY_ASSIGNED_CONTEXT((#7733)) 
GLOBAL_UNIT_ASSIGNED_CONTEXT((#7730,#7731,#7732)) REPRESENTATION_CONTEXT
('Context #1','3D Context with UNIT and UNCERTAINTY') );
#7730 = ( LENGTH_UNIT() NAMED_UNIT(*) SI_UNIT(.MILLI.,.METRE.) );
#7731 = ( NAMED_UNIT(*) PLANE_ANGLE_UNIT() SI_UNIT($,.RADIAN.) );
#7732 = ( NAMED_UNIT(*) SI_UNIT($,.STERADIAN.) SOLID_ANGLE_UNIT() );
#7733 = UNCERTAINTY_MEASURE_WITH_UNIT(LENGTH_MEASURE(1.E-07),#7730,
  'distance_accuracy_value','confusion accuracy');
#7734 = CONTEXT_DEPENDENT_SHAPE_REPRESENTATION(#7735,#7737);
#7735 = ( REPRESENTATION_RELATIONSHIP('','',#6440,#6413) 
REPRESENTATION_RELATIONSHIP_WITH_TRANSFORMATION(#7736) 
SHAPE_REPRESENTATION_RELATIONSHIP() );
#7736 = ITEM_DEFINED_TRANSFORMATION('','',#11,#6414);
#7737 = PRODUCT_DEFINITION_SHAPE('Placement','Placement of an item',
  #7738);
#7738 = NEXT_ASSEMBLY_USAGE_OCCURRENCE('8','','',#6408,#6435,$);
#7739 = PRODUCT_RELATED_PRODUCT_CATEGORY('part',$,(#6437));
#7740 = SHAPE_DEFINITION_REPRESENTATION(#7741,#7747);
#7741 = PRODUCT_DEFINITION_SHAPE('','',#7742);
#7742 = PRODUCT_DEFINITION('design','',#7743,#7746);
#7743 = PRODUCT_DEFINITION_FORMATION('','',#7744);
#7744 = PRODUCT('Open CASCADE STEP translator 7.9 1.4.2',
  'Open CASCADE STEP translator 7.9 1.4.2','',(#7745));
#7745 = PRODUCT_CONTEXT('',#2,'mechanical');
#7746 = PRODUCT_DEFINITION_CONTEXT('part definition',#2,'design');
#7747 = ADVANCED_BREP_SHAPE_REPRESENTATION('',(#11,#7748),#8738);
#7748 = MANIFOLD_SOLID_BREP('',#7749);
#7749 = CLOSED_SHELL('',(#7750,#7870,#7946,#8022,#8108,#8184,#8270,#8346
    ,#8422,#8498,#8580,#8651,#8691,#8723));
#7750 = ADVANCED_FACE('',(#7751),#7765,.F.);
#7751 = FACE_BOUND('',#7752,.F.);
#7752 = EDGE_LOOP('',(#7753,#7788,#7816,#7844));
#7753 = ORIENTED_EDGE('',*,*,#7754,.F.);
#7754 = EDGE_CURVE('',#7755,#7757,#7759,.T.);
#7755 = VERTEX_POINT('',#7756);
#7756 = CARTESIAN_POINT('',(-37.,-227.,320.));
#7757 = VERTEX_POINT('',#7758);
#7758 = CARTESIAN_POINT('',(-37.,-225.9595917942,320.));
#7759 = SURFACE_CURVE('',#7760,(#7764,#7776),.PCURVE_S1.);
#7760 = LINE('',#7761,#7762);
#7761 = CARTESIAN_POINT('',(-37.,-227.,320.));
#7762 = VECTOR('',#7763,1.);
#7763 = DIRECTION('',(0.,1.,0.));
#7764 = PCURVE('',#7765,#7770);
#7765 = PLANE('',#7766);
#7766 = AXIS2_PLACEMENT_3D('',#7767,#7768,#7769);
#7767 = CARTESIAN_POINT('',(-37.,-227.,304.));
#7768 = DIRECTION('',(1.,0.,0.));
#7769 = DIRECTION('',(0.,0.,1.));
#7770 = DEFINITIONAL_REPRESENTATION('',(#7771),#7775);
#7771 = LINE('',#7772,#7773);
#7772 = CARTESIAN_POINT('',(16.,0.));
#7773 = VECTOR('',#7774,1.);
#7774 = DIRECTION('',(0.,-1.));
#7775 = ( GEOMETRIC_REPRESENTATION_CONTEXT(2) 
PARAMETRIC_REPRESENTATION_CONTEXT() REPRESENTATION_CONTEXT('2D SPACE',''
  ) );
#7776 = PCURVE('',#7777,#7782);
#7777 = PLANE('',#7778);
#7778 = AXIS2_PLACEMENT_3D('',#7779,#7780,#7781);
#7779 = CARTESIAN_POINT('',(-37.,-227.,320.));
#7780 = DIRECTION('',(0.,0.,1.));
#7781 = DIRECTION('',(1.,0.,0.));
#7782 = DEFINITIONAL_REPRESENTATION('',(#7783),#7787);
#7783 = LINE('',#7784,#7785);
#7784 = CARTESIAN_POINT('',(0.,0.));
#7785 = VECTOR('',#7786,1.);
#7786 = DIRECTION('',(0.,1.));
#7787 = ( GEOMETRIC_REPRESENTATION_CONTEXT(2) 
PARAMETRIC_REPRESENTATION_CONTEXT() REPRESENTATION_CONTEXT('2D SPACE',''
  ) );
#7788 = ORIENTED_EDGE('',*,*,#7789,.F.);
#7789 = EDGE_CURVE('',#7790,#7755,#7792,.T.);
#7790 = VERTEX_POINT('',#7791);
#7791 = CARTESIAN_POINT('',(-37.,-227.,304.));
#7792 = SURFACE_CURVE('',#7793,(#7797,#7804),.PCURVE_S1.);
#7793 = LINE('',#7794,#7795);
#7794 = CARTESIAN_POINT('',(-37.,-227.,304.));
#7795 = VECTOR('',#7796,1.);
#7796 = DIRECTION('',(0.,0.,1.));
#7797 = PCURVE('',#7765,#7798);
#7798 = DEFINITIONAL_REPRESENTATION('',(#7799),#7803);
#7799 = LINE('',#7800,#7801);
#7800 = CARTESIAN_POINT('',(0.,0.));
#7801 = VECTOR('',#7802,1.);
#7802 = DIRECTION('',(1.,0.));
#7803 = ( GEOMETRIC_REPRESENTATION_CONTEXT(2) 
PARAMETRIC_REPRESENTATION_CONTEXT() REPRESENTATION_CONTEXT('2D SPACE',''
  ) );
#7804 = PCURVE('',#7805,#7810);
#7805 = PLANE('',#7806);
#7806 = AXIS2_PLACEMENT_3D('',#7807,#7808,#7809);
#7807 = CARTESIAN_POINT('',(-37.,-227.,304.));
#7808 = DIRECTION('',(0.,1.,0.));
#7809 = DIRECTION('',(0.,0.,1.));
#7810 = DEFINITIONAL_REPRESENTATION('',(#7811),#7815);
#7811 = LINE('',#7812,#7813);
#7812 = CARTESIAN_POINT('',(0.,0.));
#7813 = VECTOR('',#7814,1.);
#7814 = DIRECTION('',(1.,0.));
#7815 = ( GEOMETRIC_REPRESENTATION_CONTEXT(2) 
PARAMETRIC_REPRESENTATION_CONTEXT() REPRESENTATION_CONTEXT('2D SPACE',''
  ) );
#7816 = ORIENTED_EDGE('',*,*,#7817,.T.);
#7817 = EDGE_CURVE('',#7790,#7818,#7820,.T.);
#7818 = VERTEX_POINT('',#7819);
#7819 = CARTESIAN_POINT('',(-37.,-225.9595917942,304.));
#7820 = SURFACE_CURVE('',#7821,(#7825,#7832),.PCURVE_S1.);
#7821 = LINE('',#7822,#7823);
#7822 = CARTESIAN_POINT('',(-37.,-227.,304.));
#7823 = VECTOR('',#7824,1.);
#7824 = DIRECTION('',(0.,1.,0.));
#7825 = PCURVE('',#7765,#7826);
#7826 = DEFINITIONAL_REPRESENTATION('',(#7827),#7831);
#7827 = LINE('',#7828,#7829);
#7828 = CARTESIAN_POINT('',(0.,0.));
#7829 = VECTOR('',#7830,1.);
#7830 = DIRECTION('',(0.,-1.));
#7831 = ( GEOMETRIC_REPRESENTATION_CONTEXT(2) 
PARAMETRIC_REPRESENTATION_CONTEXT() REPRESENTATION_CONTEXT('2D SPACE',''
  ) );
#7832 = PCURVE('',#7833,#7838);
#7833 = PLANE('',#7834);
#7834 = AXIS2_PLACEMENT_3D('',#7835,#7836,#7837);
#7835 = CARTESIAN_POINT('',(-37.,-227.,304.));
#7836 = DIRECTION('',(0.,0.,1.));
#7837 = DIRECTION('',(1.,0.,0.));
#7838 = DEFINITIONAL_REPRESENTATION('',(#7839),#7843);
#7839 = LINE('',#7840,#7841);
#7840 = CARTESIAN_POINT('',(0.,0.));
#7841 = VECTOR('',#7842,1.);
#7842 = DIRECTION('',(0.,1.));
#7843 = ( GEOMETRIC_REPRESENTATION_CONTEXT(2) 
PARAMETRIC_REPRESENTATION_CONTEXT() REPRESENTATION_CONTEXT('2D SPACE',''
  ) );
#7844 = ORIENTED_EDGE('',*,*,#7845,.F.);
#7845 = EDGE_CURVE('',#7757,#7818,#7846,.T.);
#7846 = SURFACE_CURVE('',#7847,(#7851,#7858),.PCURVE_S1.);
#7847 = LINE('',#7848,#7849);
#7848 = CARTESIAN_POINT('',(-37.,-225.9595917942,212.));
#7849 = VECTOR('',#7850,1.);
#7850 = DIRECTION('',(-0.,-0.,-1.));
#7851 = PCURVE('',#7765,#7852);
#7852 = DEFINITIONAL_REPRESENTATION('',(#7853),#7857);
#7853 = LINE('',#7854,#7855);
#7854 = CARTESIAN_POINT('',(-92.,-1.040408205773));
#7855 = VECTOR('',#7856,1.);
#7856 = DIRECTION('',(-1.,0.));
#7857 = ( GEOMETRIC_REPRESENTATION_CONTEXT(2) 
PARAMETRIC_REPRESENTATION_CONTEXT() REPRESENTATION_CONTEXT('2D SPACE',''
  ) );
#7858 = PCURVE('',#7859,#7864);
#7859 = CYLINDRICAL_SURFACE('',#7860,2.2);
#7860 = AXIS2_PLACEMENT_3D('',#7861,#7862,#7863);
#7861 = CARTESIAN_POINT('',(-38.,-224.,212.));
#7862 = DIRECTION('',(-0.,-0.,-1.));
#7863 = DIRECTION('',(1.,0.,0.));
#7864 = DEFINITIONAL_REPRESENTATION('',(#7865),#7869);
#7865 = LINE('',#7866,#7867);
#7866 = CARTESIAN_POINT('',(-5.184250817664,0.));
#7867 = VECTOR('',#7868,1.);
#7868 = DIRECTION('',(-0.,1.));
#7869 = ( GEOMETRIC_REPRESENTATION_CONTEXT(2) 
PARAMETRIC_REPRESENTATION_CONTEXT() REPRESENTATION_CONTEXT('2D SPACE',''
  ) );
#7870 = ADVANCED_FACE('',(#7871),#7805,.F.);
#7871 = FACE_BOUND('',#7872,.F.);
#7872 = EDGE_LOOP('',(#7873,#7896,#7897,#7920));
#7873 = ORIENTED_EDGE('',*,*,#7874,.F.);
#7874 = EDGE_CURVE('',#7790,#7875,#7877,.T.);
#7875 = VERTEX_POINT('',#7876);
#7876 = CARTESIAN_POINT('',(37.,-227.,304.));
#7877 = SURFACE_CURVE('',#7878,(#7882,#7889),.PCURVE_S1.);
#7878 = LINE('',#7879,#7880);
#7879 = CARTESIAN_POINT('',(-37.,-227.,304.));
#7880 = VECTOR('',#7881,1.);
#7881 = DIRECTION('',(1.,0.,0.));
#7882 = PCURVE('',#7805,#7883);
#7883 = DEFINITIONAL_REPRESENTATION('',(#7884),#7888);
#7884 = LINE('',#7885,#7886);
#7885 = CARTESIAN_POINT('',(0.,0.));
#7886 = VECTOR('',#7887,1.);
#7887 = DIRECTION('',(0.,1.));
#7888 = ( GEOMETRIC_REPRESENTATION_CONTEXT(2) 
PARAMETRIC_REPRESENTATION_CONTEXT() REPRESENTATION_CONTEXT('2D SPACE',''
  ) );
#7889 = PCURVE('',#7833,#7890);
#7890 = DEFINITIONAL_REPRESENTATION('',(#7891),#7895);
#7891 = LINE('',#7892,#7893);
#7892 = CARTESIAN_POINT('',(0.,0.));
#7893 = VECTOR('',#7894,1.);
#7894 = DIRECTION('',(1.,0.));
#7895 = ( GEOMETRIC_REPRESENTATION_CONTEXT(2) 
PARAMETRIC_REPRESENTATION_CONTEXT() REPRESENTATION_CONTEXT('2D SPACE',''
  ) );
#7896 = ORIENTED_EDGE('',*,*,#7789,.T.);
#7897 = ORIENTED_EDGE('',*,*,#7898,.T.);
#7898 = EDGE_CURVE('',#7755,#7899,#7901,.T.);
#7899 = VERTEX_POINT('',#7900);
#7900 = CARTESIAN_POINT('',(37.,-227.,320.));
#7901 = SURFACE_CURVE('',#7902,(#7906,#7913),.PCURVE_S1.);
#7902 = LINE('',#7903,#7904);
#7903 = CARTESIAN_POINT('',(-37.,-227.,320.));
#7904 = VECTOR('',#7905,1.);
#7905 = DIRECTION('',(1.,0.,0.));
#7906 = PCURVE('',#7805,#7907);
#7907 = DEFINITIONAL_REPRESENTATION('',(#7908),#7912);
#7908 = LINE('',#7909,#7910);
#7909 = CARTESIAN_POINT('',(16.,0.));
#7910 = VECTOR('',#7911,1.);
#7911 = DIRECTION('',(0.,1.));
#7912 = ( GEOMETRIC_REPRESENTATION_CONTEXT(2) 
PARAMETRIC_REPRESENTATION_CONTEXT() REPRESENTATION_CONTEXT('2D SPACE',''
  ) );
#7913 = PCURVE('',#7777,#7914);
#7914 = DEFINITIONAL_REPRESENTATION('',(#7915),#7919);
#7915 = LINE('',#7916,#7917);
#7916 = CARTESIAN_POINT('',(0.,0.));
#7917 = VECTOR('',#7918,1.);
#7918 = DIRECTION('',(1.,0.));
#7919 = ( GEOMETRIC_REPRESENTATION_CONTEXT(2) 
PARAMETRIC_REPRESENTATION_CONTEXT() REPRESENTATION_CONTEXT('2D SPACE',''
  ) );
#7920 = ORIENTED_EDGE('',*,*,#7921,.F.);
#7921 = EDGE_CURVE('',#7875,#7899,#7922,.T.);
#7922 = SURFACE_CURVE('',#7923,(#7927,#7934),.PCURVE_S1.);
#7923 = LINE('',#7924,#7925);
#7924 = CARTESIAN_POINT('',(37.,-227.,304.));
#7925 = VECTOR('',#7926,1.);
#7926 = DIRECTION('',(0.,0.,1.));
#7927 = PCURVE('',#7805,#7928);
#7928 = DEFINITIONAL_REPRESENTATION('',(#7929),#7933);
#7929 = LINE('',#7930,#7931);
#7930 = CARTESIAN_POINT('',(0.,74.));
#7931 = VECTOR('',#7932,1.);
#7932 = DIRECTION('',(1.,0.));
#7933 = ( GEOMETRIC_REPRESENTATION_CONTEXT(2) 
PARAMETRIC_REPRESENTATION_CONTEXT() REPRESENTATION_CONTEXT('2D SPACE',''
  ) );
#7934 = PCURVE('',#7935,#7940);
#7935 = PLANE('',#7936);
#7936 = AXIS2_PLACEMENT_3D('',#7937,#7938,#7939);
#7937 = CARTESIAN_POINT('',(37.,-227.,304.));
#7938 = DIRECTION('',(1.,0.,0.));
#7939 = DIRECTION('',(0.,0.,1.));
#7940 = DEFINITIONAL_REPRESENTATION('',(#7941),#7945);
#7941 = LINE('',#7942,#7943);
#7942 = CARTESIAN_POINT('',(0.,0.));
#7943 = VECTOR('',#7944,1.);
#7944 = DIRECTION('',(1.,0.));
#7945 = ( GEOMETRIC_REPRESENTATION_CONTEXT(2) 
PARAMETRIC_REPRESENTATION_CONTEXT() REPRESENTATION_CONTEXT('2D SPACE',''
  ) );
#7946 = ADVANCED_FACE('',(#7947),#7935,.T.);
#7947 = FACE_BOUND('',#7948,.T.);
#7948 = EDGE_LOOP('',(#7949,#7972,#7973,#7996));
#7949 = ORIENTED_EDGE('',*,*,#7950,.F.);
#7950 = EDGE_CURVE('',#7899,#7951,#7953,.T.);
#7951 = VERTEX_POINT('',#7952);
#7952 = CARTESIAN_POINT('',(37.,-225.9595917942,320.));
#7953 = SURFACE_CURVE('',#7954,(#7958,#7965),.PCURVE_S1.);
#7954 = LINE('',#7955,#7956);
#7955 = CARTESIAN_POINT('',(37.,-227.,320.));
#7956 = VECTOR('',#7957,1.);
#7957 = DIRECTION('',(0.,1.,0.));
#7958 = PCURVE('',#7935,#7959);
#7959 = DEFINITIONAL_REPRESENTATION('',(#7960),#7964);
#7960 = LINE('',#7961,#7962);
#7961 = CARTESIAN_POINT('',(16.,0.));
#7962 = VECTOR('',#7963,1.);
#7963 = DIRECTION('',(0.,-1.));
#7964 = ( GEOMETRIC_REPRESENTATION_CONTEXT(2) 
PARAMETRIC_REPRESENTATION_CONTEXT() REPRESENTATION_CONTEXT('2D SPACE',''
  ) );
#7965 = PCURVE('',#7777,#7966);
#7966 = DEFINITIONAL_REPRESENTATION('',(#7967),#7971);
#7967 = LINE('',#7968,#7969);
#7968 = CARTESIAN_POINT('',(74.,0.));
#7969 = VECTOR('',#7970,1.);
#7970 = DIRECTION('',(0.,1.));
#7971 = ( GEOMETRIC_REPRESENTATION_CONTEXT(2) 
PARAMETRIC_REPRESENTATION_CONTEXT() REPRESENTATION_CONTEXT('2D SPACE',''
  ) );
#7972 = ORIENTED_EDGE('',*,*,#7921,.F.);
#7973 = ORIENTED_EDGE('',*,*,#7974,.T.);
#7974 = EDGE_CURVE('',#7875,#7975,#7977,.T.);
#7975 = VERTEX_POINT('',#7976);
#7976 = CARTESIAN_POINT('',(37.,-225.9595917942,304.));
#7977 = SURFACE_CURVE('',#7978,(#7982,#7989),.PCURVE_S1.);
#7978 = LINE('',#7979,#7980);
#7979 = CARTESIAN_POINT('',(37.,-227.,304.));
#7980 = VECTOR('',#7981,1.);
#7981 = DIRECTION('',(0.,1.,0.));
#7982 = PCURVE('',#7935,#7983);
#7983 = DEFINITIONAL_REPRESENTATION('',(#7984),#7988);
#7984 = LINE('',#7985,#7986);
#7985 = CARTESIAN_POINT('',(0.,0.));
#7986 = VECTOR('',#7987,1.);
#7987 = DIRECTION('',(0.,-1.));
#7988 = ( GEOMETRIC_REPRESENTATION_CONTEXT(2) 
PARAMETRIC_REPRESENTATION_CONTEXT() REPRESENTATION_CONTEXT('2D SPACE',''
  ) );
#7989 = PCURVE('',#7833,#7990);
#7990 = DEFINITIONAL_REPRESENTATION('',(#7991),#7995);
#7991 = LINE('',#7992,#7993);
#7992 = CARTESIAN_POINT('',(74.,0.));
#7993 = VECTOR('',#7994,1.);
#7994 = DIRECTION('',(0.,1.));
#7995 = ( GEOMETRIC_REPRESENTATION_CONTEXT(2) 
PARAMETRIC_REPRESENTATION_CONTEXT() REPRESENTATION_CONTEXT('2D SPACE',''
  ) );
#7996 = ORIENTED_EDGE('',*,*,#7997,.F.);
#7997 = EDGE_CURVE('',#7951,#7975,#7998,.T.);
#7998 = SURFACE_CURVE('',#7999,(#8003,#8010),.PCURVE_S1.);
#7999 = LINE('',#8000,#8001);
#8000 = CARTESIAN_POINT('',(37.,-225.9595917942,212.));
#8001 = VECTOR('',#8002,1.);
#8002 = DIRECTION('',(-0.,-0.,-1.));
#8003 = PCURVE('',#7935,#8004);
#8004 = DEFINITIONAL_REPRESENTATION('',(#8005),#8009);
#8005 = LINE('',#8006,#8007);
#8006 = CARTESIAN_POINT('',(-92.,-1.040408205773));
#8007 = VECTOR('',#8008,1.);
#8008 = DIRECTION('',(-1.,0.));
#8009 = ( GEOMETRIC_REPRESENTATION_CONTEXT(2) 
PARAMETRIC_REPRESENTATION_CONTEXT() REPRESENTATION_CONTEXT('2D SPACE',''
  ) );
#8010 = PCURVE('',#8011,#8016);
#8011 = CYLINDRICAL_SURFACE('',#8012,2.2);
#8012 = AXIS2_PLACEMENT_3D('',#8013,#8014,#8015);
#8013 = CARTESIAN_POINT('',(38.,-224.,212.));
#8014 = DIRECTION('',(-0.,-0.,-1.));
#8015 = DIRECTION('',(1.,0.,0.));
#8016 = DEFINITIONAL_REPRESENTATION('',(#8017),#8021);
#8017 = LINE('',#8018,#8019);
#8018 = CARTESIAN_POINT('',(-4.240527143105,0.));
#8019 = VECTOR('',#8020,1.);
#8020 = DIRECTION('',(-0.,1.));
#8021 = ( GEOMETRIC_REPRESENTATION_CONTEXT(2) 
PARAMETRIC_REPRESENTATION_CONTEXT() REPRESENTATION_CONTEXT('2D SPACE',''
  ) );
#8022 = ADVANCED_FACE('',(#8023),#8011,.F.);
#8023 = FACE_BOUND('',#8024,.T.);
#8024 = EDGE_LOOP('',(#8025,#8055,#8081,#8082));
#8025 = ORIENTED_EDGE('',*,*,#8026,.F.);
#8026 = EDGE_CURVE('',#8027,#8029,#8031,.T.);
#8027 = VERTEX_POINT('',#8028);
#8028 = CARTESIAN_POINT('',(37.,-222.0404082057,320.));
#8029 = VERTEX_POINT('',#8030);
#8030 = CARTESIAN_POINT('',(37.,-222.0404082057,304.));
#8031 = SURFACE_CURVE('',#8032,(#8036,#8043),.PCURVE_S1.);
#8032 = LINE('',#8033,#8034);
#8033 = CARTESIAN_POINT('',(37.,-222.0404082057,212.));
#8034 = VECTOR('',#8035,1.);
#8035 = DIRECTION('',(-0.,-0.,-1.));
#8036 = PCURVE('',#8011,#8037);
#8037 = DEFINITIONAL_REPRESENTATION('',(#8038),#8042);
#8038 = LINE('',#8039,#8040);
#8039 = CARTESIAN_POINT('',(-2.042658164075,0.));
#8040 = VECTOR('',#8041,1.);
#8041 = DIRECTION('',(-0.,1.));
#8042 = ( GEOMETRIC_REPRESENTATION_CONTEXT(2) 
PARAMETRIC_REPRESENTATION_CONTEXT() REPRESENTATION_CONTEXT('2D SPACE',''
  ) );
#8043 = PCURVE('',#8044,#8049);
#8044 = PLANE('',#8045);
#8045 = AXIS2_PLACEMENT_3D('',#8046,#8047,#8048);
#8046 = CARTESIAN_POINT('',(37.,-227.,304.));
#8047 = DIRECTION('',(1.,0.,0.));
#8048 = DIRECTION('',(0.,0.,1.));
#8049 = DEFINITIONAL_REPRESENTATION('',(#8050),#8054);
#8050 = LINE('',#8051,#8052);
#8051 = CARTESIAN_POINT('',(-92.,-4.959591794227));
#8052 = VECTOR('',#8053,1.);
#8053 = DIRECTION('',(-1.,0.));
#8054 = ( GEOMETRIC_REPRESENTATION_CONTEXT(2) 
PARAMETRIC_REPRESENTATION_CONTEXT() REPRESENTATION_CONTEXT('2D SPACE',''
  ) );
#8055 = ORIENTED_EDGE('',*,*,#8056,.F.);
#8056 = EDGE_CURVE('',#7951,#8027,#8057,.T.);
#8057 = SURFACE_CURVE('',#8058,(#8063,#8070),.PCURVE_S1.);
#8058 = CIRCLE('',#8059,2.2);
#8059 = AXIS2_PLACEMENT_3D('',#8060,#8061,#8062);
#8060 = CARTESIAN_POINT('',(38.,-224.,320.));
#8061 = DIRECTION('',(0.,0.,-1.));
#8062 = DIRECTION('',(1.,0.,0.));
#8063 = PCURVE('',#8011,#8064);
#8064 = DEFINITIONAL_REPRESENTATION('',(#8065),#8069);
#8065 = LINE('',#8066,#8067);
#8066 = CARTESIAN_POINT('',(-6.28318530718,-108.));
#8067 = VECTOR('',#8068,1.);
#8068 = DIRECTION('',(1.,-0.));
#8069 = ( GEOMETRIC_REPRESENTATION_CONTEXT(2) 
PARAMETRIC_REPRESENTATION_CONTEXT() REPRESENTATION_CONTEXT('2D SPACE',''
  ) );
#8070 = PCURVE('',#7777,#8071);
#8071 = DEFINITIONAL_REPRESENTATION('',(#8072),#8080);
#8072 = ( BOUNDED_CURVE() B_SPLINE_CURVE(2,(#8073,#8074,#8075,#8076,
#8077,#8078,#8079),.UNSPECIFIED.,.T.,.F.) B_SPLINE_CURVE_WITH_KNOTS((1,2
    ,2,2,2,1),(-2.094395102393,0.,2.094395102393,4.188790204786,
6.28318530718,8.377580409573),.UNSPECIFIED.) CURVE() 
GEOMETRIC_REPRESENTATION_ITEM() RATIONAL_B_SPLINE_CURVE((1.,0.5,1.,0.5,
1.,0.5,1.)) REPRESENTATION_ITEM('') );
#8073 = CARTESIAN_POINT('',(77.2,3.));
#8074 = CARTESIAN_POINT('',(77.2,-0.810511776652));
#8075 = CARTESIAN_POINT('',(73.9,1.094744111674));
#8076 = CARTESIAN_POINT('',(70.6,3.));
#8077 = CARTESIAN_POINT('',(73.9,4.905255888326));
#8078 = CARTESIAN_POINT('',(77.2,6.810511776652));
#8079 = CARTESIAN_POINT('',(77.2,3.));
#8080 = ( GEOMETRIC_REPRESENTATION_CONTEXT(2) 
PARAMETRIC_REPRESENTATION_CONTEXT() REPRESENTATION_CONTEXT('2D SPACE',''
  ) );
#8081 = ORIENTED_EDGE('',*,*,#7997,.T.);
#8082 = ORIENTED_EDGE('',*,*,#8083,.T.);
#8083 = EDGE_CURVE('',#7975,#8029,#8084,.T.);
#8084 = SURFACE_CURVE('',#8085,(#8090,#8097),.PCURVE_S1.);
#8085 = CIRCLE('',#8086,2.2);
#8086 = AXIS2_PLACEMENT_3D('',#8087,#8088,#8089);
#8087 = CARTESIAN_POINT('',(38.,-224.,304.));
#8088 = DIRECTION('',(0.,0.,-1.));
#8089 = DIRECTION('',(1.,0.,0.));
#8090 = PCURVE('',#8011,#8091);
#8091 = DEFINITIONAL_REPRESENTATION('',(#8092),#8096);
#8092 = LINE('',#8093,#8094);
#8093 = CARTESIAN_POINT('',(-6.28318530718,-92.));
#8094 = VECTOR('',#8095,1.);
#8095 = DIRECTION('',(1.,-0.));
#8096 = ( GEOMETRIC_REPRESENTATION_CONTEXT(2) 
PARAMETRIC_REPRESENTATION_CONTEXT() REPRESENTATION_CONTEXT('2D SPACE',''
  ) );
#8097 = PCURVE('',#7833,#8098);
#8098 = DEFINITIONAL_REPRESENTATION('',(#8099),#8107);
#8099 = ( BOUNDED_CURVE() B_SPLINE_CURVE(2,(#8100,#8101,#8102,#8103,
#8104,#8105,#8106),.UNSPECIFIED.,.T.,.F.) B_SPLINE_CURVE_WITH_KNOTS((1,2
    ,2,2,2,1),(-2.094395102393,0.,2.094395102393,4.188790204786,
6.28318530718,8.377580409573),.UNSPECIFIED.) CURVE() 
GEOMETRIC_REPRESENTATION_ITEM() RATIONAL_B_SPLINE_CURVE((1.,0.5,1.,0.5,
1.,0.5,1.)) REPRESENTATION_ITEM('') );
#8100 = CARTESIAN_POINT('',(77.2,3.));
#8101 = CARTESIAN_POINT('',(77.2,-0.810511776652));
#8102 = CARTESIAN_POINT('',(73.9,1.094744111674));
#8103 = CARTESIAN_POINT('',(70.6,3.));
#8104 = CARTESIAN_POINT('',(73.9,4.905255888326));
#8105 = CARTESIAN_POINT('',(77.2,6.810511776652));
#8106 = CARTESIAN_POINT('',(77.2,3.));
#8107 = ( GEOMETRIC_REPRESENTATION_CONTEXT(2) 
PARAMETRIC_REPRESENTATION_CONTEXT() REPRESENTATION_CONTEXT('2D SPACE',''
  ) );
#8108 = ADVANCED_FACE('',(#8109),#8044,.T.);
#8109 = FACE_BOUND('',#8110,.T.);
#8110 = EDGE_LOOP('',(#8111,#8134,#8135,#8158));
#8111 = ORIENTED_EDGE('',*,*,#8112,.F.);
#8112 = EDGE_CURVE('',#8027,#8113,#8115,.T.);
#8113 = VERTEX_POINT('',#8114);
#8114 = CARTESIAN_POINT('',(37.,-177.9595917942,320.));
#8115 = SURFACE_CURVE('',#8116,(#8120,#8127),.PCURVE_S1.);
#8116 = LINE('',#8117,#8118);
#8117 = CARTESIAN_POINT('',(37.,-227.,320.));
#8118 = VECTOR('',#8119,1.);
#8119 = DIRECTION('',(0.,1.,0.));
#8120 = PCURVE('',#8044,#8121);
#8121 = DEFINITIONAL_REPRESENTATION('',(#8122),#8126);
#8122 = LINE('',#8123,#8124);
#8123 = CARTESIAN_POINT('',(16.,0.));
#8124 = VECTOR('',#8125,1.);
#8125 = DIRECTION('',(0.,-1.));
#8126 = ( GEOMETRIC_REPRESENTATION_CONTEXT(2) 
PARAMETRIC_REPRESENTATION_CONTEXT() REPRESENTATION_CONTEXT('2D SPACE',''
  ) );
#8127 = PCURVE('',#7777,#8128);
#8128 = DEFINITIONAL_REPRESENTATION('',(#8129),#8133);
#8129 = LINE('',#8130,#8131);
#8130 = CARTESIAN_POINT('',(74.,0.));
#8131 = VECTOR('',#8132,1.);
#8132 = DIRECTION('',(0.,1.));
#8133 = ( GEOMETRIC_REPRESENTATION_CONTEXT(2) 
PARAMETRIC_REPRESENTATION_CONTEXT() REPRESENTATION_CONTEXT('2D SPACE',''
  ) );
#8134 = ORIENTED_EDGE('',*,*,#8026,.T.);
#8135 = ORIENTED_EDGE('',*,*,#8136,.T.);
#8136 = EDGE_CURVE('',#8029,#8137,#8139,.T.);
#8137 = VERTEX_POINT('',#8138);
#8138 = CARTESIAN_POINT('',(37.,-177.9595917942,304.));
#8139 = SURFACE_CURVE('',#8140,(#8144,#8151),.PCURVE_S1.);
#8140 = LINE('',#8141,#8142);
#8141 = CARTESIAN_POINT('',(37.,-227.,304.));
#8142 = VECTOR('',#8143,1.);
#8143 = DIRECTION('',(0.,1.,0.));
#8144 = PCURVE('',#8044,#8145);
#8145 = DEFINITIONAL_REPRESENTATION('',(#8146),#8150);
#8146 = LINE('',#8147,#8148);
#8147 = CARTESIAN_POINT('',(0.,0.));
#8148 = VECTOR('',#8149,1.);
#8149 = DIRECTION('',(0.,-1.));
#8150 = ( GEOMETRIC_REPRESENTATION_CONTEXT(2) 
PARAMETRIC_REPRESENTATION_CONTEXT() REPRESENTATION_CONTEXT('2D SPACE',''
  ) );
#8151 = PCURVE('',#7833,#8152);
#8152 = DEFINITIONAL_REPRESENTATION('',(#8153),#8157);
#8153 = LINE('',#8154,#8155);
#8154 = CARTESIAN_POINT('',(74.,0.));
#8155 = VECTOR('',#8156,1.);
#8156 = DIRECTION('',(0.,1.));
#8157 = ( GEOMETRIC_REPRESENTATION_CONTEXT(2) 
PARAMETRIC_REPRESENTATION_CONTEXT() REPRESENTATION_CONTEXT('2D SPACE',''
  ) );
#8158 = ORIENTED_EDGE('',*,*,#8159,.F.);
#8159 = EDGE_CURVE('',#8113,#8137,#8160,.T.);
#8160 = SURFACE_CURVE('',#8161,(#8165,#8172),.PCURVE_S1.);
#8161 = LINE('',#8162,#8163);
#8162 = CARTESIAN_POINT('',(37.,-177.9595917942,212.));
#8163 = VECTOR('',#8164,1.);
#8164 = DIRECTION('',(-0.,-0.,-1.));
#8165 = PCURVE('',#8044,#8166);
#8166 = DEFINITIONAL_REPRESENTATION('',(#8167),#8171);
#8167 = LINE('',#8168,#8169);
#8168 = CARTESIAN_POINT('',(-92.,-49.04040820577));
#8169 = VECTOR('',#8170,1.);
#8170 = DIRECTION('',(-1.,0.));
#8171 = ( GEOMETRIC_REPRESENTATION_CONTEXT(2) 
PARAMETRIC_REPRESENTATION_CONTEXT() REPRESENTATION_CONTEXT('2D SPACE',''
  ) );
#8172 = PCURVE('',#8173,#8178);
#8173 = CYLINDRICAL_SURFACE('',#8174,2.2);
#8174 = AXIS2_PLACEMENT_3D('',#8175,#8176,#8177);
#8175 = CARTESIAN_POINT('',(38.,-176.,212.));
#8176 = DIRECTION('',(-0.,-0.,-1.));
#8177 = DIRECTION('',(1.,0.,0.));
#8178 = DEFINITIONAL_REPRESENTATION('',(#8179),#8183);
#8179 = LINE('',#8180,#8181);
#8180 = CARTESIAN_POINT('',(-4.240527143105,0.));
#8181 = VECTOR('',#8182,1.);
#8182 = DIRECTION('',(-0.,1.));
#8183 = ( GEOMETRIC_REPRESENTATION_CONTEXT(2) 
PARAMETRIC_REPRESENTATION_CONTEXT() REPRESENTATION_CONTEXT('2D SPACE',''
  ) );
#8184 = ADVANCED_FACE('',(#8185),#8173,.F.);
#8185 = FACE_BOUND('',#8186,.T.);
#8186 = EDGE_LOOP('',(#8187,#8217,#8243,#8244));
#8187 = ORIENTED_EDGE('',*,*,#8188,.F.);
#8188 = EDGE_CURVE('',#8189,#8191,#8193,.T.);
#8189 = VERTEX_POINT('',#8190);
#8190 = CARTESIAN_POINT('',(37.,-174.0404082057,320.));
#8191 = VERTEX_POINT('',#8192);
#8192 = CARTESIAN_POINT('',(37.,-174.0404082057,304.));
#8193 = SURFACE_CURVE('',#8194,(#8198,#8205),.PCURVE_S1.);
#8194 = LINE('',#8195,#8196);
#8195 = CARTESIAN_POINT('',(37.,-174.0404082057,212.));
#8196 = VECTOR('',#8197,1.);
#8197 = DIRECTION('',(-0.,-0.,-1.));
#8198 = PCURVE('',#8173,#8199);
#8199 = DEFINITIONAL_REPRESENTATION('',(#8200),#8204);
#8200 = LINE('',#8201,#8202);
#8201 = CARTESIAN_POINT('',(-2.042658164075,0.));
#8202 = VECTOR('',#8203,1.);
#8203 = DIRECTION('',(-0.,1.));
#8204 = ( GEOMETRIC_REPRESENTATION_CONTEXT(2) 
PARAMETRIC_REPRESENTATION_CONTEXT() REPRESENTATION_CONTEXT('2D SPACE',''
  ) );
#8205 = PCURVE('',#8206,#8211);
#8206 = PLANE('',#8207);
#8207 = AXIS2_PLACEMENT_3D('',#8208,#8209,#8210);
#8208 = CARTESIAN_POINT('',(37.,-227.,304.));
#8209 = DIRECTION('',(1.,0.,0.));
#8210 = DIRECTION('',(0.,0.,1.));
#8211 = DEFINITIONAL_REPRESENTATION('',(#8212),#8216);
#8212 = LINE('',#8213,#8214);
#8213 = CARTESIAN_POINT('',(-92.,-52.95959179422));
#8214 = VECTOR('',#8215,1.);
#8215 = DIRECTION('',(-1.,0.));
#8216 = ( GEOMETRIC_REPRESENTATION_CONTEXT(2) 
PARAMETRIC_REPRESENTATION_CONTEXT() REPRESENTATION_CONTEXT('2D SPACE',''
  ) );
#8217 = ORIENTED_EDGE('',*,*,#8218,.F.);
#8218 = EDGE_CURVE('',#8113,#8189,#8219,.T.);
#8219 = SURFACE_CURVE('',#8220,(#8225,#8232),.PCURVE_S1.);
#8220 = CIRCLE('',#8221,2.2);
#8221 = AXIS2_PLACEMENT_3D('',#8222,#8223,#8224);
#8222 = CARTESIAN_POINT('',(38.,-176.,320.));
#8223 = DIRECTION('',(0.,0.,-1.));
#8224 = DIRECTION('',(1.,0.,0.));
#8225 = PCURVE('',#8173,#8226);
#8226 = DEFINITIONAL_REPRESENTATION('',(#8227),#8231);
#8227 = LINE('',#8228,#8229);
#8228 = CARTESIAN_POINT('',(-6.28318530718,-108.));
#8229 = VECTOR('',#8230,1.);
#8230 = DIRECTION('',(1.,-0.));
#8231 = ( GEOMETRIC_REPRESENTATION_CONTEXT(2) 
PARAMETRIC_REPRESENTATION_CONTEXT() REPRESENTATION_CONTEXT('2D SPACE',''
  ) );
#8232 = PCURVE('',#7777,#8233);
#8233 = DEFINITIONAL_REPRESENTATION('',(#8234),#8242);
#8234 = ( BOUNDED_CURVE() B_SPLINE_CURVE(2,(#8235,#8236,#8237,#8238,
#8239,#8240,#8241),.UNSPECIFIED.,.T.,.F.) B_SPLINE_CURVE_WITH_KNOTS((1,2
    ,2,2,2,1),(-2.094395102393,0.,2.094395102393,4.188790204786,
6.28318530718,8.377580409573),.UNSPECIFIED.) CURVE() 
GEOMETRIC_REPRESENTATION_ITEM() RATIONAL_B_SPLINE_CURVE((1.,0.5,1.,0.5,
1.,0.5,1.)) REPRESENTATION_ITEM('') );
#8235 = CARTESIAN_POINT('',(77.2,51.));
#8236 = CARTESIAN_POINT('',(77.2,47.189488223348));
#8237 = CARTESIAN_POINT('',(73.9,49.094744111674));
#8238 = CARTESIAN_POINT('',(70.6,51.));
#8239 = CARTESIAN_POINT('',(73.9,52.905255888326));
#8240 = CARTESIAN_POINT('',(77.2,54.810511776652));
#8241 = CARTESIAN_POINT('',(77.2,51.));
#8242 = ( GEOMETRIC_REPRESENTATION_CONTEXT(2) 
PARAMETRIC_REPRESENTATION_CONTEXT() REPRESENTATION_CONTEXT('2D SPACE',''
  ) );
#8243 = ORIENTED_EDGE('',*,*,#8159,.T.);
#8244 = ORIENTED_EDGE('',*,*,#8245,.T.);
#8245 = EDGE_CURVE('',#8137,#8191,#8246,.T.);
#8246 = SURFACE_CURVE('',#8247,(#8252,#8259),.PCURVE_S1.);
#8247 = CIRCLE('',#8248,2.2);
#8248 = AXIS2_PLACEMENT_3D('',#8249,#8250,#8251);
#8249 = CARTESIAN_POINT('',(38.,-176.,304.));
#8250 = DIRECTION('',(0.,0.,-1.));
#8251 = DIRECTION('',(1.,0.,0.));
#8252 = PCURVE('',#8173,#8253);
#8253 = DEFINITIONAL_REPRESENTATION('',(#8254),#8258);
#8254 = LINE('',#8255,#8256);
#8255 = CARTESIAN_POINT('',(-6.28318530718,-92.));
#8256 = VECTOR('',#8257,1.);
#8257 = DIRECTION('',(1.,-0.));
#8258 = ( GEOMETRIC_REPRESENTATION_CONTEXT(2) 
PARAMETRIC_REPRESENTATION_CONTEXT() REPRESENTATION_CONTEXT('2D SPACE',''
  ) );
#8259 = PCURVE('',#7833,#8260);
#8260 = DEFINITIONAL_REPRESENTATION('',(#8261),#8269);
#8261 = ( BOUNDED_CURVE() B_SPLINE_CURVE(2,(#8262,#8263,#8264,#8265,
#8266,#8267,#8268),.UNSPECIFIED.,.T.,.F.) B_SPLINE_CURVE_WITH_KNOTS((1,2
    ,2,2,2,1),(-2.094395102393,0.,2.094395102393,4.188790204786,
6.28318530718,8.377580409573),.UNSPECIFIED.) CURVE() 
GEOMETRIC_REPRESENTATION_ITEM() RATIONAL_B_SPLINE_CURVE((1.,0.5,1.,0.5,
1.,0.5,1.)) REPRESENTATION_ITEM('') );
#8262 = CARTESIAN_POINT('',(77.2,51.));
#8263 = CARTESIAN_POINT('',(77.2,47.189488223348));
#8264 = CARTESIAN_POINT('',(73.9,49.094744111674));
#8265 = CARTESIAN_POINT('',(70.6,51.));
#8266 = CARTESIAN_POINT('',(73.9,52.905255888326));
#8267 = CARTESIAN_POINT('',(77.2,54.810511776652));
#8268 = CARTESIAN_POINT('',(77.2,51.));
#8269 = ( GEOMETRIC_REPRESENTATION_CONTEXT(2) 
PARAMETRIC_REPRESENTATION_CONTEXT() REPRESENTATION_CONTEXT('2D SPACE',''
  ) );
#8270 = ADVANCED_FACE('',(#8271),#8206,.T.);
#8271 = FACE_BOUND('',#8272,.T.);
#8272 = EDGE_LOOP('',(#8273,#8296,#8297,#8320));
#8273 = ORIENTED_EDGE('',*,*,#8274,.F.);
#8274 = EDGE_CURVE('',#8189,#8275,#8277,.T.);
#8275 = VERTEX_POINT('',#8276);
#8276 = CARTESIAN_POINT('',(37.,-173.,320.));
#8277 = SURFACE_CURVE('',#8278,(#8282,#8289),.PCURVE_S1.);
#8278 = LINE('',#8279,#8280);
#8279 = CARTESIAN_POINT('',(37.,-227.,320.));
#8280 = VECTOR('',#8281,1.);
#8281 = DIRECTION('',(0.,1.,0.));
#8282 = PCURVE('',#8206,#8283);
#8283 = DEFINITIONAL_REPRESENTATION('',(#8284),#8288);
#8284 = LINE('',#8285,#8286);
#8285 = CARTESIAN_POINT('',(16.,0.));
#8286 = VECTOR('',#8287,1.);
#8287 = DIRECTION('',(0.,-1.));
#8288 = ( GEOMETRIC_REPRESENTATION_CONTEXT(2) 
PARAMETRIC_REPRESENTATION_CONTEXT() REPRESENTATION_CONTEXT('2D SPACE',''
  ) );
#8289 = PCURVE('',#7777,#8290);
#8290 = DEFINITIONAL_REPRESENTATION('',(#8291),#8295);
#8291 = LINE('',#8292,#8293);
#8292 = CARTESIAN_POINT('',(74.,0.));
#8293 = VECTOR('',#8294,1.);
#8294 = DIRECTION('',(0.,1.));
#8295 = ( GEOMETRIC_REPRESENTATION_CONTEXT(2) 
PARAMETRIC_REPRESENTATION_CONTEXT() REPRESENTATION_CONTEXT('2D SPACE',''
  ) );
#8296 = ORIENTED_EDGE('',*,*,#8188,.T.);
#8297 = ORIENTED_EDGE('',*,*,#8298,.T.);
#8298 = EDGE_CURVE('',#8191,#8299,#8301,.T.);
#8299 = VERTEX_POINT('',#8300);
#8300 = CARTESIAN_POINT('',(37.,-173.,304.));
#8301 = SURFACE_CURVE('',#8302,(#8306,#8313),.PCURVE_S1.);
#8302 = LINE('',#8303,#8304);
#8303 = CARTESIAN_POINT('',(37.,-227.,304.));
#8304 = VECTOR('',#8305,1.);
#8305 = DIRECTION('',(0.,1.,0.));
#8306 = PCURVE('',#8206,#8307);
#8307 = DEFINITIONAL_REPRESENTATION('',(#8308),#8312);
#8308 = LINE('',#8309,#8310);
#8309 = CARTESIAN_POINT('',(0.,0.));
#8310 = VECTOR('',#8311,1.);
#8311 = DIRECTION('',(0.,-1.));
#8312 = ( GEOMETRIC_REPRESENTATION_CONTEXT(2) 
PARAMETRIC_REPRESENTATION_CONTEXT() REPRESENTATION_CONTEXT('2D SPACE',''
  ) );
#8313 = PCURVE('',#7833,#8314);
#8314 = DEFINITIONAL_REPRESENTATION('',(#8315),#8319);
#8315 = LINE('',#8316,#8317);
#8316 = CARTESIAN_POINT('',(74.,0.));
#8317 = VECTOR('',#8318,1.);
#8318 = DIRECTION('',(0.,1.));
#8319 = ( GEOMETRIC_REPRESENTATION_CONTEXT(2) 
PARAMETRIC_REPRESENTATION_CONTEXT() REPRESENTATION_CONTEXT('2D SPACE',''
  ) );
#8320 = ORIENTED_EDGE('',*,*,#8321,.T.);
#8321 = EDGE_CURVE('',#8299,#8275,#8322,.T.);
#8322 = SURFACE_CURVE('',#8323,(#8327,#8334),.PCURVE_S1.);
#8323 = LINE('',#8324,#8325);
#8324 = CARTESIAN_POINT('',(37.,-173.,304.));
#8325 = VECTOR('',#8326,1.);
#8326 = DIRECTION('',(0.,0.,1.));
#8327 = PCURVE('',#8206,#8328);
#8328 = DEFINITIONAL_REPRESENTATION('',(#8329),#8333);
#8329 = LINE('',#8330,#8331);
#8330 = CARTESIAN_POINT('',(0.,-54.));
#8331 = VECTOR('',#8332,1.);
#8332 = DIRECTION('',(1.,0.));
#8333 = ( GEOMETRIC_REPRESENTATION_CONTEXT(2) 
PARAMETRIC_REPRESENTATION_CONTEXT() REPRESENTATION_CONTEXT('2D SPACE',''
  ) );
#8334 = PCURVE('',#8335,#8340);
#8335 = PLANE('',#8336);
#8336 = AXIS2_PLACEMENT_3D('',#8337,#8338,#8339);
#8337 = CARTESIAN_POINT('',(-37.,-173.,304.));
#8338 = DIRECTION('',(0.,1.,0.));
#8339 = DIRECTION('',(0.,0.,1.));
#8340 = DEFINITIONAL_REPRESENTATION('',(#8341),#8345);
#8341 = LINE('',#8342,#8343);
#8342 = CARTESIAN_POINT('',(0.,74.));
#8343 = VECTOR('',#8344,1.);
#8344 = DIRECTION('',(1.,0.));
#8345 = ( GEOMETRIC_REPRESENTATION_CONTEXT(2) 
PARAMETRIC_REPRESENTATION_CONTEXT() REPRESENTATION_CONTEXT('2D SPACE',''
  ) );
#8346 = ADVANCED_FACE('',(#8347),#8335,.T.);
#8347 = FACE_BOUND('',#8348,.T.);
#8348 = EDGE_LOOP('',(#8349,#8372,#8400,#8421));
#8349 = ORIENTED_EDGE('',*,*,#8350,.F.);
#8350 = EDGE_CURVE('',#8351,#8299,#8353,.T.);
#8351 = VERTEX_POINT('',#8352);
#8352 = CARTESIAN_POINT('',(-37.,-173.,304.));
#8353 = SURFACE_CURVE('',#8354,(#8358,#8365),.PCURVE_S1.);
#8354 = LINE('',#8355,#8356);
#8355 = CARTESIAN_POINT('',(-37.,-173.,304.));
#8356 = VECTOR('',#8357,1.);
#8357 = DIRECTION('',(1.,0.,0.));
#8358 = PCURVE('',#8335,#8359);
#8359 = DEFINITIONAL_REPRESENTATION('',(#8360),#8364);
#8360 = LINE('',#8361,#8362);
#8361 = CARTESIAN_POINT('',(0.,0.));
#8362 = VECTOR('',#8363,1.);
#8363 = DIRECTION('',(0.,1.));
#8364 = ( GEOMETRIC_REPRESENTATION_CONTEXT(2) 
PARAMETRIC_REPRESENTATION_CONTEXT() REPRESENTATION_CONTEXT('2D SPACE',''
  ) );
#8365 = PCURVE('',#7833,#8366);
#8366 = DEFINITIONAL_REPRESENTATION('',(#8367),#8371);
#8367 = LINE('',#8368,#8369);
#8368 = CARTESIAN_POINT('',(0.,54.));
#8369 = VECTOR('',#8370,1.);
#8370 = DIRECTION('',(1.,0.));
#8371 = ( GEOMETRIC_REPRESENTATION_CONTEXT(2) 
PARAMETRIC_REPRESENTATION_CONTEXT() REPRESENTATION_CONTEXT('2D SPACE',''
  ) );
#8372 = ORIENTED_EDGE('',*,*,#8373,.T.);
#8373 = EDGE_CURVE('',#8351,#8374,#8376,.T.);
#8374 = VERTEX_POINT('',#8375);
#8375 = CARTESIAN_POINT('',(-37.,-173.,320.));
#8376 = SURFACE_CURVE('',#8377,(#8381,#8388),.PCURVE_S1.);
#8377 = LINE('',#8378,#8379);
#8378 = CARTESIAN_POINT('',(-37.,-173.,304.));
#8379 = VECTOR('',#8380,1.);
#8380 = DIRECTION('',(0.,0.,1.));
#8381 = PCURVE('',#8335,#8382);
#8382 = DEFINITIONAL_REPRESENTATION('',(#8383),#8387);
#8383 = LINE('',#8384,#8385);
#8384 = CARTESIAN_POINT('',(0.,0.));
#8385 = VECTOR('',#8386,1.);
#8386 = DIRECTION('',(1.,0.));
#8387 = ( GEOMETRIC_REPRESENTATION_CONTEXT(2) 
PARAMETRIC_REPRESENTATION_CONTEXT() REPRESENTATION_CONTEXT('2D SPACE',''
  ) );
#8388 = PCURVE('',#8389,#8394);
#8389 = PLANE('',#8390);
#8390 = AXIS2_PLACEMENT_3D('',#8391,#8392,#8393);
#8391 = CARTESIAN_POINT('',(-37.,-227.,304.));
#8392 = DIRECTION('',(1.,0.,0.));
#8393 = DIRECTION('',(0.,0.,1.));
#8394 = DEFINITIONAL_REPRESENTATION('',(#8395),#8399);
#8395 = LINE('',#8396,#8397);
#8396 = CARTESIAN_POINT('',(0.,-54.));
#8397 = VECTOR('',#8398,1.);
#8398 = DIRECTION('',(1.,0.));
#8399 = ( GEOMETRIC_REPRESENTATION_CONTEXT(2) 
PARAMETRIC_REPRESENTATION_CONTEXT() REPRESENTATION_CONTEXT('2D SPACE',''
  ) );
#8400 = ORIENTED_EDGE('',*,*,#8401,.T.);
#8401 = EDGE_CURVE('',#8374,#8275,#8402,.T.);
#8402 = SURFACE_CURVE('',#8403,(#8407,#8414),.PCURVE_S1.);
#8403 = LINE('',#8404,#8405);
#8404 = CARTESIAN_POINT('',(-37.,-173.,320.));
#8405 = VECTOR('',#8406,1.);
#8406 = DIRECTION('',(1.,0.,0.));
#8407 = PCURVE('',#8335,#8408);
#8408 = DEFINITIONAL_REPRESENTATION('',(#8409),#8413);
#8409 = LINE('',#8410,#8411);
#8410 = CARTESIAN_POINT('',(16.,0.));
#8411 = VECTOR('',#8412,1.);
#8412 = DIRECTION('',(0.,1.));
#8413 = ( GEOMETRIC_REPRESENTATION_CONTEXT(2) 
PARAMETRIC_REPRESENTATION_CONTEXT() REPRESENTATION_CONTEXT('2D SPACE',''
  ) );
#8414 = PCURVE('',#7777,#8415);
#8415 = DEFINITIONAL_REPRESENTATION('',(#8416),#8420);
#8416 = LINE('',#8417,#8418);
#8417 = CARTESIAN_POINT('',(0.,54.));
#8418 = VECTOR('',#8419,1.);
#8419 = DIRECTION('',(1.,0.));
#8420 = ( GEOMETRIC_REPRESENTATION_CONTEXT(2) 
PARAMETRIC_REPRESENTATION_CONTEXT() REPRESENTATION_CONTEXT('2D SPACE',''
  ) );
#8421 = ORIENTED_EDGE('',*,*,#8321,.F.);
#8422 = ADVANCED_FACE('',(#8423),#8389,.F.);
#8423 = FACE_BOUND('',#8424,.F.);
#8424 = EDGE_LOOP('',(#8425,#8448,#8476,#8497));
#8425 = ORIENTED_EDGE('',*,*,#8426,.F.);
#8426 = EDGE_CURVE('',#8427,#8374,#8429,.T.);
#8427 = VERTEX_POINT('',#8428);
#8428 = CARTESIAN_POINT('',(-37.,-174.0404082057,320.));
#8429 = SURFACE_CURVE('',#8430,(#8434,#8441),.PCURVE_S1.);
#8430 = LINE('',#8431,#8432);
#8431 = CARTESIAN_POINT('',(-37.,-227.,320.));
#8432 = VECTOR('',#8433,1.);
#8433 = DIRECTION('',(0.,1.,0.));
#8434 = PCURVE('',#8389,#8435);
#8435 = DEFINITIONAL_REPRESENTATION('',(#8436),#8440);
#8436 = LINE('',#8437,#8438);
#8437 = CARTESIAN_POINT('',(16.,0.));
#8438 = VECTOR('',#8439,1.);
#8439 = DIRECTION('',(0.,-1.));
#8440 = ( GEOMETRIC_REPRESENTATION_CONTEXT(2) 
PARAMETRIC_REPRESENTATION_CONTEXT() REPRESENTATION_CONTEXT('2D SPACE',''
  ) );
#8441 = PCURVE('',#7777,#8442);
#8442 = DEFINITIONAL_REPRESENTATION('',(#8443),#8447);
#8443 = LINE('',#8444,#8445);
#8444 = CARTESIAN_POINT('',(0.,0.));
#8445 = VECTOR('',#8446,1.);
#8446 = DIRECTION('',(0.,1.));
#8447 = ( GEOMETRIC_REPRESENTATION_CONTEXT(2) 
PARAMETRIC_REPRESENTATION_CONTEXT() REPRESENTATION_CONTEXT('2D SPACE',''
  ) );
#8448 = ORIENTED_EDGE('',*,*,#8449,.T.);
#8449 = EDGE_CURVE('',#8427,#8450,#8452,.T.);
#8450 = VERTEX_POINT('',#8451);
#8451 = CARTESIAN_POINT('',(-37.,-174.0404082057,304.));
#8452 = SURFACE_CURVE('',#8453,(#8457,#8464),.PCURVE_S1.);
#8453 = LINE('',#8454,#8455);
#8454 = CARTESIAN_POINT('',(-37.,-174.0404082057,212.));
#8455 = VECTOR('',#8456,1.);
#8456 = DIRECTION('',(-0.,-0.,-1.));
#8457 = PCURVE('',#8389,#8458);
#8458 = DEFINITIONAL_REPRESENTATION('',(#8459),#8463);
#8459 = LINE('',#8460,#8461);
#8460 = CARTESIAN_POINT('',(-92.,-52.95959179422));
#8461 = VECTOR('',#8462,1.);
#8462 = DIRECTION('',(-1.,0.));
#8463 = ( GEOMETRIC_REPRESENTATION_CONTEXT(2) 
PARAMETRIC_REPRESENTATION_CONTEXT() REPRESENTATION_CONTEXT('2D SPACE',''
  ) );
#8464 = PCURVE('',#8465,#8470);
#8465 = CYLINDRICAL_SURFACE('',#8466,2.2);
#8466 = AXIS2_PLACEMENT_3D('',#8467,#8468,#8469);
#8467 = CARTESIAN_POINT('',(-38.,-176.,212.));
#8468 = DIRECTION('',(-0.,-0.,-1.));
#8469 = DIRECTION('',(1.,0.,0.));
#8470 = DEFINITIONAL_REPRESENTATION('',(#8471),#8475);
#8471 = LINE('',#8472,#8473);
#8472 = CARTESIAN_POINT('',(-7.382119796695,0.));
#8473 = VECTOR('',#8474,1.);
#8474 = DIRECTION('',(-0.,1.));
#8475 = ( GEOMETRIC_REPRESENTATION_CONTEXT(2) 
PARAMETRIC_REPRESENTATION_CONTEXT() REPRESENTATION_CONTEXT('2D SPACE',''
  ) );
#8476 = ORIENTED_EDGE('',*,*,#8477,.T.);
#8477 = EDGE_CURVE('',#8450,#8351,#8478,.T.);
#8478 = SURFACE_CURVE('',#8479,(#8483,#8490),.PCURVE_S1.);
#8479 = LINE('',#8480,#8481);
#8480 = CARTESIAN_POINT('',(-37.,-227.,304.));
#8481 = VECTOR('',#8482,1.);
#8482 = DIRECTION('',(0.,1.,0.));
#8483 = PCURVE('',#8389,#8484);
#8484 = DEFINITIONAL_REPRESENTATION('',(#8485),#8489);
#8485 = LINE('',#8486,#8487);
#8486 = CARTESIAN_POINT('',(0.,0.));
#8487 = VECTOR('',#8488,1.);
#8488 = DIRECTION('',(0.,-1.));
#8489 = ( GEOMETRIC_REPRESENTATION_CONTEXT(2) 
PARAMETRIC_REPRESENTATION_CONTEXT() REPRESENTATION_CONTEXT('2D SPACE',''
  ) );
#8490 = PCURVE('',#7833,#8491);
#8491 = DEFINITIONAL_REPRESENTATION('',(#8492),#8496);
#8492 = LINE('',#8493,#8494);
#8493 = CARTESIAN_POINT('',(0.,0.));
#8494 = VECTOR('',#8495,1.);
#8495 = DIRECTION('',(0.,1.));
#8496 = ( GEOMETRIC_REPRESENTATION_CONTEXT(2) 
PARAMETRIC_REPRESENTATION_CONTEXT() REPRESENTATION_CONTEXT('2D SPACE',''
  ) );
#8497 = ORIENTED_EDGE('',*,*,#8373,.T.);
#8498 = ADVANCED_FACE('',(#8499),#8465,.F.);
#8499 = FACE_BOUND('',#8500,.T.);
#8500 = EDGE_LOOP('',(#8501,#8529,#8530,#8554));
#8501 = ORIENTED_EDGE('',*,*,#8502,.F.);
#8502 = EDGE_CURVE('',#8427,#8503,#8505,.T.);
#8503 = VERTEX_POINT('',#8504);
#8504 = CARTESIAN_POINT('',(-37.,-177.9595917942,320.));
#8505 = SURFACE_CURVE('',#8506,(#8511,#8518),.PCURVE_S1.);
#8506 = CIRCLE('',#8507,2.2);
#8507 = AXIS2_PLACEMENT_3D('',#8508,#8509,#8510);
#8508 = CARTESIAN_POINT('',(-38.,-176.,320.));
#8509 = DIRECTION('',(0.,0.,-1.));
#8510 = DIRECTION('',(0.454545454546,0.89072354283,0.));
#8511 = PCURVE('',#8465,#8512);
#8512 = DEFINITIONAL_REPRESENTATION('',(#8513),#8517);
#8513 = LINE('',#8514,#8515);
#8514 = CARTESIAN_POINT('',(-7.382119796695,-108.));
#8515 = VECTOR('',#8516,1.);
#8516 = DIRECTION('',(1.,-0.));
#8517 = ( GEOMETRIC_REPRESENTATION_CONTEXT(2) 
PARAMETRIC_REPRESENTATION_CONTEXT() REPRESENTATION_CONTEXT('2D SPACE',''
  ) );
#8518 = PCURVE('',#7777,#8519);
#8519 = DEFINITIONAL_REPRESENTATION('',(#8520),#8528);
#8520 = ( BOUNDED_CURVE() B_SPLINE_CURVE(2,(#8521,#8522,#8523,#8524,
#8525,#8526,#8527),.UNSPECIFIED.,.T.,.F.) B_SPLINE_CURVE_WITH_KNOTS((1,2
    ,2,2,2,1),(-2.094395102393,0.,2.094395102393,4.188790204786,
6.28318530718,8.377580409573),.UNSPECIFIED.) CURVE() 
GEOMETRIC_REPRESENTATION_ITEM() RATIONAL_B_SPLINE_CURVE((1.,0.5,1.,0.5,
1.,0.5,1.)) REPRESENTATION_ITEM('') );
#8521 = CARTESIAN_POINT('',(3.623767952377E-13,52.959591794226));
#8522 = CARTESIAN_POINT('',(3.394112549695,51.227540986657));
#8523 = CARTESIAN_POINT('',(0.197056274847,49.154178699102));
#8524 = CARTESIAN_POINT('',(-3.000000000001,47.080816411547));
#8525 = CARTESIAN_POINT('',(-3.197056274848,50.886229506672));
#8526 = CARTESIAN_POINT('',(-3.394112549695,54.691642601796));
#8527 = CARTESIAN_POINT('',(3.623767952377E-13,52.959591794226));
#8528 = ( GEOMETRIC_REPRESENTATION_CONTEXT(2) 
PARAMETRIC_REPRESENTATION_CONTEXT() REPRESENTATION_CONTEXT('2D SPACE',''
  ) );
#8529 = ORIENTED_EDGE('',*,*,#8449,.T.);
#8530 = ORIENTED_EDGE('',*,*,#8531,.F.);
#8531 = EDGE_CURVE('',#8532,#8450,#8534,.T.);
#8532 = VERTEX_POINT('',#8533);
#8533 = CARTESIAN_POINT('',(-37.,-177.9595917942,304.));
#8534 = SURFACE_CURVE('',#8535,(#8540,#8547),.PCURVE_S1.);
#8535 = CIRCLE('',#8536,2.2);
#8536 = AXIS2_PLACEMENT_3D('',#8537,#8538,#8539);
#8537 = CARTESIAN_POINT('',(-38.,-176.,304.));
#8538 = DIRECTION('',(-0.,0.,1.));
#8539 = DIRECTION('',(0.454545454546,-0.89072354283,0.));
#8540 = PCURVE('',#8465,#8541);
#8541 = DEFINITIONAL_REPRESENTATION('',(#8542),#8546);
#8542 = LINE('',#8543,#8544);
#8543 = CARTESIAN_POINT('',(-5.184250817665,-92.));
#8544 = VECTOR('',#8545,1.);
#8545 = DIRECTION('',(-1.,-0.));
#8546 = ( GEOMETRIC_REPRESENTATION_CONTEXT(2) 
PARAMETRIC_REPRESENTATION_CONTEXT() REPRESENTATION_CONTEXT('2D SPACE',''
  ) );
#8547 = PCURVE('',#7833,#8548);
#8548 = DEFINITIONAL_REPRESENTATION('',(#8549),#8553);
#8549 = CIRCLE('',#8550,2.2);
#8550 = AXIS2_PLACEMENT_2D('',#8551,#8552);
#8551 = CARTESIAN_POINT('',(-1.,51.));
#8552 = DIRECTION('',(0.454545454546,-0.89072354283));
#8553 = ( GEOMETRIC_REPRESENTATION_CONTEXT(2) 
PARAMETRIC_REPRESENTATION_CONTEXT() REPRESENTATION_CONTEXT('2D SPACE',''
  ) );
#8554 = ORIENTED_EDGE('',*,*,#8555,.F.);
#8555 = EDGE_CURVE('',#8503,#8532,#8556,.T.);
#8556 = SURFACE_CURVE('',#8557,(#8561,#8568),.PCURVE_S1.);
#8557 = LINE('',#8558,#8559);
#8558 = CARTESIAN_POINT('',(-37.,-177.9595917942,212.));
#8559 = VECTOR('',#8560,1.);
#8560 = DIRECTION('',(-0.,-0.,-1.));
#8561 = PCURVE('',#8465,#8562);
#8562 = DEFINITIONAL_REPRESENTATION('',(#8563),#8567);
#8563 = LINE('',#8564,#8565);
#8564 = CARTESIAN_POINT('',(-5.184250817664,0.));
#8565 = VECTOR('',#8566,1.);
#8566 = DIRECTION('',(-0.,1.));
#8567 = ( GEOMETRIC_REPRESENTATION_CONTEXT(2) 
PARAMETRIC_REPRESENTATION_CONTEXT() REPRESENTATION_CONTEXT('2D SPACE',''
  ) );
#8568 = PCURVE('',#8569,#8574);
#8569 = PLANE('',#8570);
#8570 = AXIS2_PLACEMENT_3D('',#8571,#8572,#8573);
#8571 = CARTESIAN_POINT('',(-37.,-227.,304.));
#8572 = DIRECTION('',(1.,0.,0.));
#8573 = DIRECTION('',(0.,0.,1.));
#8574 = DEFINITIONAL_REPRESENTATION('',(#8575),#8579);
#8575 = LINE('',#8576,#8577);
#8576 = CARTESIAN_POINT('',(-92.,-49.04040820577));
#8577 = VECTOR('',#8578,1.);
#8578 = DIRECTION('',(-1.,0.));
#8579 = ( GEOMETRIC_REPRESENTATION_CONTEXT(2) 
PARAMETRIC_REPRESENTATION_CONTEXT() REPRESENTATION_CONTEXT('2D SPACE',''
  ) );
#8580 = ADVANCED_FACE('',(#8581),#8569,.F.);
#8581 = FACE_BOUND('',#8582,.F.);
#8582 = EDGE_LOOP('',(#8583,#8606,#8629,#8650));
#8583 = ORIENTED_EDGE('',*,*,#8584,.F.);
#8584 = EDGE_CURVE('',#8585,#8503,#8587,.T.);
#8585 = VERTEX_POINT('',#8586);
#8586 = CARTESIAN_POINT('',(-37.,-222.0404082057,320.));
#8587 = SURFACE_CURVE('',#8588,(#8592,#8599),.PCURVE_S1.);
#8588 = LINE('',#8589,#8590);
#8589 = CARTESIAN_POINT('',(-37.,-227.,320.));
#8590 = VECTOR('',#8591,1.);
#8591 = DIRECTION('',(0.,1.,0.));
#8592 = PCURVE('',#8569,#8593);
#8593 = DEFINITIONAL_REPRESENTATION('',(#8594),#8598);
#8594 = LINE('',#8595,#8596);
#8595 = CARTESIAN_POINT('',(16.,0.));
#8596 = VECTOR('',#8597,1.);
#8597 = DIRECTION('',(0.,-1.));
#8598 = ( GEOMETRIC_REPRESENTATION_CONTEXT(2) 
PARAMETRIC_REPRESENTATION_CONTEXT() REPRESENTATION_CONTEXT('2D SPACE',''
  ) );
#8599 = PCURVE('',#7777,#8600);
#8600 = DEFINITIONAL_REPRESENTATION('',(#8601),#8605);
#8601 = LINE('',#8602,#8603);
#8602 = CARTESIAN_POINT('',(0.,0.));
#8603 = VECTOR('',#8604,1.);
#8604 = DIRECTION('',(0.,1.));
#8605 = ( GEOMETRIC_REPRESENTATION_CONTEXT(2) 
PARAMETRIC_REPRESENTATION_CONTEXT() REPRESENTATION_CONTEXT('2D SPACE',''
  ) );
#8606 = ORIENTED_EDGE('',*,*,#8607,.T.);
#8607 = EDGE_CURVE('',#8585,#8608,#8610,.T.);
#8608 = VERTEX_POINT('',#8609);
#8609 = CARTESIAN_POINT('',(-37.,-222.0404082057,304.));
#8610 = SURFACE_CURVE('',#8611,(#8615,#8622),.PCURVE_S1.);
#8611 = LINE('',#8612,#8613);
#8612 = CARTESIAN_POINT('',(-37.,-222.0404082057,212.));
#8613 = VECTOR('',#8614,1.);
#8614 = DIRECTION('',(-0.,-0.,-1.));
#8615 = PCURVE('',#8569,#8616);
#8616 = DEFINITIONAL_REPRESENTATION('',(#8617),#8621);
#8617 = LINE('',#8618,#8619);
#8618 = CARTESIAN_POINT('',(-92.,-4.959591794227));
#8619 = VECTOR('',#8620,1.);
#8620 = DIRECTION('',(-1.,0.));
#8621 = ( GEOMETRIC_REPRESENTATION_CONTEXT(2) 
PARAMETRIC_REPRESENTATION_CONTEXT() REPRESENTATION_CONTEXT('2D SPACE',''
  ) );
#8622 = PCURVE('',#7859,#8623);
#8623 = DEFINITIONAL_REPRESENTATION('',(#8624),#8628);
#8624 = LINE('',#8625,#8626);
#8625 = CARTESIAN_POINT('',(-7.382119796695,0.));
#8626 = VECTOR('',#8627,1.);
#8627 = DIRECTION('',(-0.,1.));
#8628 = ( GEOMETRIC_REPRESENTATION_CONTEXT(2) 
PARAMETRIC_REPRESENTATION_CONTEXT() REPRESENTATION_CONTEXT('2D SPACE',''
  ) );
#8629 = ORIENTED_EDGE('',*,*,#8630,.T.);
#8630 = EDGE_CURVE('',#8608,#8532,#8631,.T.);
#8631 = SURFACE_CURVE('',#8632,(#8636,#8643),.PCURVE_S1.);
#8632 = LINE('',#8633,#8634);
#8633 = CARTESIAN_POINT('',(-37.,-227.,304.));
#8634 = VECTOR('',#8635,1.);
#8635 = DIRECTION('',(0.,1.,0.));
#8636 = PCURVE('',#8569,#8637);
#8637 = DEFINITIONAL_REPRESENTATION('',(#8638),#8642);
#8638 = LINE('',#8639,#8640);
#8639 = CARTESIAN_POINT('',(0.,0.));
#8640 = VECTOR('',#8641,1.);
#8641 = DIRECTION('',(0.,-1.));
#8642 = ( GEOMETRIC_REPRESENTATION_CONTEXT(2) 
PARAMETRIC_REPRESENTATION_CONTEXT() REPRESENTATION_CONTEXT('2D SPACE',''
  ) );
#8643 = PCURVE('',#7833,#8644);
#8644 = DEFINITIONAL_REPRESENTATION('',(#8645),#8649);
#8645 = LINE('',#8646,#8647);
#8646 = CARTESIAN_POINT('',(0.,0.));
#8647 = VECTOR('',#8648,1.);
#8648 = DIRECTION('',(0.,1.));
#8649 = ( GEOMETRIC_REPRESENTATION_CONTEXT(2) 
PARAMETRIC_REPRESENTATION_CONTEXT() REPRESENTATION_CONTEXT('2D SPACE',''
  ) );
#8650 = ORIENTED_EDGE('',*,*,#8555,.F.);
#8651 = ADVANCED_FACE('',(#8652),#7833,.F.);
#8652 = FACE_BOUND('',#8653,.F.);
#8653 = EDGE_LOOP('',(#8654,#8655,#8656,#8657,#8658,#8659,#8660,#8661,
    #8662,#8663,#8664,#8665));
#8654 = ORIENTED_EDGE('',*,*,#7817,.F.);
#8655 = ORIENTED_EDGE('',*,*,#7874,.T.);
#8656 = ORIENTED_EDGE('',*,*,#7974,.T.);
#8657 = ORIENTED_EDGE('',*,*,#8083,.T.);
#8658 = ORIENTED_EDGE('',*,*,#8136,.T.);
#8659 = ORIENTED_EDGE('',*,*,#8245,.T.);
#8660 = ORIENTED_EDGE('',*,*,#8298,.T.);
#8661 = ORIENTED_EDGE('',*,*,#8350,.F.);
#8662 = ORIENTED_EDGE('',*,*,#8477,.F.);
#8663 = ORIENTED_EDGE('',*,*,#8531,.F.);
#8664 = ORIENTED_EDGE('',*,*,#8630,.F.);
#8665 = ORIENTED_EDGE('',*,*,#8666,.T.);
#8666 = EDGE_CURVE('',#8608,#7818,#8667,.T.);
#8667 = SURFACE_CURVE('',#8668,(#8673,#8684),.PCURVE_S1.);
#8668 = CIRCLE('',#8669,2.2);
#8669 = AXIS2_PLACEMENT_3D('',#8670,#8671,#8672);
#8670 = CARTESIAN_POINT('',(-38.,-224.,304.));
#8671 = DIRECTION('',(0.,0.,-1.));
#8672 = DIRECTION('',(0.454545454546,0.89072354283,0.));
#8673 = PCURVE('',#7833,#8674);
#8674 = DEFINITIONAL_REPRESENTATION('',(#8675),#8683);
#8675 = ( BOUNDED_CURVE() B_SPLINE_CURVE(2,(#8676,#8677,#8678,#8679,
#8680,#8681,#8682),.UNSPECIFIED.,.T.,.F.) B_SPLINE_CURVE_WITH_KNOTS((1,2
    ,2,2,2,1),(-2.094395102393,0.,2.094395102393,4.188790204786,
6.28318530718,8.377580409573),.UNSPECIFIED.) CURVE() 
GEOMETRIC_REPRESENTATION_ITEM() RATIONAL_B_SPLINE_CURVE((1.,0.5,1.,0.5,
1.,0.5,1.)) REPRESENTATION_ITEM('') );
#8676 = CARTESIAN_POINT('',(3.623767952377E-13,4.959591794226));
#8677 = CARTESIAN_POINT('',(3.394112549695,3.227540986657));
#8678 = CARTESIAN_POINT('',(0.197056274847,1.154178699102));
#8679 = CARTESIAN_POINT('',(-3.000000000001,-0.919183588453));
#8680 = CARTESIAN_POINT('',(-3.197056274848,2.886229506672));
#8681 = CARTESIAN_POINT('',(-3.394112549695,6.691642601796));
#8682 = CARTESIAN_POINT('',(3.623767952377E-13,4.959591794226));
#8683 = ( GEOMETRIC_REPRESENTATION_CONTEXT(2) 
PARAMETRIC_REPRESENTATION_CONTEXT() REPRESENTATION_CONTEXT('2D SPACE',''
  ) );
#8684 = PCURVE('',#7859,#8685);
#8685 = DEFINITIONAL_REPRESENTATION('',(#8686),#8690);
#8686 = LINE('',#8687,#8688);
#8687 = CARTESIAN_POINT('',(-7.382119796695,-92.));
#8688 = VECTOR('',#8689,1.);
#8689 = DIRECTION('',(1.,-0.));
#8690 = ( GEOMETRIC_REPRESENTATION_CONTEXT(2) 
PARAMETRIC_REPRESENTATION_CONTEXT() REPRESENTATION_CONTEXT('2D SPACE',''
  ) );
#8691 = ADVANCED_FACE('',(#8692),#7859,.F.);
#8692 = FACE_BOUND('',#8693,.T.);
#8693 = EDGE_LOOP('',(#8694,#8720,#8721,#8722));
#8694 = ORIENTED_EDGE('',*,*,#8695,.F.);
#8695 = EDGE_CURVE('',#8585,#7757,#8696,.T.);
#8696 = SURFACE_CURVE('',#8697,(#8702,#8709),.PCURVE_S1.);
#8697 = CIRCLE('',#8698,2.2);
#8698 = AXIS2_PLACEMENT_3D('',#8699,#8700,#8701);
#8699 = CARTESIAN_POINT('',(-38.,-224.,320.));
#8700 = DIRECTION('',(0.,0.,-1.));
#8701 = DIRECTION('',(0.454545454546,0.89072354283,0.));
#8702 = PCURVE('',#7859,#8703);
#8703 = DEFINITIONAL_REPRESENTATION('',(#8704),#8708);
#8704 = LINE('',#8705,#8706);
#8705 = CARTESIAN_POINT('',(-7.382119796695,-108.));
#8706 = VECTOR('',#8707,1.);
#8707 = DIRECTION('',(1.,-0.));
#8708 = ( GEOMETRIC_REPRESENTATION_CONTEXT(2) 
PARAMETRIC_REPRESENTATION_CONTEXT() REPRESENTATION_CONTEXT('2D SPACE',''
  ) );
#8709 = PCURVE('',#7777,#8710);
#8710 = DEFINITIONAL_REPRESENTATION('',(#8711),#8719);
#8711 = ( BOUNDED_CURVE() B_SPLINE_CURVE(2,(#8712,#8713,#8714,#8715,
#8716,#8717,#8718),.UNSPECIFIED.,.T.,.F.) B_SPLINE_CURVE_WITH_KNOTS((1,2
    ,2,2,2,1),(-2.094395102393,0.,2.094395102393,4.188790204786,
6.28318530718,8.377580409573),.UNSPECIFIED.) CURVE() 
GEOMETRIC_REPRESENTATION_ITEM() RATIONAL_B_SPLINE_CURVE((1.,0.5,1.,0.5,
1.,0.5,1.)) REPRESENTATION_ITEM('') );
#8712 = CARTESIAN_POINT('',(3.623767952377E-13,4.959591794226));
#8713 = CARTESIAN_POINT('',(3.394112549695,3.227540986657));
#8714 = CARTESIAN_POINT('',(0.197056274847,1.154178699102));
#8715 = CARTESIAN_POINT('',(-3.000000000001,-0.919183588453));
#8716 = CARTESIAN_POINT('',(-3.197056274848,2.886229506672));
#8717 = CARTESIAN_POINT('',(-3.394112549695,6.691642601796));
#8718 = CARTESIAN_POINT('',(3.623767952377E-13,4.959591794226));
#8719 = ( GEOMETRIC_REPRESENTATION_CONTEXT(2) 
PARAMETRIC_REPRESENTATION_CONTEXT() REPRESENTATION_CONTEXT('2D SPACE',''
  ) );
#8720 = ORIENTED_EDGE('',*,*,#8607,.T.);
#8721 = ORIENTED_EDGE('',*,*,#8666,.T.);
#8722 = ORIENTED_EDGE('',*,*,#7845,.F.);
#8723 = ADVANCED_FACE('',(#8724),#7777,.T.);
#8724 = FACE_BOUND('',#8725,.T.);
#8725 = EDGE_LOOP('',(#8726,#8727,#8728,#8729,#8730,#8731,#8732,#8733,
    #8734,#8735,#8736,#8737));
#8726 = ORIENTED_EDGE('',*,*,#7754,.F.);
#8727 = ORIENTED_EDGE('',*,*,#7898,.T.);
#8728 = ORIENTED_EDGE('',*,*,#7950,.T.);
#8729 = ORIENTED_EDGE('',*,*,#8056,.T.);
#8730 = ORIENTED_EDGE('',*,*,#8112,.T.);
#8731 = ORIENTED_EDGE('',*,*,#8218,.T.);
#8732 = ORIENTED_EDGE('',*,*,#8274,.T.);
#8733 = ORIENTED_EDGE('',*,*,#8401,.F.);
#8734 = ORIENTED_EDGE('',*,*,#8426,.F.);
#8735 = ORIENTED_EDGE('',*,*,#8502,.T.);
#8736 = ORIENTED_EDGE('',*,*,#8584,.F.);
#8737 = ORIENTED_EDGE('',*,*,#8695,.T.);
#8738 = ( GEOMETRIC_REPRESENTATION_CONTEXT(3) 
GLOBAL_UNCERTAINTY_ASSIGNED_CONTEXT((#8742)) 
GLOBAL_UNIT_ASSIGNED_CONTEXT((#8739,#8740,#8741)) REPRESENTATION_CONTEXT
('Context #1','3D Context with UNIT and UNCERTAINTY') );
#8739 = ( LENGTH_UNIT() NAMED_UNIT(*) SI_UNIT(.MILLI.,.METRE.) );
#8740 = ( NAMED_UNIT(*) PLANE_ANGLE_UNIT() SI_UNIT($,.RADIAN.) );
#8741 = ( NAMED_UNIT(*) SI_UNIT($,.STERADIAN.) SOLID_ANGLE_UNIT() );
#8742 = UNCERTAINTY_MEASURE_WITH_UNIT(LENGTH_MEASURE(1.E-07),#8739,
  'distance_accuracy_value','confusion accuracy');
#8743 = CONTEXT_DEPENDENT_SHAPE_REPRESENTATION(#8744,#8746);
#8744 = ( REPRESENTATION_RELATIONSHIP('','',#7747,#6413) 
REPRESENTATION_RELATIONSHIP_WITH_TRANSFORMATION(#8745) 
SHAPE_REPRESENTATION_RELATIONSHIP() );
#8745 = ITEM_DEFINED_TRANSFORMATION('','',#11,#6418);
#8746 = PRODUCT_DEFINITION_SHAPE('Placement','Placement of an item',
  #8747);
#8747 = NEXT_ASSEMBLY_USAGE_OCCURRENCE('9','','',#6408,#7742,$);
#8748 = PRODUCT_RELATED_PRODUCT_CATEGORY('part',$,(#7744));
#8749 = SHAPE_DEFINITION_REPRESENTATION(#8750,#8756);
#8750 = PRODUCT_DEFINITION_SHAPE('','',#8751);
#8751 = PRODUCT_DEFINITION('design','',#8752,#8755);
#8752 = PRODUCT_DEFINITION_FORMATION('','',#8753);
#8753 = PRODUCT('Open CASCADE STEP translator 7.9 1.5',
  'Open CASCADE STEP translator 7.9 1.5','',(#8754));
#8754 = PRODUCT_CONTEXT('',#2,'mechanical');
#8755 = PRODUCT_DEFINITION_CONTEXT('part definition',#2,'design');
#8756 = SHAPE_REPRESENTATION('',(#11,#8757,#8761),#8765);
#8757 = AXIS2_PLACEMENT_3D('',#8758,#8759,#8760);
#8758 = CARTESIAN_POINT('',(0.,0.,0.));
#8759 = DIRECTION('',(0.,0.,1.));
#8760 = DIRECTION('',(1.,0.,-0.));
#8761 = AXIS2_PLACEMENT_3D('',#8762,#8763,#8764);
#8762 = CARTESIAN_POINT('',(0.,0.,0.));
#8763 = DIRECTION('',(0.,0.,1.));
#8764 = DIRECTION('',(1.,0.,-0.));
#8765 = ( GEOMETRIC_REPRESENTATION_CONTEXT(3) 
GLOBAL_UNCERTAINTY_ASSIGNED_CONTEXT((#8769)) 
GLOBAL_UNIT_ASSIGNED_CONTEXT((#8766,#8767,#8768)) REPRESENTATION_CONTEXT
('Context #1','3D Context with UNIT and UNCERTAINTY') );
#8766 = ( LENGTH_UNIT() NAMED_UNIT(*) SI_UNIT(.MILLI.,.METRE.) );
#8767 = ( NAMED_UNIT(*) PLANE_ANGLE_UNIT() SI_UNIT($,.RADIAN.) );
#8768 = ( NAMED_UNIT(*) SI_UNIT($,.STERADIAN.) SOLID_ANGLE_UNIT() );
#8769 = UNCERTAINTY_MEASURE_WITH_UNIT(LENGTH_MEASURE(1.E-07),#8766,
  'distance_accuracy_value','confusion accuracy');
#8770 = CONTEXT_DEPENDENT_SHAPE_REPRESENTATION(#8771,#8773);
#8771 = ( REPRESENTATION_RELATIONSHIP('','',#8756,#10) 
REPRESENTATION_RELATIONSHIP_WITH_TRANSFORMATION(#8772) 
SHAPE_REPRESENTATION_RELATIONSHIP() );
#8772 = ITEM_DEFINED_TRANSFORMATION('','',#11,#31);
#8773 = PRODUCT_DEFINITION_SHAPE('Placement','Placement of an item',
  #8774);
#8774 = NEXT_ASSEMBLY_USAGE_OCCURRENCE('13','','',#5,#8751,$);
#8775 = PRODUCT_RELATED_PRODUCT_CATEGORY('part',$,(#8753));
#8776 = SHAPE_DEFINITION_REPRESENTATION(#8777,#8783);
#8777 = PRODUCT_DEFINITION_SHAPE('','',#8778);
#8778 = PRODUCT_DEFINITION('design','',#8779,#8782);
#8779 = PRODUCT_DEFINITION_FORMATION('','',#8780);
#8780 = PRODUCT('Open CASCADE STEP translator 7.9 1.5.1',
  'Open CASCADE STEP translator 7.9 1.5.1','',(#8781));
#8781 = PRODUCT_CONTEXT('',#2,'mechanical');
#8782 = PRODUCT_DEFINITION_CONTEXT('part definition',#2,'design');
#8783 = ADVANCED_BREP_SHAPE_REPRESENTATION('',(#11,#8784),#10072);
#8784 = MANIFOLD_SOLID_BREP('',#8785);
#8785 = CLOSED_SHELL('',(#8786,#8906,#8982,#9367,#9416,#9581,#9608,#9635
    ,#9662,#9762,#9794,#9821,#9994,#10022,#10050,#10057,#10062,#10067));
#8786 = ADVANCED_FACE('',(#8787),#8801,.F.);
#8787 = FACE_BOUND('',#8788,.F.);
#8788 = EDGE_LOOP('',(#8789,#8824,#8852,#8880));
#8789 = ORIENTED_EDGE('',*,*,#8790,.F.);
#8790 = EDGE_CURVE('',#8791,#8793,#8795,.T.);
#8791 = VERTEX_POINT('',#8792);
#8792 = CARTESIAN_POINT('',(-45.,-235.,262.));
#8793 = VERTEX_POINT('',#8794);
#8794 = CARTESIAN_POINT('',(-45.,-235.,362.));
#8795 = SURFACE_CURVE('',#8796,(#8800,#8812),.PCURVE_S1.);
#8796 = LINE('',#8797,#8798);
#8797 = CARTESIAN_POINT('',(-45.,-235.,262.));
#8798 = VECTOR('',#8799,1.);
#8799 = DIRECTION('',(0.,0.,1.));
#8800 = PCURVE('',#8801,#8806);
#8801 = PLANE('',#8802);
#8802 = AXIS2_PLACEMENT_3D('',#8803,#8804,#8805);
#8803 = CARTESIAN_POINT('',(-45.,-235.,262.));
#8804 = DIRECTION('',(1.,0.,0.));
#8805 = DIRECTION('',(0.,0.,1.));
#8806 = DEFINITIONAL_REPRESENTATION('',(#8807),#8811);
#8807 = LINE('',#8808,#8809);
#8808 = CARTESIAN_POINT('',(0.,0.));
#8809 = VECTOR('',#8810,1.);
#8810 = DIRECTION('',(1.,0.));
#8811 = ( GEOMETRIC_REPRESENTATION_CONTEXT(2) 
PARAMETRIC_REPRESENTATION_CONTEXT() REPRESENTATION_CONTEXT('2D SPACE',''
  ) );
#8812 = PCURVE('',#8813,#8818);
#8813 = PLANE('',#8814);
#8814 = AXIS2_PLACEMENT_3D('',#8815,#8816,#8817);
#8815 = CARTESIAN_POINT('',(-45.,-235.,262.));
#8816 = DIRECTION('',(0.,1.,0.));
#8817 = DIRECTION('',(0.,0.,1.));
#8818 = DEFINITIONAL_REPRESENTATION('',(#8819),#8823);
#8819 = LINE('',#8820,#8821);
#8820 = CARTESIAN_POINT('',(0.,0.));
#8821 = VECTOR('',#8822,1.);
#8822 = DIRECTION('',(1.,0.));
#8823 = ( GEOMETRIC_REPRESENTATION_CONTEXT(2) 
PARAMETRIC_REPRESENTATION_CONTEXT() REPRESENTATION_CONTEXT('2D SPACE',''
  ) );
#8824 = ORIENTED_EDGE('',*,*,#8825,.T.);
#8825 = EDGE_CURVE('',#8791,#8826,#8828,.T.);
#8826 = VERTEX_POINT('',#8827);
#8827 = CARTESIAN_POINT('',(-45.,-165.,262.));
#8828 = SURFACE_CURVE('',#8829,(#8833,#8840),.PCURVE_S1.);
#8829 = LINE('',#8830,#8831);
#8830 = CARTESIAN_POINT('',(-45.,-235.,262.));
#8831 = VECTOR('',#8832,1.);
#8832 = DIRECTION('',(0.,1.,0.));
#8833 = PCURVE('',#8801,#8834);
#8834 = DEFINITIONAL_REPRESENTATION('',(#8835),#8839);
#8835 = LINE('',#8836,#8837);
#8836 = CARTESIAN_POINT('',(0.,0.));
#8837 = VECTOR('',#8838,1.);
#8838 = DIRECTION('',(0.,-1.));
#8839 = ( GEOMETRIC_REPRESENTATION_CONTEXT(2) 
PARAMETRIC_REPRESENTATION_CONTEXT() REPRESENTATION_CONTEXT('2D SPACE',''
  ) );
#8840 = PCURVE('',#8841,#8846);
#8841 = PLANE('',#8842);
#8842 = AXIS2_PLACEMENT_3D('',#8843,#8844,#8845);
#8843 = CARTESIAN_POINT('',(-45.,-235.,262.));
#8844 = DIRECTION('',(0.,0.,1.));
#8845 = DIRECTION('',(1.,0.,0.));
#8846 = DEFINITIONAL_REPRESENTATION('',(#8847),#8851);
#8847 = LINE('',#8848,#8849);
#8848 = CARTESIAN_POINT('',(0.,0.));
#8849 = VECTOR('',#8850,1.);
#8850 = DIRECTION('',(0.,1.));
#8851 = ( GEOMETRIC_REPRESENTATION_CONTEXT(2) 
PARAMETRIC_REPRESENTATION_CONTEXT() REPRESENTATION_CONTEXT('2D SPACE',''
  ) );
#8852 = ORIENTED_EDGE('',*,*,#8853,.T.);
#8853 = EDGE_CURVE('',#8826,#8854,#8856,.T.);
#8854 = VERTEX_POINT('',#8855);
#8855 = CARTESIAN_POINT('',(-45.,-165.,362.));
#8856 = SURFACE_CURVE('',#8857,(#8861,#8868),.PCURVE_S1.);
#8857 = LINE('',#8858,#8859);
#8858 = CARTESIAN_POINT('',(-45.,-165.,262.));
#8859 = VECTOR('',#8860,1.);
#8860 = DIRECTION('',(0.,0.,1.));
#8861 = PCURVE('',#8801,#8862);
#8862 = DEFINITIONAL_REPRESENTATION('',(#8863),#8867);
#8863 = LINE('',#8864,#8865);
#8864 = CARTESIAN_POINT('',(0.,-70.));
#8865 = VECTOR('',#8866,1.);
#8866 = DIRECTION('',(1.,0.));
#8867 = ( GEOMETRIC_REPRESENTATION_CONTEXT(2) 
PARAMETRIC_REPRESENTATION_CONTEXT() REPRESENTATION_CONTEXT('2D SPACE',''
  ) );
#8868 = PCURVE('',#8869,#8874);
#8869 = PLANE('',#8870);
#8870 = AXIS2_PLACEMENT_3D('',#8871,#8872,#8873);
#8871 = CARTESIAN_POINT('',(-45.,-165.,262.));
#8872 = DIRECTION('',(0.,1.,0.));
#8873 = DIRECTION('',(0.,0.,1.));
#8874 = DEFINITIONAL_REPRESENTATION('',(#8875),#8879);
#8875 = LINE('',#8876,#8877);
#8876 = CARTESIAN_POINT('',(0.,0.));
#8877 = VECTOR('',#8878,1.);
#8878 = DIRECTION('',(1.,0.));
#8879 = ( GEOMETRIC_REPRESENTATION_CONTEXT(2) 
PARAMETRIC_REPRESENTATION_CONTEXT() REPRESENTATION_CONTEXT('2D SPACE',''
  ) );
#8880 = ORIENTED_EDGE('',*,*,#8881,.F.);
#8881 = EDGE_CURVE('',#8793,#8854,#8882,.T.);
#8882 = SURFACE_CURVE('',#8883,(#8887,#8894),.PCURVE_S1.);
#8883 = LINE('',#8884,#8885);
#8884 = CARTESIAN_POINT('',(-45.,-235.,362.));
#8885 = VECTOR('',#8886,1.);
#8886 = DIRECTION('',(0.,1.,0.));
#8887 = PCURVE('',#8801,#8888);
#8888 = DEFINITIONAL_REPRESENTATION('',(#8889),#8893);
#8889 = LINE('',#8890,#8891);
#8890 = CARTESIAN_POINT('',(100.,0.));
#8891 = VECTOR('',#8892,1.);
#8892 = DIRECTION('',(0.,-1.));
#8893 = ( GEOMETRIC_REPRESENTATION_CONTEXT(2) 
PARAMETRIC_REPRESENTATION_CONTEXT() REPRESENTATION_CONTEXT('2D SPACE',''
  ) );
#8894 = PCURVE('',#8895,#8900);
#8895 = PLANE('',#8896);
#8896 = AXIS2_PLACEMENT_3D('',#8897,#8898,#8899);
#8897 = CARTESIAN_POINT('',(-45.,-235.,362.));
#8898 = DIRECTION('',(0.,0.,1.));
#8899 = DIRECTION('',(1.,0.,0.));
#8900 = DEFINITIONAL_REPRESENTATION('',(#8901),#8905);
#8901 = LINE('',#8902,#8903);
#8902 = CARTESIAN_POINT('',(0.,0.));
#8903 = VECTOR('',#8904,1.);
#8904 = DIRECTION('',(0.,1.));
#8905 = ( GEOMETRIC_REPRESENTATION_CONTEXT(2) 
PARAMETRIC_REPRESENTATION_CONTEXT() REPRESENTATION_CONTEXT('2D SPACE',''
  ) );
#8906 = ADVANCED_FACE('',(#8907),#8813,.F.);
#8907 = FACE_BOUND('',#8908,.F.);
#8908 = EDGE_LOOP('',(#8909,#8932,#8933,#8956));
#8909 = ORIENTED_EDGE('',*,*,#8910,.F.);
#8910 = EDGE_CURVE('',#8791,#8911,#8913,.T.);
#8911 = VERTEX_POINT('',#8912);
#8912 = CARTESIAN_POINT('',(19.,-235.,262.));
#8913 = SURFACE_CURVE('',#8914,(#8918,#8925),.PCURVE_S1.);
#8914 = LINE('',#8915,#8916);
#8915 = CARTESIAN_POINT('',(-45.,-235.,262.));
#8916 = VECTOR('',#8917,1.);
#8917 = DIRECTION('',(1.,0.,0.));
#8918 = PCURVE('',#8813,#8919);
#8919 = DEFINITIONAL_REPRESENTATION('',(#8920),#8924);
#8920 = LINE('',#8921,#8922);
#8921 = CARTESIAN_POINT('',(0.,0.));
#8922 = VECTOR('',#8923,1.);
#8923 = DIRECTION('',(0.,1.));
#8924 = ( GEOMETRIC_REPRESENTATION_CONTEXT(2) 
PARAMETRIC_REPRESENTATION_CONTEXT() REPRESENTATION_CONTEXT('2D SPACE',''
  ) );
#8925 = PCURVE('',#8841,#8926);
#8926 = DEFINITIONAL_REPRESENTATION('',(#8927),#8931);
#8927 = LINE('',#8928,#8929);
#8928 = CARTESIAN_POINT('',(0.,0.));
#8929 = VECTOR('',#8930,1.);
#8930 = DIRECTION('',(1.,0.));
#8931 = ( GEOMETRIC_REPRESENTATION_CONTEXT(2) 
PARAMETRIC_REPRESENTATION_CONTEXT() REPRESENTATION_CONTEXT('2D SPACE',''
  ) );
#8932 = ORIENTED_EDGE('',*,*,#8790,.T.);
#8933 = ORIENTED_EDGE('',*,*,#8934,.T.);
#8934 = EDGE_CURVE('',#8793,#8935,#8937,.T.);
#8935 = VERTEX_POINT('',#8936);
#8936 = CARTESIAN_POINT('',(19.,-235.,362.));
#8937 = SURFACE_CURVE('',#8938,(#8942,#8949),.PCURVE_S1.);
#8938 = LINE('',#8939,#8940);
#8939 = CARTESIAN_POINT('',(-45.,-235.,362.));
#8940 = VECTOR('',#8941,1.);
#8941 = DIRECTION('',(1.,0.,0.));
#8942 = PCURVE('',#8813,#8943);
#8943 = DEFINITIONAL_REPRESENTATION('',(#8944),#8948);
#8944 = LINE('',#8945,#8946);
#8945 = CARTESIAN_POINT('',(100.,0.));
#8946 = VECTOR('',#8947,1.);
#8947 = DIRECTION('',(0.,1.));
#8948 = ( GEOMETRIC_REPRESENTATION_CONTEXT(2) 
PARAMETRIC_REPRESENTATION_CONTEXT() REPRESENTATION_CONTEXT('2D SPACE',''
  ) );
#8949 = PCURVE('',#8895,#8950);
#8950 = DEFINITIONAL_REPRESENTATION('',(#8951),#8955);
#8951 = LINE('',#8952,#8953);
#8952 = CARTESIAN_POINT('',(0.,0.));
#8953 = VECTOR('',#8954,1.);
#8954 = DIRECTION('',(1.,0.));
#8955 = ( GEOMETRIC_REPRESENTATION_CONTEXT(2) 
PARAMETRIC_REPRESENTATION_CONTEXT() REPRESENTATION_CONTEXT('2D SPACE',''
  ) );
#8956 = ORIENTED_EDGE('',*,*,#8957,.F.);
#8957 = EDGE_CURVE('',#8911,#8935,#8958,.T.);
#8958 = SURFACE_CURVE('',#8959,(#8963,#8970),.PCURVE_S1.);
#8959 = LINE('',#8960,#8961);
#8960 = CARTESIAN_POINT('',(19.,-235.,261.));
#8961 = VECTOR('',#8962,1.);
#8962 = DIRECTION('',(0.,0.,1.));
#8963 = PCURVE('',#8813,#8964);
#8964 = DEFINITIONAL_REPRESENTATION('',(#8965),#8969);
#8965 = LINE('',#8966,#8967);
#8966 = CARTESIAN_POINT('',(-1.,64.));
#8967 = VECTOR('',#8968,1.);
#8968 = DIRECTION('',(1.,0.));
#8969 = ( GEOMETRIC_REPRESENTATION_CONTEXT(2) 
PARAMETRIC_REPRESENTATION_CONTEXT() REPRESENTATION_CONTEXT('2D SPACE',''
  ) );
#8970 = PCURVE('',#8971,#8976);
#8971 = PLANE('',#8972);
#8972 = AXIS2_PLACEMENT_3D('',#8973,#8974,#8975);
#8973 = CARTESIAN_POINT('',(19.,-235.,261.));
#8974 = DIRECTION('',(1.,0.,0.));
#8975 = DIRECTION('',(0.,0.,1.));
#8976 = DEFINITIONAL_REPRESENTATION('',(#8977),#8981);
#8977 = LINE('',#8978,#8979);
#8978 = CARTESIAN_POINT('',(0.,0.));
#8979 = VECTOR('',#8980,1.);
#8980 = DIRECTION('',(1.,0.));
#8981 = ( GEOMETRIC_REPRESENTATION_CONTEXT(2) 
PARAMETRIC_REPRESENTATION_CONTEXT() REPRESENTATION_CONTEXT('2D SPACE',''
  ) );
#8982 = ADVANCED_FACE('',(#8983),#8895,.T.);
#8983 = FACE_BOUND('',#8984,.T.);
#8984 = EDGE_LOOP('',(#8985,#9008,#9009,#9010,#9033,#9061,#9089,#9122,
    #9145,#9178,#9201,#9229,#9257,#9290,#9313,#9341));
#8985 = ORIENTED_EDGE('',*,*,#8986,.F.);
#8986 = EDGE_CURVE('',#8854,#8987,#8989,.T.);
#8987 = VERTEX_POINT('',#8988);
#8988 = CARTESIAN_POINT('',(45.,-165.,362.));
#8989 = SURFACE_CURVE('',#8990,(#8994,#9001),.PCURVE_S1.);
#8990 = LINE('',#8991,#8992);
#8991 = CARTESIAN_POINT('',(-45.,-165.,362.));
#8992 = VECTOR('',#8993,1.);
#8993 = DIRECTION('',(1.,0.,0.));
#8994 = PCURVE('',#8895,#8995);
#8995 = DEFINITIONAL_REPRESENTATION('',(#8996),#9000);
#8996 = LINE('',#8997,#8998);
#8997 = CARTESIAN_POINT('',(0.,70.));
#8998 = VECTOR('',#8999,1.);
#8999 = DIRECTION('',(1.,0.));
#9000 = ( GEOMETRIC_REPRESENTATION_CONTEXT(2) 
PARAMETRIC_REPRESENTATION_CONTEXT() REPRESENTATION_CONTEXT('2D SPACE',''
  ) );
#9001 = PCURVE('',#8869,#9002);
#9002 = DEFINITIONAL_REPRESENTATION('',(#9003),#9007);
#9003 = LINE('',#9004,#9005);
#9004 = CARTESIAN_POINT('',(100.,0.));
#9005 = VECTOR('',#9006,1.);
#9006 = DIRECTION('',(0.,1.));
#9007 = ( GEOMETRIC_REPRESENTATION_CONTEXT(2) 
PARAMETRIC_REPRESENTATION_CONTEXT() REPRESENTATION_CONTEXT('2D SPACE',''
  ) );
#9008 = ORIENTED_EDGE('',*,*,#8881,.F.);
#9009 = ORIENTED_EDGE('',*,*,#8934,.T.);
#9010 = ORIENTED_EDGE('',*,*,#9011,.T.);
#9011 = EDGE_CURVE('',#8935,#9012,#9014,.T.);
#9012 = VERTEX_POINT('',#9013);
#9013 = CARTESIAN_POINT('',(19.,-230.,362.));
#9014 = SURFACE_CURVE('',#9015,(#9019,#9026),.PCURVE_S1.);
#9015 = LINE('',#9016,#9017);
#9016 = CARTESIAN_POINT('',(19.,-235.,362.));
#9017 = VECTOR('',#9018,1.);
#9018 = DIRECTION('',(0.,1.,0.));
#9019 = PCURVE('',#8895,#9020);
#9020 = DEFINITIONAL_REPRESENTATION('',(#9021),#9025);
#9021 = LINE('',#9022,#9023);
#9022 = CARTESIAN_POINT('',(64.,0.));
#9023 = VECTOR('',#9024,1.);
#9024 = DIRECTION('',(0.,1.));
#9025 = ( GEOMETRIC_REPRESENTATION_CONTEXT(2) 
PARAMETRIC_REPRESENTATION_CONTEXT() REPRESENTATION_CONTEXT('2D SPACE',''
  ) );
#9026 = PCURVE('',#8971,#9027);
#9027 = DEFINITIONAL_REPRESENTATION('',(#9028),#9032);
#9028 = LINE('',#9029,#9030);
#9029 = CARTESIAN_POINT('',(101.,0.));
#9030 = VECTOR('',#9031,1.);
#9031 = DIRECTION('',(0.,-1.));
#9032 = ( GEOMETRIC_REPRESENTATION_CONTEXT(2) 
PARAMETRIC_REPRESENTATION_CONTEXT() REPRESENTATION_CONTEXT('2D SPACE',''
  ) );
#9033 = ORIENTED_EDGE('',*,*,#9034,.T.);
#9034 = EDGE_CURVE('',#9012,#9035,#9037,.T.);
#9035 = VERTEX_POINT('',#9036);
#9036 = CARTESIAN_POINT('',(-40.,-230.,362.));
#9037 = SURFACE_CURVE('',#9038,(#9042,#9049),.PCURVE_S1.);
#9038 = LINE('',#9039,#9040);
#9039 = CARTESIAN_POINT('',(-42.5,-230.,362.));
#9040 = VECTOR('',#9041,1.);
#9041 = DIRECTION('',(-1.,0.,0.));
#9042 = PCURVE('',#8895,#9043);
#9043 = DEFINITIONAL_REPRESENTATION('',(#9044),#9048);
#9044 = LINE('',#9045,#9046);
#9045 = CARTESIAN_POINT('',(2.5,5.));
#9046 = VECTOR('',#9047,1.);
#9047 = DIRECTION('',(-1.,0.));
#9048 = ( GEOMETRIC_REPRESENTATION_CONTEXT(2) 
PARAMETRIC_REPRESENTATION_CONTEXT() REPRESENTATION_CONTEXT('2D SPACE',''
  ) );
#9049 = PCURVE('',#9050,#9055);
#9050 = PLANE('',#9051);
#9051 = AXIS2_PLACEMENT_3D('',#9052,#9053,#9054);
#9052 = CARTESIAN_POINT('',(-40.,-230.,261.));
#9053 = DIRECTION('',(0.,1.,0.));
#9054 = DIRECTION('',(0.,0.,1.));
#9055 = DEFINITIONAL_REPRESENTATION('',(#9056),#9060);
#9056 = LINE('',#9057,#9058);
#9057 = CARTESIAN_POINT('',(101.,-2.5));
#9058 = VECTOR('',#9059,1.);
#9059 = DIRECTION('',(0.,-1.));
#9060 = ( GEOMETRIC_REPRESENTATION_CONTEXT(2) 
PARAMETRIC_REPRESENTATION_CONTEXT() REPRESENTATION_CONTEXT('2D SPACE',''
  ) );
#9061 = ORIENTED_EDGE('',*,*,#9062,.T.);
#9062 = EDGE_CURVE('',#9035,#9063,#9065,.T.);
#9063 = VERTEX_POINT('',#9064);
#9064 = CARTESIAN_POINT('',(-40.,-224.9165151389,362.));
#9065 = SURFACE_CURVE('',#9066,(#9070,#9077),.PCURVE_S1.);
#9066 = LINE('',#9067,#9068);
#9067 = CARTESIAN_POINT('',(-40.,-232.5,362.));
#9068 = VECTOR('',#9069,1.);
#9069 = DIRECTION('',(0.,1.,0.));
#9070 = PCURVE('',#8895,#9071);
#9071 = DEFINITIONAL_REPRESENTATION('',(#9072),#9076);
#9072 = LINE('',#9073,#9074);
#9073 = CARTESIAN_POINT('',(5.,2.5));
#9074 = VECTOR('',#9075,1.);
#9075 = DIRECTION('',(0.,1.));
#9076 = ( GEOMETRIC_REPRESENTATION_CONTEXT(2) 
PARAMETRIC_REPRESENTATION_CONTEXT() REPRESENTATION_CONTEXT('2D SPACE',''
  ) );
#9077 = PCURVE('',#9078,#9083);
#9078 = PLANE('',#9079);
#9079 = AXIS2_PLACEMENT_3D('',#9080,#9081,#9082);
#9080 = CARTESIAN_POINT('',(-40.,-230.,261.));
#9081 = DIRECTION('',(1.,0.,0.));
#9082 = DIRECTION('',(0.,0.,1.));
#9083 = DEFINITIONAL_REPRESENTATION('',(#9084),#9088);
#9084 = LINE('',#9085,#9086);
#9085 = CARTESIAN_POINT('',(101.,2.5));
#9086 = VECTOR('',#9087,1.);
#9087 = DIRECTION('',(0.,-1.));
#9088 = ( GEOMETRIC_REPRESENTATION_CONTEXT(2) 
PARAMETRIC_REPRESENTATION_CONTEXT() REPRESENTATION_CONTEXT('2D SPACE',''
  ) );
#9089 = ORIENTED_EDGE('',*,*,#9090,.T.);
#9090 = EDGE_CURVE('',#9063,#9091,#9093,.T.);
#9091 = VERTEX_POINT('',#9092);
#9092 = CARTESIAN_POINT('',(-40.,-223.083484861,362.));
#9093 = SURFACE_CURVE('',#9094,(#9099,#9110),.PCURVE_S1.);
#9094 = CIRCLE('',#9095,2.2);
#9095 = AXIS2_PLACEMENT_3D('',#9096,#9097,#9098);
#9096 = CARTESIAN_POINT('',(-38.,-224.,362.));
#9097 = DIRECTION('',(0.,0.,-1.));
#9098 = DIRECTION('',(1.,0.,0.));
#9099 = PCURVE('',#8895,#9100);
#9100 = DEFINITIONAL_REPRESENTATION('',(#9101),#9109);
#9101 = ( BOUNDED_CURVE() B_SPLINE_CURVE(2,(#9102,#9103,#9104,#9105,
#9106,#9107,#9108),.UNSPECIFIED.,.T.,.F.) B_SPLINE_CURVE_WITH_KNOTS((1,2
    ,2,2,2,1),(-2.094395102393,0.,2.094395102393,4.188790204786,
6.28318530718,8.377580409573),.UNSPECIFIED.) CURVE() 
GEOMETRIC_REPRESENTATION_ITEM() RATIONAL_B_SPLINE_CURVE((1.,0.5,1.,0.5,
1.,0.5,1.)) REPRESENTATION_ITEM('') );
#9102 = CARTESIAN_POINT('',(9.2,11.));
#9103 = CARTESIAN_POINT('',(9.2,7.189488223348));
#9104 = CARTESIAN_POINT('',(5.9,9.094744111674));
#9105 = CARTESIAN_POINT('',(2.6,11.));
#9106 = CARTESIAN_POINT('',(5.9,12.905255888326));
#9107 = CARTESIAN_POINT('',(9.2,14.810511776652));
#9108 = CARTESIAN_POINT('',(9.2,11.));
#9109 = ( GEOMETRIC_REPRESENTATION_CONTEXT(2) 
PARAMETRIC_REPRESENTATION_CONTEXT() REPRESENTATION_CONTEXT('2D SPACE',''
  ) );
#9110 = PCURVE('',#9111,#9116);
#9111 = CYLINDRICAL_SURFACE('',#9112,2.2);
#9112 = AXIS2_PLACEMENT_3D('',#9113,#9114,#9115);
#9113 = CARTESIAN_POINT('',(-38.,-224.,312.));
#9114 = DIRECTION('',(-0.,-0.,-1.));
#9115 = DIRECTION('',(1.,0.,0.));
#9116 = DEFINITIONAL_REPRESENTATION('',(#9117),#9121);
#9117 = LINE('',#9118,#9119);
#9118 = CARTESIAN_POINT('',(-6.28318530718,-50.));
#9119 = VECTOR('',#9120,1.);
#9120 = DIRECTION('',(1.,-0.));
#9121 = ( GEOMETRIC_REPRESENTATION_CONTEXT(2) 
PARAMETRIC_REPRESENTATION_CONTEXT() REPRESENTATION_CONTEXT('2D SPACE',''
  ) );
#9122 = ORIENTED_EDGE('',*,*,#9123,.T.);
#9123 = EDGE_CURVE('',#9091,#9124,#9126,.T.);
#9124 = VERTEX_POINT('',#9125);
#9125 = CARTESIAN_POINT('',(-40.,-176.9165151389,362.));
#9126 = SURFACE_CURVE('',#9127,(#9131,#9138),.PCURVE_S1.);
#9127 = LINE('',#9128,#9129);
#9128 = CARTESIAN_POINT('',(-40.,-232.5,362.));
#9129 = VECTOR('',#9130,1.);
#9130 = DIRECTION('',(0.,1.,0.));
#9131 = PCURVE('',#8895,#9132);
#9132 = DEFINITIONAL_REPRESENTATION('',(#9133),#9137);
#9133 = LINE('',#9134,#9135);
#9134 = CARTESIAN_POINT('',(5.,2.5));
#9135 = VECTOR('',#9136,1.);
#9136 = DIRECTION('',(0.,1.));
#9137 = ( GEOMETRIC_REPRESENTATION_CONTEXT(2) 
PARAMETRIC_REPRESENTATION_CONTEXT() REPRESENTATION_CONTEXT('2D SPACE',''
  ) );
#9138 = PCURVE('',#9078,#9139);
#9139 = DEFINITIONAL_REPRESENTATION('',(#9140),#9144);
#9140 = LINE('',#9141,#9142);
#9141 = CARTESIAN_POINT('',(101.,2.5));
#9142 = VECTOR('',#9143,1.);
#9143 = DIRECTION('',(0.,-1.));
#9144 = ( GEOMETRIC_REPRESENTATION_CONTEXT(2) 
PARAMETRIC_REPRESENTATION_CONTEXT() REPRESENTATION_CONTEXT('2D SPACE',''
  ) );
#9145 = ORIENTED_EDGE('',*,*,#9146,.T.);
#9146 = EDGE_CURVE('',#9124,#9147,#9149,.T.);
#9147 = VERTEX_POINT('',#9148);
#9148 = CARTESIAN_POINT('',(-40.,-175.083484861,362.));
#9149 = SURFACE_CURVE('',#9150,(#9155,#9166),.PCURVE_S1.);
#9150 = CIRCLE('',#9151,2.2);
#9151 = AXIS2_PLACEMENT_3D('',#9152,#9153,#9154);
#9152 = CARTESIAN_POINT('',(-38.,-176.,362.));
#9153 = DIRECTION('',(0.,0.,-1.));
#9154 = DIRECTION('',(1.,0.,0.));
#9155 = PCURVE('',#8895,#9156);
#9156 = DEFINITIONAL_REPRESENTATION('',(#9157),#9165);
#9157 = ( BOUNDED_CURVE() B_SPLINE_CURVE(2,(#9158,#9159,#9160,#9161,
#9162,#9163,#9164),.UNSPECIFIED.,.T.,.F.) B_SPLINE_CURVE_WITH_KNOTS((1,2
    ,2,2,2,1),(-2.094395102393,0.,2.094395102393,4.188790204786,
6.28318530718,8.377580409573),.UNSPECIFIED.) CURVE() 
GEOMETRIC_REPRESENTATION_ITEM() RATIONAL_B_SPLINE_CURVE((1.,0.5,1.,0.5,
1.,0.5,1.)) REPRESENTATION_ITEM('') );
#9158 = CARTESIAN_POINT('',(9.2,59.));
#9159 = CARTESIAN_POINT('',(9.2,55.189488223348));
#9160 = CARTESIAN_POINT('',(5.9,57.094744111674));
#9161 = CARTESIAN_POINT('',(2.6,59.));
#9162 = CARTESIAN_POINT('',(5.9,60.905255888326));
#9163 = CARTESIAN_POINT('',(9.2,62.810511776652));
#9164 = CARTESIAN_POINT('',(9.2,59.));
#9165 = ( GEOMETRIC_REPRESENTATION_CONTEXT(2) 
PARAMETRIC_REPRESENTATION_CONTEXT() REPRESENTATION_CONTEXT('2D SPACE',''
  ) );
#9166 = PCURVE('',#9167,#9172);
#9167 = CYLINDRICAL_SURFACE('',#9168,2.2);
#9168 = AXIS2_PLACEMENT_3D('',#9169,#9170,#9171);
#9169 = CARTESIAN_POINT('',(-38.,-176.,312.));
#9170 = DIRECTION('',(-0.,-0.,-1.));
#9171 = DIRECTION('',(1.,0.,0.));
#9172 = DEFINITIONAL_REPRESENTATION('',(#9173),#9177);
#9173 = LINE('',#9174,#9175);
#9174 = CARTESIAN_POINT('',(-6.28318530718,-50.));
#9175 = VECTOR('',#9176,1.);
#9176 = DIRECTION('',(1.,-0.));
#9177 = ( GEOMETRIC_REPRESENTATION_CONTEXT(2) 
PARAMETRIC_REPRESENTATION_CONTEXT() REPRESENTATION_CONTEXT('2D SPACE',''
  ) );
#9178 = ORIENTED_EDGE('',*,*,#9179,.T.);
#9179 = EDGE_CURVE('',#9147,#9180,#9182,.T.);
#9180 = VERTEX_POINT('',#9181);
#9181 = CARTESIAN_POINT('',(-40.,-170.,362.));
#9182 = SURFACE_CURVE('',#9183,(#9187,#9194),.PCURVE_S1.);
#9183 = LINE('',#9184,#9185);
#9184 = CARTESIAN_POINT('',(-40.,-232.5,362.));
#9185 = VECTOR('',#9186,1.);
#9186 = DIRECTION('',(0.,1.,0.));
#9187 = PCURVE('',#8895,#9188);
#9188 = DEFINITIONAL_REPRESENTATION('',(#9189),#9193);
#9189 = LINE('',#9190,#9191);
#9190 = CARTESIAN_POINT('',(5.,2.5));
#9191 = VECTOR('',#9192,1.);
#9192 = DIRECTION('',(0.,1.));
#9193 = ( GEOMETRIC_REPRESENTATION_CONTEXT(2) 
PARAMETRIC_REPRESENTATION_CONTEXT() REPRESENTATION_CONTEXT('2D SPACE',''
  ) );
#9194 = PCURVE('',#9078,#9195);
#9195 = DEFINITIONAL_REPRESENTATION('',(#9196),#9200);
#9196 = LINE('',#9197,#9198);
#9197 = CARTESIAN_POINT('',(101.,2.5));
#9198 = VECTOR('',#9199,1.);
#9199 = DIRECTION('',(0.,-1.));
#9200 = ( GEOMETRIC_REPRESENTATION_CONTEXT(2) 
PARAMETRIC_REPRESENTATION_CONTEXT() REPRESENTATION_CONTEXT('2D SPACE',''
  ) );
#9201 = ORIENTED_EDGE('',*,*,#9202,.F.);
#9202 = EDGE_CURVE('',#9203,#9180,#9205,.T.);
#9203 = VERTEX_POINT('',#9204);
#9204 = CARTESIAN_POINT('',(40.,-170.,362.));
#9205 = SURFACE_CURVE('',#9206,(#9210,#9217),.PCURVE_S1.);
#9206 = LINE('',#9207,#9208);
#9207 = CARTESIAN_POINT('',(-42.5,-170.,362.));
#9208 = VECTOR('',#9209,1.);
#9209 = DIRECTION('',(-1.,0.,0.));
#9210 = PCURVE('',#8895,#9211);
#9211 = DEFINITIONAL_REPRESENTATION('',(#9212),#9216);
#9212 = LINE('',#9213,#9214);
#9213 = CARTESIAN_POINT('',(2.5,65.));
#9214 = VECTOR('',#9215,1.);
#9215 = DIRECTION('',(-1.,0.));
#9216 = ( GEOMETRIC_REPRESENTATION_CONTEXT(2) 
PARAMETRIC_REPRESENTATION_CONTEXT() REPRESENTATION_CONTEXT('2D SPACE',''
  ) );
#9217 = PCURVE('',#9218,#9223);
#9218 = PLANE('',#9219);
#9219 = AXIS2_PLACEMENT_3D('',#9220,#9221,#9222);
#9220 = CARTESIAN_POINT('',(-40.,-170.,261.));
#9221 = DIRECTION('',(0.,1.,0.));
#9222 = DIRECTION('',(0.,0.,1.));
#9223 = DEFINITIONAL_REPRESENTATION('',(#9224),#9228);
#9224 = LINE('',#9225,#9226);
#9225 = CARTESIAN_POINT('',(101.,-2.5));
#9226 = VECTOR('',#9227,1.);
#9227 = DIRECTION('',(0.,-1.));
#9228 = ( GEOMETRIC_REPRESENTATION_CONTEXT(2) 
PARAMETRIC_REPRESENTATION_CONTEXT() REPRESENTATION_CONTEXT('2D SPACE',''
  ) );
#9229 = ORIENTED_EDGE('',*,*,#9230,.F.);
#9230 = EDGE_CURVE('',#9231,#9203,#9233,.T.);
#9231 = VERTEX_POINT('',#9232);
#9232 = CARTESIAN_POINT('',(40.,-175.083484861,362.));
#9233 = SURFACE_CURVE('',#9234,(#9238,#9245),.PCURVE_S1.);
#9234 = LINE('',#9235,#9236);
#9235 = CARTESIAN_POINT('',(40.,-232.5,362.));
#9236 = VECTOR('',#9237,1.);
#9237 = DIRECTION('',(0.,1.,0.));
#9238 = PCURVE('',#8895,#9239);
#9239 = DEFINITIONAL_REPRESENTATION('',(#9240),#9244);
#9240 = LINE('',#9241,#9242);
#9241 = CARTESIAN_POINT('',(85.,2.5));
#9242 = VECTOR('',#9243,1.);
#9243 = DIRECTION('',(0.,1.));
#9244 = ( GEOMETRIC_REPRESENTATION_CONTEXT(2) 
PARAMETRIC_REPRESENTATION_CONTEXT() REPRESENTATION_CONTEXT('2D SPACE',''
  ) );
#9245 = PCURVE('',#9246,#9251);
#9246 = PLANE('',#9247);
#9247 = AXIS2_PLACEMENT_3D('',#9248,#9249,#9250);
#9248 = CARTESIAN_POINT('',(40.,-230.,261.));
#9249 = DIRECTION('',(1.,0.,0.));
#9250 = DIRECTION('',(0.,0.,1.));
#9251 = DEFINITIONAL_REPRESENTATION('',(#9252),#9256);
#9252 = LINE('',#9253,#9254);
#9253 = CARTESIAN_POINT('',(101.,2.5));
#9254 = VECTOR('',#9255,1.);
#9255 = DIRECTION('',(0.,-1.));
#9256 = ( GEOMETRIC_REPRESENTATION_CONTEXT(2) 
PARAMETRIC_REPRESENTATION_CONTEXT() REPRESENTATION_CONTEXT('2D SPACE',''
  ) );
#9257 = ORIENTED_EDGE('',*,*,#9258,.T.);
#9258 = EDGE_CURVE('',#9231,#9259,#9261,.T.);
#9259 = VERTEX_POINT('',#9260);
#9260 = CARTESIAN_POINT('',(40.,-176.9165151389,362.));
#9261 = SURFACE_CURVE('',#9262,(#9267,#9278),.PCURVE_S1.);
#9262 = CIRCLE('',#9263,2.2);
#9263 = AXIS2_PLACEMENT_3D('',#9264,#9265,#9266);
#9264 = CARTESIAN_POINT('',(38.,-176.,362.));
#9265 = DIRECTION('',(0.,0.,-1.));
#9266 = DIRECTION('',(0.909090909091,0.41659779045,0.));
#9267 = PCURVE('',#8895,#9268);
#9268 = DEFINITIONAL_REPRESENTATION('',(#9269),#9277);
#9269 = ( BOUNDED_CURVE() B_SPLINE_CURVE(2,(#9270,#9271,#9272,#9273,
#9274,#9275,#9276),.UNSPECIFIED.,.T.,.F.) B_SPLINE_CURVE_WITH_KNOTS((1,2
    ,2,2,2,1),(-2.094395102393,0.,2.094395102393,4.188790204786,
6.28318530718,8.377580409573),.UNSPECIFIED.) CURVE() 
GEOMETRIC_REPRESENTATION_ITEM() RATIONAL_B_SPLINE_CURVE((1.,0.5,1.,0.5,
1.,0.5,1.)) REPRESENTATION_ITEM('') );
#9270 = CARTESIAN_POINT('',(85.000000000001,59.91651513899));
#9271 = CARTESIAN_POINT('',(86.587450786637,56.452413523851));
#9272 = CARTESIAN_POINT('',(82.793725393318,56.809691622936));
#9273 = CARTESIAN_POINT('',(78.999999999999,57.166969722021));
#9274 = CARTESIAN_POINT('',(81.206274606682,60.273793238075));
#9275 = CARTESIAN_POINT('',(83.412549213365,63.380616754129));
#9276 = CARTESIAN_POINT('',(85.000000000001,59.91651513899));
#9277 = ( GEOMETRIC_REPRESENTATION_CONTEXT(2) 
PARAMETRIC_REPRESENTATION_CONTEXT() REPRESENTATION_CONTEXT('2D SPACE',''
  ) );
#9278 = PCURVE('',#9279,#9284);
#9279 = CYLINDRICAL_SURFACE('',#9280,2.2);
#9280 = AXIS2_PLACEMENT_3D('',#9281,#9282,#9283);
#9281 = CARTESIAN_POINT('',(38.,-176.,312.));
#9282 = DIRECTION('',(-0.,-0.,-1.));
#9283 = DIRECTION('',(1.,0.,0.));
#9284 = DEFINITIONAL_REPRESENTATION('',(#9285),#9289);
#9285 = LINE('',#9286,#9287);
#9286 = CARTESIAN_POINT('',(-6.71288497333,-50.));
#9287 = VECTOR('',#9288,1.);
#9288 = DIRECTION('',(1.,-0.));
#9289 = ( GEOMETRIC_REPRESENTATION_CONTEXT(2) 
PARAMETRIC_REPRESENTATION_CONTEXT() REPRESENTATION_CONTEXT('2D SPACE',''
  ) );
#9290 = ORIENTED_EDGE('',*,*,#9291,.F.);
#9291 = EDGE_CURVE('',#9292,#9259,#9294,.T.);
#9292 = VERTEX_POINT('',#9293);
#9293 = CARTESIAN_POINT('',(40.,-215.,362.));
#9294 = SURFACE_CURVE('',#9295,(#9299,#9306),.PCURVE_S1.);
#9295 = LINE('',#9296,#9297);
#9296 = CARTESIAN_POINT('',(40.,-232.5,362.));
#9297 = VECTOR('',#9298,1.);
#9298 = DIRECTION('',(0.,1.,0.));
#9299 = PCURVE('',#8895,#9300);
#9300 = DEFINITIONAL_REPRESENTATION('',(#9301),#9305);
#9301 = LINE('',#9302,#9303);
#9302 = CARTESIAN_POINT('',(85.,2.5));
#9303 = VECTOR('',#9304,1.);
#9304 = DIRECTION('',(0.,1.));
#9305 = ( GEOMETRIC_REPRESENTATION_CONTEXT(2) 
PARAMETRIC_REPRESENTATION_CONTEXT() REPRESENTATION_CONTEXT('2D SPACE',''
  ) );
#9306 = PCURVE('',#9246,#9307);
#9307 = DEFINITIONAL_REPRESENTATION('',(#9308),#9312);
#9308 = LINE('',#9309,#9310);
#9309 = CARTESIAN_POINT('',(101.,2.5));
#9310 = VECTOR('',#9311,1.);
#9311 = DIRECTION('',(0.,-1.));
#9312 = ( GEOMETRIC_REPRESENTATION_CONTEXT(2) 
PARAMETRIC_REPRESENTATION_CONTEXT() REPRESENTATION_CONTEXT('2D SPACE',''
  ) );
#9313 = ORIENTED_EDGE('',*,*,#9314,.F.);
#9314 = EDGE_CURVE('',#9315,#9292,#9317,.T.);
#9315 = VERTEX_POINT('',#9316);
#9316 = CARTESIAN_POINT('',(45.,-215.,362.));
#9317 = SURFACE_CURVE('',#9318,(#9322,#9329),.PCURVE_S1.);
#9318 = LINE('',#9319,#9320);
#9319 = CARTESIAN_POINT('',(-13.,-215.,362.));
#9320 = VECTOR('',#9321,1.);
#9321 = DIRECTION('',(-1.,0.,0.));
#9322 = PCURVE('',#8895,#9323);
#9323 = DEFINITIONAL_REPRESENTATION('',(#9324),#9328);
#9324 = LINE('',#9325,#9326);
#9325 = CARTESIAN_POINT('',(32.,20.));
#9326 = VECTOR('',#9327,1.);
#9327 = DIRECTION('',(-1.,0.));
#9328 = ( GEOMETRIC_REPRESENTATION_CONTEXT(2) 
PARAMETRIC_REPRESENTATION_CONTEXT() REPRESENTATION_CONTEXT('2D SPACE',''
  ) );
#9329 = PCURVE('',#9330,#9335);
#9330 = PLANE('',#9331);
#9331 = AXIS2_PLACEMENT_3D('',#9332,#9333,#9334);
#9332 = CARTESIAN_POINT('',(19.,-215.,261.));
#9333 = DIRECTION('',(0.,1.,0.));
#9334 = DIRECTION('',(0.,0.,1.));
#9335 = DEFINITIONAL_REPRESENTATION('',(#9336),#9340);
#9336 = LINE('',#9337,#9338);
#9337 = CARTESIAN_POINT('',(101.,-32.));
#9338 = VECTOR('',#9339,1.);
#9339 = DIRECTION('',(0.,-1.));
#9340 = ( GEOMETRIC_REPRESENTATION_CONTEXT(2) 
PARAMETRIC_REPRESENTATION_CONTEXT() REPRESENTATION_CONTEXT('2D SPACE',''
  ) );
#9341 = ORIENTED_EDGE('',*,*,#9342,.T.);
#9342 = EDGE_CURVE('',#9315,#8987,#9343,.T.);
#9343 = SURFACE_CURVE('',#9344,(#9348,#9355),.PCURVE_S1.);
#9344 = LINE('',#9345,#9346);
#9345 = CARTESIAN_POINT('',(45.,-235.,362.));
#9346 = VECTOR('',#9347,1.);
#9347 = DIRECTION('',(0.,1.,0.));
#9348 = PCURVE('',#8895,#9349);
#9349 = DEFINITIONAL_REPRESENTATION('',(#9350),#9354);
#9350 = LINE('',#9351,#9352);
#9351 = CARTESIAN_POINT('',(90.,0.));
#9352 = VECTOR('',#9353,1.);
#9353 = DIRECTION('',(0.,1.));
#9354 = ( GEOMETRIC_REPRESENTATION_CONTEXT(2) 
PARAMETRIC_REPRESENTATION_CONTEXT() REPRESENTATION_CONTEXT('2D SPACE',''
  ) );
#9355 = PCURVE('',#9356,#9361);
#9356 = PLANE('',#9357);
#9357 = AXIS2_PLACEMENT_3D('',#9358,#9359,#9360);
#9358 = CARTESIAN_POINT('',(45.,-235.,262.));
#9359 = DIRECTION('',(1.,0.,0.));
#9360 = DIRECTION('',(0.,0.,1.));
#9361 = DEFINITIONAL_REPRESENTATION('',(#9362),#9366);
#9362 = LINE('',#9363,#9364);
#9363 = CARTESIAN_POINT('',(100.,0.));
#9364 = VECTOR('',#9365,1.);
#9365 = DIRECTION('',(0.,-1.));
#9366 = ( GEOMETRIC_REPRESENTATION_CONTEXT(2) 
PARAMETRIC_REPRESENTATION_CONTEXT() REPRESENTATION_CONTEXT('2D SPACE',''
  ) );
#9367 = ADVANCED_FACE('',(#9368),#8869,.T.);
#9368 = FACE_BOUND('',#9369,.T.);
#9369 = EDGE_LOOP('',(#9370,#9393,#9394,#9395));
#9370 = ORIENTED_EDGE('',*,*,#9371,.F.);
#9371 = EDGE_CURVE('',#8826,#9372,#9374,.T.);
#9372 = VERTEX_POINT('',#9373);
#9373 = CARTESIAN_POINT('',(45.,-165.,262.));
#9374 = SURFACE_CURVE('',#9375,(#9379,#9386),.PCURVE_S1.);
#9375 = LINE('',#9376,#9377);
#9376 = CARTESIAN_POINT('',(-45.,-165.,262.));
#9377 = VECTOR('',#9378,1.);
#9378 = DIRECTION('',(1.,0.,0.));
#9379 = PCURVE('',#8869,#9380);
#9380 = DEFINITIONAL_REPRESENTATION('',(#9381),#9385);
#9381 = LINE('',#9382,#9383);
#9382 = CARTESIAN_POINT('',(0.,0.));
#9383 = VECTOR('',#9384,1.);
#9384 = DIRECTION('',(0.,1.));
#9385 = ( GEOMETRIC_REPRESENTATION_CONTEXT(2) 
PARAMETRIC_REPRESENTATION_CONTEXT() REPRESENTATION_CONTEXT('2D SPACE',''
  ) );
#9386 = PCURVE('',#8841,#9387);
#9387 = DEFINITIONAL_REPRESENTATION('',(#9388),#9392);
#9388 = LINE('',#9389,#9390);
#9389 = CARTESIAN_POINT('',(0.,70.));
#9390 = VECTOR('',#9391,1.);
#9391 = DIRECTION('',(1.,0.));
#9392 = ( GEOMETRIC_REPRESENTATION_CONTEXT(2) 
PARAMETRIC_REPRESENTATION_CONTEXT() REPRESENTATION_CONTEXT('2D SPACE',''
  ) );
#9393 = ORIENTED_EDGE('',*,*,#8853,.T.);
#9394 = ORIENTED_EDGE('',*,*,#8986,.T.);
#9395 = ORIENTED_EDGE('',*,*,#9396,.F.);
#9396 = EDGE_CURVE('',#9372,#8987,#9397,.T.);
#9397 = SURFACE_CURVE('',#9398,(#9402,#9409),.PCURVE_S1.);
#9398 = LINE('',#9399,#9400);
#9399 = CARTESIAN_POINT('',(45.,-165.,262.));
#9400 = VECTOR('',#9401,1.);
#9401 = DIRECTION('',(0.,0.,1.));
#9402 = PCURVE('',#8869,#9403);
#9403 = DEFINITIONAL_REPRESENTATION('',(#9404),#9408);
#9404 = LINE('',#9405,#9406);
#9405 = CARTESIAN_POINT('',(0.,90.));
#9406 = VECTOR('',#9407,1.);
#9407 = DIRECTION('',(1.,0.));
#9408 = ( GEOMETRIC_REPRESENTATION_CONTEXT(2) 
PARAMETRIC_REPRESENTATION_CONTEXT() REPRESENTATION_CONTEXT('2D SPACE',''
  ) );
#9409 = PCURVE('',#9356,#9410);
#9410 = DEFINITIONAL_REPRESENTATION('',(#9411),#9415);
#9411 = LINE('',#9412,#9413);
#9412 = CARTESIAN_POINT('',(0.,-70.));
#9413 = VECTOR('',#9414,1.);
#9414 = DIRECTION('',(1.,0.));
#9415 = ( GEOMETRIC_REPRESENTATION_CONTEXT(2) 
PARAMETRIC_REPRESENTATION_CONTEXT() REPRESENTATION_CONTEXT('2D SPACE',''
  ) );
#9416 = ADVANCED_FACE('',(#9417),#8841,.F.);
#9417 = FACE_BOUND('',#9418,.F.);
#9418 = EDGE_LOOP('',(#9419,#9420,#9421,#9422,#9445,#9468,#9491,#9514,
    #9537,#9560));
#9419 = ORIENTED_EDGE('',*,*,#9371,.F.);
#9420 = ORIENTED_EDGE('',*,*,#8825,.F.);
#9421 = ORIENTED_EDGE('',*,*,#8910,.T.);
#9422 = ORIENTED_EDGE('',*,*,#9423,.T.);
#9423 = EDGE_CURVE('',#8911,#9424,#9426,.T.);
#9424 = VERTEX_POINT('',#9425);
#9425 = CARTESIAN_POINT('',(19.,-230.,262.));
#9426 = SURFACE_CURVE('',#9427,(#9431,#9438),.PCURVE_S1.);
#9427 = LINE('',#9428,#9429);
#9428 = CARTESIAN_POINT('',(19.,-235.,262.));
#9429 = VECTOR('',#9430,1.);
#9430 = DIRECTION('',(0.,1.,0.));
#9431 = PCURVE('',#8841,#9432);
#9432 = DEFINITIONAL_REPRESENTATION('',(#9433),#9437);
#9433 = LINE('',#9434,#9435);
#9434 = CARTESIAN_POINT('',(64.,0.));
#9435 = VECTOR('',#9436,1.);
#9436 = DIRECTION('',(0.,1.));
#9437 = ( GEOMETRIC_REPRESENTATION_CONTEXT(2) 
PARAMETRIC_REPRESENTATION_CONTEXT() REPRESENTATION_CONTEXT('2D SPACE',''
  ) );
#9438 = PCURVE('',#8971,#9439);
#9439 = DEFINITIONAL_REPRESENTATION('',(#9440),#9444);
#9440 = LINE('',#9441,#9442);
#9441 = CARTESIAN_POINT('',(1.,0.));
#9442 = VECTOR('',#9443,1.);
#9443 = DIRECTION('',(0.,-1.));
#9444 = ( GEOMETRIC_REPRESENTATION_CONTEXT(2) 
PARAMETRIC_REPRESENTATION_CONTEXT() REPRESENTATION_CONTEXT('2D SPACE',''
  ) );
#9445 = ORIENTED_EDGE('',*,*,#9446,.T.);
#9446 = EDGE_CURVE('',#9424,#9447,#9449,.T.);
#9447 = VERTEX_POINT('',#9448);
#9448 = CARTESIAN_POINT('',(-40.,-230.,262.));
#9449 = SURFACE_CURVE('',#9450,(#9454,#9461),.PCURVE_S1.);
#9450 = LINE('',#9451,#9452);
#9451 = CARTESIAN_POINT('',(-42.5,-230.,262.));
#9452 = VECTOR('',#9453,1.);
#9453 = DIRECTION('',(-1.,0.,0.));
#9454 = PCURVE('',#8841,#9455);
#9455 = DEFINITIONAL_REPRESENTATION('',(#9456),#9460);
#9456 = LINE('',#9457,#9458);
#9457 = CARTESIAN_POINT('',(2.5,5.));
#9458 = VECTOR('',#9459,1.);
#9459 = DIRECTION('',(-1.,0.));
#9460 = ( GEOMETRIC_REPRESENTATION_CONTEXT(2) 
PARAMETRIC_REPRESENTATION_CONTEXT() REPRESENTATION_CONTEXT('2D SPACE',''
  ) );
#9461 = PCURVE('',#9050,#9462);
#9462 = DEFINITIONAL_REPRESENTATION('',(#9463),#9467);
#9463 = LINE('',#9464,#9465);
#9464 = CARTESIAN_POINT('',(1.,-2.5));
#9465 = VECTOR('',#9466,1.);
#9466 = DIRECTION('',(0.,-1.));
#9467 = ( GEOMETRIC_REPRESENTATION_CONTEXT(2) 
PARAMETRIC_REPRESENTATION_CONTEXT() REPRESENTATION_CONTEXT('2D SPACE',''
  ) );
#9468 = ORIENTED_EDGE('',*,*,#9469,.T.);
#9469 = EDGE_CURVE('',#9447,#9470,#9472,.T.);
#9470 = VERTEX_POINT('',#9471);
#9471 = CARTESIAN_POINT('',(-40.,-170.,262.));
#9472 = SURFACE_CURVE('',#9473,(#9477,#9484),.PCURVE_S1.);
#9473 = LINE('',#9474,#9475);
#9474 = CARTESIAN_POINT('',(-40.,-232.5,262.));
#9475 = VECTOR('',#9476,1.);
#9476 = DIRECTION('',(0.,1.,0.));
#9477 = PCURVE('',#8841,#9478);
#9478 = DEFINITIONAL_REPRESENTATION('',(#9479),#9483);
#9479 = LINE('',#9480,#9481);
#9480 = CARTESIAN_POINT('',(5.,2.5));
#9481 = VECTOR('',#9482,1.);
#9482 = DIRECTION('',(0.,1.));
#9483 = ( GEOMETRIC_REPRESENTATION_CONTEXT(2) 
PARAMETRIC_REPRESENTATION_CONTEXT() REPRESENTATION_CONTEXT('2D SPACE',''
  ) );
#9484 = PCURVE('',#9078,#9485);
#9485 = DEFINITIONAL_REPRESENTATION('',(#9486),#9490);
#9486 = LINE('',#9487,#9488);
#9487 = CARTESIAN_POINT('',(1.,2.5));
#9488 = VECTOR('',#9489,1.);
#9489 = DIRECTION('',(0.,-1.));
#9490 = ( GEOMETRIC_REPRESENTATION_CONTEXT(2) 
PARAMETRIC_REPRESENTATION_CONTEXT() REPRESENTATION_CONTEXT('2D SPACE',''
  ) );
#9491 = ORIENTED_EDGE('',*,*,#9492,.F.);
#9492 = EDGE_CURVE('',#9493,#9470,#9495,.T.);
#9493 = VERTEX_POINT('',#9494);
#9494 = CARTESIAN_POINT('',(40.,-170.,262.));
#9495 = SURFACE_CURVE('',#9496,(#9500,#9507),.PCURVE_S1.);
#9496 = LINE('',#9497,#9498);
#9497 = CARTESIAN_POINT('',(-42.5,-170.,262.));
#9498 = VECTOR('',#9499,1.);
#9499 = DIRECTION('',(-1.,0.,0.));
#9500 = PCURVE('',#8841,#9501);
#9501 = DEFINITIONAL_REPRESENTATION('',(#9502),#9506);
#9502 = LINE('',#9503,#9504);
#9503 = CARTESIAN_POINT('',(2.5,65.));
#9504 = VECTOR('',#9505,1.);
#9505 = DIRECTION('',(-1.,0.));
#9506 = ( GEOMETRIC_REPRESENTATION_CONTEXT(2) 
PARAMETRIC_REPRESENTATION_CONTEXT() REPRESENTATION_CONTEXT('2D SPACE',''
  ) );
#9507 = PCURVE('',#9218,#9508);
#9508 = DEFINITIONAL_REPRESENTATION('',(#9509),#9513);
#9509 = LINE('',#9510,#9511);
#9510 = CARTESIAN_POINT('',(1.,-2.5));
#9511 = VECTOR('',#9512,1.);
#9512 = DIRECTION('',(0.,-1.));
#9513 = ( GEOMETRIC_REPRESENTATION_CONTEXT(2) 
PARAMETRIC_REPRESENTATION_CONTEXT() REPRESENTATION_CONTEXT('2D SPACE',''
  ) );
#9514 = ORIENTED_EDGE('',*,*,#9515,.F.);
#9515 = EDGE_CURVE('',#9516,#9493,#9518,.T.);
#9516 = VERTEX_POINT('',#9517);
#9517 = CARTESIAN_POINT('',(40.,-215.,262.));
#9518 = SURFACE_CURVE('',#9519,(#9523,#9530),.PCURVE_S1.);
#9519 = LINE('',#9520,#9521);
#9520 = CARTESIAN_POINT('',(40.,-232.5,262.));
#9521 = VECTOR('',#9522,1.);
#9522 = DIRECTION('',(0.,1.,0.));
#9523 = PCURVE('',#8841,#9524);
#9524 = DEFINITIONAL_REPRESENTATION('',(#9525),#9529);
#9525 = LINE('',#9526,#9527);
#9526 = CARTESIAN_POINT('',(85.,2.5));
#9527 = VECTOR('',#9528,1.);
#9528 = DIRECTION('',(0.,1.));
#9529 = ( GEOMETRIC_REPRESENTATION_CONTEXT(2) 
PARAMETRIC_REPRESENTATION_CONTEXT() REPRESENTATION_CONTEXT('2D SPACE',''
  ) );
#9530 = PCURVE('',#9246,#9531);
#9531 = DEFINITIONAL_REPRESENTATION('',(#9532),#9536);
#9532 = LINE('',#9533,#9534);
#9533 = CARTESIAN_POINT('',(1.,2.5));
#9534 = VECTOR('',#9535,1.);
#9535 = DIRECTION('',(0.,-1.));
#9536 = ( GEOMETRIC_REPRESENTATION_CONTEXT(2) 
PARAMETRIC_REPRESENTATION_CONTEXT() REPRESENTATION_CONTEXT('2D SPACE',''
  ) );
#9537 = ORIENTED_EDGE('',*,*,#9538,.F.);
#9538 = EDGE_CURVE('',#9539,#9516,#9541,.T.);
#9539 = VERTEX_POINT('',#9540);
#9540 = CARTESIAN_POINT('',(45.,-215.,262.));
#9541 = SURFACE_CURVE('',#9542,(#9546,#9553),.PCURVE_S1.);
#9542 = LINE('',#9543,#9544);
#9543 = CARTESIAN_POINT('',(-13.,-215.,262.));
#9544 = VECTOR('',#9545,1.);
#9545 = DIRECTION('',(-1.,0.,0.));
#9546 = PCURVE('',#8841,#9547);
#9547 = DEFINITIONAL_REPRESENTATION('',(#9548),#9552);
#9548 = LINE('',#9549,#9550);
#9549 = CARTESIAN_POINT('',(32.,20.));
#9550 = VECTOR('',#9551,1.);
#9551 = DIRECTION('',(-1.,0.));
#9552 = ( GEOMETRIC_REPRESENTATION_CONTEXT(2) 
PARAMETRIC_REPRESENTATION_CONTEXT() REPRESENTATION_CONTEXT('2D SPACE',''
  ) );
#9553 = PCURVE('',#9330,#9554);
#9554 = DEFINITIONAL_REPRESENTATION('',(#9555),#9559);
#9555 = LINE('',#9556,#9557);
#9556 = CARTESIAN_POINT('',(1.,-32.));
#9557 = VECTOR('',#9558,1.);
#9558 = DIRECTION('',(0.,-1.));
#9559 = ( GEOMETRIC_REPRESENTATION_CONTEXT(2) 
PARAMETRIC_REPRESENTATION_CONTEXT() REPRESENTATION_CONTEXT('2D SPACE',''
  ) );
#9560 = ORIENTED_EDGE('',*,*,#9561,.T.);
#9561 = EDGE_CURVE('',#9539,#9372,#9562,.T.);
#9562 = SURFACE_CURVE('',#9563,(#9567,#9574),.PCURVE_S1.);
#9563 = LINE('',#9564,#9565);
#9564 = CARTESIAN_POINT('',(45.,-235.,262.));
#9565 = VECTOR('',#9566,1.);
#9566 = DIRECTION('',(0.,1.,0.));
#9567 = PCURVE('',#8841,#9568);
#9568 = DEFINITIONAL_REPRESENTATION('',(#9569),#9573);
#9569 = LINE('',#9570,#9571);
#9570 = CARTESIAN_POINT('',(90.,0.));
#9571 = VECTOR('',#9572,1.);
#9572 = DIRECTION('',(0.,1.));
#9573 = ( GEOMETRIC_REPRESENTATION_CONTEXT(2) 
PARAMETRIC_REPRESENTATION_CONTEXT() REPRESENTATION_CONTEXT('2D SPACE',''
  ) );
#9574 = PCURVE('',#9356,#9575);
#9575 = DEFINITIONAL_REPRESENTATION('',(#9576),#9580);
#9576 = LINE('',#9577,#9578);
#9577 = CARTESIAN_POINT('',(0.,0.));
#9578 = VECTOR('',#9579,1.);
#9579 = DIRECTION('',(0.,-1.));
#9580 = ( GEOMETRIC_REPRESENTATION_CONTEXT(2) 
PARAMETRIC_REPRESENTATION_CONTEXT() REPRESENTATION_CONTEXT('2D SPACE',''
  ) );
#9581 = ADVANCED_FACE('',(#9582),#8971,.T.);
#9582 = FACE_BOUND('',#9583,.T.);
#9583 = EDGE_LOOP('',(#9584,#9585,#9586,#9607));
#9584 = ORIENTED_EDGE('',*,*,#8957,.F.);
#9585 = ORIENTED_EDGE('',*,*,#9423,.T.);
#9586 = ORIENTED_EDGE('',*,*,#9587,.F.);
#9587 = EDGE_CURVE('',#9012,#9424,#9588,.T.);
#9588 = SURFACE_CURVE('',#9589,(#9593,#9600),.PCURVE_S1.);
#9589 = LINE('',#9590,#9591);
#9590 = CARTESIAN_POINT('',(19.,-230.,261.));
#9591 = VECTOR('',#9592,1.);
#9592 = DIRECTION('',(0.,0.,-1.));
#9593 = PCURVE('',#8971,#9594);
#9594 = DEFINITIONAL_REPRESENTATION('',(#9595),#9599);
#9595 = LINE('',#9596,#9597);
#9596 = CARTESIAN_POINT('',(0.,-5.));
#9597 = VECTOR('',#9598,1.);
#9598 = DIRECTION('',(-1.,0.));
#9599 = ( GEOMETRIC_REPRESENTATION_CONTEXT(2) 
PARAMETRIC_REPRESENTATION_CONTEXT() REPRESENTATION_CONTEXT('2D SPACE',''
  ) );
#9600 = PCURVE('',#9050,#9601);
#9601 = DEFINITIONAL_REPRESENTATION('',(#9602),#9606);
#9602 = LINE('',#9603,#9604);
#9603 = CARTESIAN_POINT('',(0.,59.));
#9604 = VECTOR('',#9605,1.);
#9605 = DIRECTION('',(-1.,0.));
#9606 = ( GEOMETRIC_REPRESENTATION_CONTEXT(2) 
PARAMETRIC_REPRESENTATION_CONTEXT() REPRESENTATION_CONTEXT('2D SPACE',''
  ) );
#9607 = ORIENTED_EDGE('',*,*,#9011,.F.);
#9608 = ADVANCED_FACE('',(#9609),#9356,.T.);
#9609 = FACE_BOUND('',#9610,.T.);
#9610 = EDGE_LOOP('',(#9611,#9612,#9633,#9634));
#9611 = ORIENTED_EDGE('',*,*,#9342,.F.);
#9612 = ORIENTED_EDGE('',*,*,#9613,.F.);
#9613 = EDGE_CURVE('',#9539,#9315,#9614,.T.);
#9614 = SURFACE_CURVE('',#9615,(#9619,#9626),.PCURVE_S1.);
#9615 = LINE('',#9616,#9617);
#9616 = CARTESIAN_POINT('',(45.,-215.,261.));
#9617 = VECTOR('',#9618,1.);
#9618 = DIRECTION('',(0.,0.,1.));
#9619 = PCURVE('',#9356,#9620);
#9620 = DEFINITIONAL_REPRESENTATION('',(#9621),#9625);
#9621 = LINE('',#9622,#9623);
#9622 = CARTESIAN_POINT('',(-1.,-20.));
#9623 = VECTOR('',#9624,1.);
#9624 = DIRECTION('',(1.,0.));
#9625 = ( GEOMETRIC_REPRESENTATION_CONTEXT(2) 
PARAMETRIC_REPRESENTATION_CONTEXT() REPRESENTATION_CONTEXT('2D SPACE',''
  ) );
#9626 = PCURVE('',#9330,#9627);
#9627 = DEFINITIONAL_REPRESENTATION('',(#9628),#9632);
#9628 = LINE('',#9629,#9630);
#9629 = CARTESIAN_POINT('',(0.,26.));
#9630 = VECTOR('',#9631,1.);
#9631 = DIRECTION('',(1.,0.));
#9632 = ( GEOMETRIC_REPRESENTATION_CONTEXT(2) 
PARAMETRIC_REPRESENTATION_CONTEXT() REPRESENTATION_CONTEXT('2D SPACE',''
  ) );
#9633 = ORIENTED_EDGE('',*,*,#9561,.T.);
#9634 = ORIENTED_EDGE('',*,*,#9396,.T.);
#9635 = ADVANCED_FACE('',(#9636),#9330,.F.);
#9636 = FACE_BOUND('',#9637,.F.);
#9637 = EDGE_LOOP('',(#9638,#9639,#9640,#9661));
#9638 = ORIENTED_EDGE('',*,*,#9613,.F.);
#9639 = ORIENTED_EDGE('',*,*,#9538,.T.);
#9640 = ORIENTED_EDGE('',*,*,#9641,.T.);
#9641 = EDGE_CURVE('',#9516,#9292,#9642,.T.);
#9642 = SURFACE_CURVE('',#9643,(#9647,#9654),.PCURVE_S1.);
#9643 = LINE('',#9644,#9645);
#9644 = CARTESIAN_POINT('',(40.,-215.,261.));
#9645 = VECTOR('',#9646,1.);
#9646 = DIRECTION('',(0.,0.,1.));
#9647 = PCURVE('',#9330,#9648);
#9648 = DEFINITIONAL_REPRESENTATION('',(#9649),#9653);
#9649 = LINE('',#9650,#9651);
#9650 = CARTESIAN_POINT('',(0.,21.));
#9651 = VECTOR('',#9652,1.);
#9652 = DIRECTION('',(1.,0.));
#9653 = ( GEOMETRIC_REPRESENTATION_CONTEXT(2) 
PARAMETRIC_REPRESENTATION_CONTEXT() REPRESENTATION_CONTEXT('2D SPACE',''
  ) );
#9654 = PCURVE('',#9246,#9655);
#9655 = DEFINITIONAL_REPRESENTATION('',(#9656),#9660);
#9656 = LINE('',#9657,#9658);
#9657 = CARTESIAN_POINT('',(0.,-15.));
#9658 = VECTOR('',#9659,1.);
#9659 = DIRECTION('',(1.,0.));
#9660 = ( GEOMETRIC_REPRESENTATION_CONTEXT(2) 
PARAMETRIC_REPRESENTATION_CONTEXT() REPRESENTATION_CONTEXT('2D SPACE',''
  ) );
#9661 = ORIENTED_EDGE('',*,*,#9314,.F.);
#9662 = ADVANCED_FACE('',(#9663),#9246,.F.);
#9663 = FACE_BOUND('',#9664,.F.);
#9664 = EDGE_LOOP('',(#9665,#9666,#9667,#9688,#9689,#9712,#9740,#9761));
#9665 = ORIENTED_EDGE('',*,*,#9641,.F.);
#9666 = ORIENTED_EDGE('',*,*,#9515,.T.);
#9667 = ORIENTED_EDGE('',*,*,#9668,.F.);
#9668 = EDGE_CURVE('',#9203,#9493,#9669,.T.);
#9669 = SURFACE_CURVE('',#9670,(#9674,#9681),.PCURVE_S1.);
#9670 = LINE('',#9671,#9672);
#9671 = CARTESIAN_POINT('',(40.,-170.,362.));
#9672 = VECTOR('',#9673,1.);
#9673 = DIRECTION('',(0.,0.,-1.));
#9674 = PCURVE('',#9246,#9675);
#9675 = DEFINITIONAL_REPRESENTATION('',(#9676),#9680);
#9676 = LINE('',#9677,#9678);
#9677 = CARTESIAN_POINT('',(101.,-60.));
#9678 = VECTOR('',#9679,1.);
#9679 = DIRECTION('',(-1.,0.));
#9680 = ( GEOMETRIC_REPRESENTATION_CONTEXT(2) 
PARAMETRIC_REPRESENTATION_CONTEXT() REPRESENTATION_CONTEXT('2D SPACE',''
  ) );
#9681 = PCURVE('',#9218,#9682);
#9682 = DEFINITIONAL_REPRESENTATION('',(#9683),#9687);
#9683 = LINE('',#9684,#9685);
#9684 = CARTESIAN_POINT('',(101.,80.));
#9685 = VECTOR('',#9686,1.);
#9686 = DIRECTION('',(-1.,0.));
#9687 = ( GEOMETRIC_REPRESENTATION_CONTEXT(2) 
PARAMETRIC_REPRESENTATION_CONTEXT() REPRESENTATION_CONTEXT('2D SPACE',''
  ) );
#9688 = ORIENTED_EDGE('',*,*,#9230,.F.);
#9689 = ORIENTED_EDGE('',*,*,#9690,.T.);
#9690 = EDGE_CURVE('',#9231,#9691,#9693,.T.);
#9691 = VERTEX_POINT('',#9692);
#9692 = CARTESIAN_POINT('',(40.,-175.083484861,312.));
#9693 = SURFACE_CURVE('',#9694,(#9698,#9705),.PCURVE_S1.);
#9694 = LINE('',#9695,#9696);
#9695 = CARTESIAN_POINT('',(40.,-175.083484861,312.));
#9696 = VECTOR('',#9697,1.);
#9697 = DIRECTION('',(-0.,-0.,-1.));
#9698 = PCURVE('',#9246,#9699);
#9699 = DEFINITIONAL_REPRESENTATION('',(#9700),#9704);
#9700 = LINE('',#9701,#9702);
#9701 = CARTESIAN_POINT('',(51.,-54.91651513899));
#9702 = VECTOR('',#9703,1.);
#9703 = DIRECTION('',(-1.,0.));
#9704 = ( GEOMETRIC_REPRESENTATION_CONTEXT(2) 
PARAMETRIC_REPRESENTATION_CONTEXT() REPRESENTATION_CONTEXT('2D SPACE',''
  ) );
#9705 = PCURVE('',#9279,#9706);
#9706 = DEFINITIONAL_REPRESENTATION('',(#9707),#9711);
#9707 = LINE('',#9708,#9709);
#9708 = CARTESIAN_POINT('',(-6.712884973331,0.));
#9709 = VECTOR('',#9710,1.);
#9710 = DIRECTION('',(-0.,1.));
#9711 = ( GEOMETRIC_REPRESENTATION_CONTEXT(2) 
PARAMETRIC_REPRESENTATION_CONTEXT() REPRESENTATION_CONTEXT('2D SPACE',''
  ) );
#9712 = ORIENTED_EDGE('',*,*,#9713,.T.);
#9713 = EDGE_CURVE('',#9691,#9714,#9716,.T.);
#9714 = VERTEX_POINT('',#9715);
#9715 = CARTESIAN_POINT('',(40.,-176.9165151389,312.));
#9716 = SURFACE_CURVE('',#9717,(#9721,#9728),.PCURVE_S1.);
#9717 = LINE('',#9718,#9719);
#9718 = CARTESIAN_POINT('',(40.,-203.,312.));
#9719 = VECTOR('',#9720,1.);
#9720 = DIRECTION('',(0.,-1.,0.));
#9721 = PCURVE('',#9246,#9722);
#9722 = DEFINITIONAL_REPRESENTATION('',(#9723),#9727);
#9723 = LINE('',#9724,#9725);
#9724 = CARTESIAN_POINT('',(51.,-27.));
#9725 = VECTOR('',#9726,1.);
#9726 = DIRECTION('',(0.,1.));
#9727 = ( GEOMETRIC_REPRESENTATION_CONTEXT(2) 
PARAMETRIC_REPRESENTATION_CONTEXT() REPRESENTATION_CONTEXT('2D SPACE',''
  ) );
#9728 = PCURVE('',#9729,#9734);
#9729 = PLANE('',#9730);
#9730 = AXIS2_PLACEMENT_3D('',#9731,#9732,#9733);
#9731 = CARTESIAN_POINT('',(38.,-176.,312.));
#9732 = DIRECTION('',(0.,0.,1.));
#9733 = DIRECTION('',(1.,0.,-0.));
#9734 = DEFINITIONAL_REPRESENTATION('',(#9735),#9739);
#9735 = LINE('',#9736,#9737);
#9736 = CARTESIAN_POINT('',(2.,-27.));
#9737 = VECTOR('',#9738,1.);
#9738 = DIRECTION('',(0.,-1.));
#9739 = ( GEOMETRIC_REPRESENTATION_CONTEXT(2) 
PARAMETRIC_REPRESENTATION_CONTEXT() REPRESENTATION_CONTEXT('2D SPACE',''
  ) );
#9740 = ORIENTED_EDGE('',*,*,#9741,.F.);
#9741 = EDGE_CURVE('',#9259,#9714,#9742,.T.);
#9742 = SURFACE_CURVE('',#9743,(#9747,#9754),.PCURVE_S1.);
#9743 = LINE('',#9744,#9745);
#9744 = CARTESIAN_POINT('',(40.,-176.9165151389,312.));
#9745 = VECTOR('',#9746,1.);
#9746 = DIRECTION('',(-0.,-0.,-1.));
#9747 = PCURVE('',#9246,#9748);
#9748 = DEFINITIONAL_REPRESENTATION('',(#9749),#9753);
#9749 = LINE('',#9750,#9751);
#9750 = CARTESIAN_POINT('',(51.,-53.083484861));
#9751 = VECTOR('',#9752,1.);
#9752 = DIRECTION('',(-1.,0.));
#9753 = ( GEOMETRIC_REPRESENTATION_CONTEXT(2) 
PARAMETRIC_REPRESENTATION_CONTEXT() REPRESENTATION_CONTEXT('2D SPACE',''
  ) );
#9754 = PCURVE('',#9279,#9755);
#9755 = DEFINITIONAL_REPRESENTATION('',(#9756),#9760);
#9756 = LINE('',#9757,#9758);
#9757 = CARTESIAN_POINT('',(-5.853485641028,0.));
#9758 = VECTOR('',#9759,1.);
#9759 = DIRECTION('',(-0.,1.));
#9760 = ( GEOMETRIC_REPRESENTATION_CONTEXT(2) 
PARAMETRIC_REPRESENTATION_CONTEXT() REPRESENTATION_CONTEXT('2D SPACE',''
  ) );
#9761 = ORIENTED_EDGE('',*,*,#9291,.F.);
#9762 = ADVANCED_FACE('',(#9763),#9279,.F.);
#9763 = FACE_BOUND('',#9764,.T.);
#9764 = EDGE_LOOP('',(#9765,#9766,#9767,#9793));
#9765 = ORIENTED_EDGE('',*,*,#9258,.F.);
#9766 = ORIENTED_EDGE('',*,*,#9690,.T.);
#9767 = ORIENTED_EDGE('',*,*,#9768,.T.);
#9768 = EDGE_CURVE('',#9691,#9714,#9769,.T.);
#9769 = SURFACE_CURVE('',#9770,(#9775,#9782),.PCURVE_S1.);
#9770 = CIRCLE('',#9771,2.2);
#9771 = AXIS2_PLACEMENT_3D('',#9772,#9773,#9774);
#9772 = CARTESIAN_POINT('',(38.,-176.,312.));
#9773 = DIRECTION('',(0.,0.,-1.));
#9774 = DIRECTION('',(0.909090909091,0.416597790451,0.));
#9775 = PCURVE('',#9279,#9776);
#9776 = DEFINITIONAL_REPRESENTATION('',(#9777),#9781);
#9777 = LINE('',#9778,#9779);
#9778 = CARTESIAN_POINT('',(-6.712884973331,0.));
#9779 = VECTOR('',#9780,1.);
#9780 = DIRECTION('',(1.,-0.));
#9781 = ( GEOMETRIC_REPRESENTATION_CONTEXT(2) 
PARAMETRIC_REPRESENTATION_CONTEXT() REPRESENTATION_CONTEXT('2D SPACE',''
  ) );
#9782 = PCURVE('',#9729,#9783);
#9783 = DEFINITIONAL_REPRESENTATION('',(#9784),#9792);
#9784 = ( BOUNDED_CURVE() B_SPLINE_CURVE(2,(#9785,#9786,#9787,#9788,
#9789,#9790,#9791),.UNSPECIFIED.,.T.,.F.) B_SPLINE_CURVE_WITH_KNOTS((1,2
    ,2,2,2,1),(-2.094395102393,0.,2.094395102393,4.188790204786,
6.28318530718,8.377580409573),.UNSPECIFIED.) CURVE() 
GEOMETRIC_REPRESENTATION_ITEM() RATIONAL_B_SPLINE_CURVE((1.,0.5,1.,0.5,
1.,0.5,1.)) REPRESENTATION_ITEM('') );
#9785 = CARTESIAN_POINT('',(2.,0.916515138991));
#9786 = CARTESIAN_POINT('',(3.587450786639,-2.547586476147));
#9787 = CARTESIAN_POINT('',(-0.206274606681,-2.190308377064));
#9788 = CARTESIAN_POINT('',(-4.,-1.833030277982));
#9789 = CARTESIAN_POINT('',(-1.793725393319,1.273793238073));
#9790 = CARTESIAN_POINT('',(0.412549213361,4.380616754129));
#9791 = CARTESIAN_POINT('',(2.,0.916515138991));
#9792 = ( GEOMETRIC_REPRESENTATION_CONTEXT(2) 
PARAMETRIC_REPRESENTATION_CONTEXT() REPRESENTATION_CONTEXT('2D SPACE',''
  ) );
#9793 = ORIENTED_EDGE('',*,*,#9741,.F.);
#9794 = ADVANCED_FACE('',(#9795),#9218,.F.);
#9795 = FACE_BOUND('',#9796,.F.);
#9796 = EDGE_LOOP('',(#9797,#9798,#9819,#9820));
#9797 = ORIENTED_EDGE('',*,*,#9492,.T.);
#9798 = ORIENTED_EDGE('',*,*,#9799,.F.);
#9799 = EDGE_CURVE('',#9180,#9470,#9800,.T.);
#9800 = SURFACE_CURVE('',#9801,(#9805,#9812),.PCURVE_S1.);
#9801 = LINE('',#9802,#9803);
#9802 = CARTESIAN_POINT('',(-40.,-170.,362.));
#9803 = VECTOR('',#9804,1.);
#9804 = DIRECTION('',(0.,0.,-1.));
#9805 = PCURVE('',#9218,#9806);
#9806 = DEFINITIONAL_REPRESENTATION('',(#9807),#9811);
#9807 = LINE('',#9808,#9809);
#9808 = CARTESIAN_POINT('',(101.,0.));
#9809 = VECTOR('',#9810,1.);
#9810 = DIRECTION('',(-1.,0.));
#9811 = ( GEOMETRIC_REPRESENTATION_CONTEXT(2) 
PARAMETRIC_REPRESENTATION_CONTEXT() REPRESENTATION_CONTEXT('2D SPACE',''
  ) );
#9812 = PCURVE('',#9078,#9813);
#9813 = DEFINITIONAL_REPRESENTATION('',(#9814),#9818);
#9814 = LINE('',#9815,#9816);
#9815 = CARTESIAN_POINT('',(101.,-60.));
#9816 = VECTOR('',#9817,1.);
#9817 = DIRECTION('',(-1.,0.));
#9818 = ( GEOMETRIC_REPRESENTATION_CONTEXT(2) 
PARAMETRIC_REPRESENTATION_CONTEXT() REPRESENTATION_CONTEXT('2D SPACE',''
  ) );
#9819 = ORIENTED_EDGE('',*,*,#9202,.F.);
#9820 = ORIENTED_EDGE('',*,*,#9668,.T.);
#9821 = ADVANCED_FACE('',(#9822),#9078,.T.);
#9822 = FACE_BOUND('',#9823,.T.);
#9823 = EDGE_LOOP('',(#9824,#9845,#9846,#9847,#9848,#9871,#9899,#9920,
    #9921,#9944,#9972,#9993));
#9824 = ORIENTED_EDGE('',*,*,#9825,.F.);
#9825 = EDGE_CURVE('',#9447,#9035,#9826,.T.);
#9826 = SURFACE_CURVE('',#9827,(#9831,#9838),.PCURVE_S1.);
#9827 = LINE('',#9828,#9829);
#9828 = CARTESIAN_POINT('',(-40.,-230.,262.));
#9829 = VECTOR('',#9830,1.);
#9830 = DIRECTION('',(0.,0.,1.));
#9831 = PCURVE('',#9078,#9832);
#9832 = DEFINITIONAL_REPRESENTATION('',(#9833),#9837);
#9833 = LINE('',#9834,#9835);
#9834 = CARTESIAN_POINT('',(1.,0.));
#9835 = VECTOR('',#9836,1.);
#9836 = DIRECTION('',(1.,0.));
#9837 = ( GEOMETRIC_REPRESENTATION_CONTEXT(2) 
PARAMETRIC_REPRESENTATION_CONTEXT() REPRESENTATION_CONTEXT('2D SPACE',''
  ) );
#9838 = PCURVE('',#9050,#9839);
#9839 = DEFINITIONAL_REPRESENTATION('',(#9840),#9844);
#9840 = LINE('',#9841,#9842);
#9841 = CARTESIAN_POINT('',(1.,0.));
#9842 = VECTOR('',#9843,1.);
#9843 = DIRECTION('',(1.,0.));
#9844 = ( GEOMETRIC_REPRESENTATION_CONTEXT(2) 
PARAMETRIC_REPRESENTATION_CONTEXT() REPRESENTATION_CONTEXT('2D SPACE',''
  ) );
#9845 = ORIENTED_EDGE('',*,*,#9469,.T.);
#9846 = ORIENTED_EDGE('',*,*,#9799,.F.);
#9847 = ORIENTED_EDGE('',*,*,#9179,.F.);
#9848 = ORIENTED_EDGE('',*,*,#9849,.T.);
#9849 = EDGE_CURVE('',#9147,#9850,#9852,.T.);
#9850 = VERTEX_POINT('',#9851);
#9851 = CARTESIAN_POINT('',(-40.,-175.083484861,312.));
#9852 = SURFACE_CURVE('',#9853,(#9857,#9864),.PCURVE_S1.);
#9853 = LINE('',#9854,#9855);
#9854 = CARTESIAN_POINT('',(-40.,-175.083484861,312.));
#9855 = VECTOR('',#9856,1.);
#9856 = DIRECTION('',(-0.,-0.,-1.));
#9857 = PCURVE('',#9078,#9858);
#9858 = DEFINITIONAL_REPRESENTATION('',(#9859),#9863);
#9859 = LINE('',#9860,#9861);
#9860 = CARTESIAN_POINT('',(51.,-54.91651513899));
#9861 = VECTOR('',#9862,1.);
#9862 = DIRECTION('',(-1.,0.));
#9863 = ( GEOMETRIC_REPRESENTATION_CONTEXT(2) 
PARAMETRIC_REPRESENTATION_CONTEXT() REPRESENTATION_CONTEXT('2D SPACE',''
  ) );
#9864 = PCURVE('',#9167,#9865);
#9865 = DEFINITIONAL_REPRESENTATION('',(#9866),#9870);
#9866 = LINE('',#9867,#9868);
#9867 = CARTESIAN_POINT('',(-2.711892987438,0.));
#9868 = VECTOR('',#9869,1.);
#9869 = DIRECTION('',(-0.,1.));
#9870 = ( GEOMETRIC_REPRESENTATION_CONTEXT(2) 
PARAMETRIC_REPRESENTATION_CONTEXT() REPRESENTATION_CONTEXT('2D SPACE',''
  ) );
#9871 = ORIENTED_EDGE('',*,*,#9872,.T.);
#9872 = EDGE_CURVE('',#9850,#9873,#9875,.T.);
#9873 = VERTEX_POINT('',#9874);
#9874 = CARTESIAN_POINT('',(-40.,-176.9165151389,312.));
#9875 = SURFACE_CURVE('',#9876,(#9880,#9887),.PCURVE_S1.);
#9876 = LINE('',#9877,#9878);
#9877 = CARTESIAN_POINT('',(-40.,-203.,312.));
#9878 = VECTOR('',#9879,1.);
#9879 = DIRECTION('',(0.,-1.,0.));
#9880 = PCURVE('',#9078,#9881);
#9881 = DEFINITIONAL_REPRESENTATION('',(#9882),#9886);
#9882 = LINE('',#9883,#9884);
#9883 = CARTESIAN_POINT('',(51.,-27.));
#9884 = VECTOR('',#9885,1.);
#9885 = DIRECTION('',(0.,1.));
#9886 = ( GEOMETRIC_REPRESENTATION_CONTEXT(2) 
PARAMETRIC_REPRESENTATION_CONTEXT() REPRESENTATION_CONTEXT('2D SPACE',''
  ) );
#9887 = PCURVE('',#9888,#9893);
#9888 = PLANE('',#9889);
#9889 = AXIS2_PLACEMENT_3D('',#9890,#9891,#9892);
#9890 = CARTESIAN_POINT('',(-38.,-176.,312.));
#9891 = DIRECTION('',(0.,0.,1.));
#9892 = DIRECTION('',(1.,0.,-0.));
#9893 = DEFINITIONAL_REPRESENTATION('',(#9894),#9898);
#9894 = LINE('',#9895,#9896);
#9895 = CARTESIAN_POINT('',(-2.,-27.));
#9896 = VECTOR('',#9897,1.);
#9897 = DIRECTION('',(0.,-1.));
#9898 = ( GEOMETRIC_REPRESENTATION_CONTEXT(2) 
PARAMETRIC_REPRESENTATION_CONTEXT() REPRESENTATION_CONTEXT('2D SPACE',''
  ) );
#9899 = ORIENTED_EDGE('',*,*,#9900,.F.);
#9900 = EDGE_CURVE('',#9124,#9873,#9901,.T.);
#9901 = SURFACE_CURVE('',#9902,(#9906,#9913),.PCURVE_S1.);
#9902 = LINE('',#9903,#9904);
#9903 = CARTESIAN_POINT('',(-40.,-176.9165151389,312.));
#9904 = VECTOR('',#9905,1.);
#9905 = DIRECTION('',(-0.,-0.,-1.));
#9906 = PCURVE('',#9078,#9907);
#9907 = DEFINITIONAL_REPRESENTATION('',(#9908),#9912);
#9908 = LINE('',#9909,#9910);
#9909 = CARTESIAN_POINT('',(51.,-53.083484861));
#9910 = VECTOR('',#9911,1.);
#9911 = DIRECTION('',(-1.,0.));
#9912 = ( GEOMETRIC_REPRESENTATION_CONTEXT(2) 
PARAMETRIC_REPRESENTATION_CONTEXT() REPRESENTATION_CONTEXT('2D SPACE',''
  ) );
#9913 = PCURVE('',#9167,#9914);
#9914 = DEFINITIONAL_REPRESENTATION('',(#9915),#9919);
#9915 = LINE('',#9916,#9917);
#9916 = CARTESIAN_POINT('',(-3.571292319741,0.));
#9917 = VECTOR('',#9918,1.);
#9918 = DIRECTION('',(-0.,1.));
#9919 = ( GEOMETRIC_REPRESENTATION_CONTEXT(2) 
PARAMETRIC_REPRESENTATION_CONTEXT() REPRESENTATION_CONTEXT('2D SPACE',''
  ) );
#9920 = ORIENTED_EDGE('',*,*,#9123,.F.);
#9921 = ORIENTED_EDGE('',*,*,#9922,.T.);
#9922 = EDGE_CURVE('',#9091,#9923,#9925,.T.);
#9923 = VERTEX_POINT('',#9924);
#9924 = CARTESIAN_POINT('',(-40.,-223.083484861,312.));
#9925 = SURFACE_CURVE('',#9926,(#9930,#9937),.PCURVE_S1.);
#9926 = LINE('',#9927,#9928);
#9927 = CARTESIAN_POINT('',(-40.,-223.083484861,312.));
#9928 = VECTOR('',#9929,1.);
#9929 = DIRECTION('',(-0.,-0.,-1.));
#9930 = PCURVE('',#9078,#9931);
#9931 = DEFINITIONAL_REPRESENTATION('',(#9932),#9936);
#9932 = LINE('',#9933,#9934);
#9933 = CARTESIAN_POINT('',(51.,-6.916515138991));
#9934 = VECTOR('',#9935,1.);
#9935 = DIRECTION('',(-1.,0.));
#9936 = ( GEOMETRIC_REPRESENTATION_CONTEXT(2) 
PARAMETRIC_REPRESENTATION_CONTEXT() REPRESENTATION_CONTEXT('2D SPACE',''
  ) );
#9937 = PCURVE('',#9111,#9938);
#9938 = DEFINITIONAL_REPRESENTATION('',(#9939),#9943);
#9939 = LINE('',#9940,#9941);
#9940 = CARTESIAN_POINT('',(-2.711892987438,0.));
#9941 = VECTOR('',#9942,1.);
#9942 = DIRECTION('',(-0.,1.));
#9943 = ( GEOMETRIC_REPRESENTATION_CONTEXT(2) 
PARAMETRIC_REPRESENTATION_CONTEXT() REPRESENTATION_CONTEXT('2D SPACE',''
  ) );
#9944 = ORIENTED_EDGE('',*,*,#9945,.T.);
#9945 = EDGE_CURVE('',#9923,#9946,#9948,.T.);
#9946 = VERTEX_POINT('',#9947);
#9947 = CARTESIAN_POINT('',(-40.,-224.9165151389,312.));
#9948 = SURFACE_CURVE('',#9949,(#9953,#9960),.PCURVE_S1.);
#9949 = LINE('',#9950,#9951);
#9950 = CARTESIAN_POINT('',(-40.,-227.,312.));
#9951 = VECTOR('',#9952,1.);
#9952 = DIRECTION('',(0.,-1.,0.));
#9953 = PCURVE('',#9078,#9954);
#9954 = DEFINITIONAL_REPRESENTATION('',(#9955),#9959);
#9955 = LINE('',#9956,#9957);
#9956 = CARTESIAN_POINT('',(51.,-3.));
#9957 = VECTOR('',#9958,1.);
#9958 = DIRECTION('',(0.,1.));
#9959 = ( GEOMETRIC_REPRESENTATION_CONTEXT(2) 
PARAMETRIC_REPRESENTATION_CONTEXT() REPRESENTATION_CONTEXT('2D SPACE',''
  ) );
#9960 = PCURVE('',#9961,#9966);
#9961 = PLANE('',#9962);
#9962 = AXIS2_PLACEMENT_3D('',#9963,#9964,#9965);
#9963 = CARTESIAN_POINT('',(-38.,-224.,312.));
#9964 = DIRECTION('',(0.,0.,1.));
#9965 = DIRECTION('',(1.,0.,-0.));
#9966 = DEFINITIONAL_REPRESENTATION('',(#9967),#9971);
#9967 = LINE('',#9968,#9969);
#9968 = CARTESIAN_POINT('',(-2.,-3.));
#9969 = VECTOR('',#9970,1.);
#9970 = DIRECTION('',(0.,-1.));
#9971 = ( GEOMETRIC_REPRESENTATION_CONTEXT(2) 
PARAMETRIC_REPRESENTATION_CONTEXT() REPRESENTATION_CONTEXT('2D SPACE',''
  ) );
#9972 = ORIENTED_EDGE('',*,*,#9973,.F.);
#9973 = EDGE_CURVE('',#9063,#9946,#9974,.T.);
#9974 = SURFACE_CURVE('',#9975,(#9979,#9986),.PCURVE_S1.);
#9975 = LINE('',#9976,#9977);
#9976 = CARTESIAN_POINT('',(-40.,-224.9165151389,312.));
#9977 = VECTOR('',#9978,1.);
#9978 = DIRECTION('',(-0.,-0.,-1.));
#9979 = PCURVE('',#9078,#9980);
#9980 = DEFINITIONAL_REPRESENTATION('',(#9981),#9985);
#9981 = LINE('',#9982,#9983);
#9982 = CARTESIAN_POINT('',(51.,-5.083484861009));
#9983 = VECTOR('',#9984,1.);
#9984 = DIRECTION('',(-1.,0.));
#9985 = ( GEOMETRIC_REPRESENTATION_CONTEXT(2) 
PARAMETRIC_REPRESENTATION_CONTEXT() REPRESENTATION_CONTEXT('2D SPACE',''
  ) );
#9986 = PCURVE('',#9111,#9987);
#9987 = DEFINITIONAL_REPRESENTATION('',(#9988),#9992);
#9988 = LINE('',#9989,#9990);
#9989 = CARTESIAN_POINT('',(-3.571292319741,0.));
#9990 = VECTOR('',#9991,1.);
#9991 = DIRECTION('',(-0.,1.));
#9992 = ( GEOMETRIC_REPRESENTATION_CONTEXT(2) 
PARAMETRIC_REPRESENTATION_CONTEXT() REPRESENTATION_CONTEXT('2D SPACE',''
  ) );
#9993 = ORIENTED_EDGE('',*,*,#9062,.F.);
#9994 = ADVANCED_FACE('',(#9995),#9167,.F.);
#9995 = FACE_BOUND('',#9996,.T.);
#9996 = EDGE_LOOP('',(#9997,#10019,#10020,#10021));
#9997 = ORIENTED_EDGE('',*,*,#9998,.F.);
#9998 = EDGE_CURVE('',#9850,#9873,#9999,.T.);
#9999 = SURFACE_CURVE('',#10000,(#10005,#10012),.PCURVE_S1.);
#10000 = CIRCLE('',#10001,2.2);
#10001 = AXIS2_PLACEMENT_3D('',#10002,#10003,#10004);
#10002 = CARTESIAN_POINT('',(-38.,-176.,312.));
#10003 = DIRECTION('',(0.,0.,1.));
#10004 = DIRECTION('',(1.,0.,0.));
#10005 = PCURVE('',#9167,#10006);
#10006 = DEFINITIONAL_REPRESENTATION('',(#10007),#10011);
#10007 = LINE('',#10008,#10009);
#10008 = CARTESIAN_POINT('',(-0.,0.));
#10009 = VECTOR('',#10010,1.);
#10010 = DIRECTION('',(-1.,0.));
#10011 = ( GEOMETRIC_REPRESENTATION_CONTEXT(2) 
PARAMETRIC_REPRESENTATION_CONTEXT() REPRESENTATION_CONTEXT('2D SPACE',''
  ) );
#10012 = PCURVE('',#9888,#10013);
#10013 = DEFINITIONAL_REPRESENTATION('',(#10014),#10018);
#10014 = CIRCLE('',#10015,2.2);
#10015 = AXIS2_PLACEMENT_2D('',#10016,#10017);
#10016 = CARTESIAN_POINT('',(0.,0.));
#10017 = DIRECTION('',(1.,0.));
#10018 = ( GEOMETRIC_REPRESENTATION_CONTEXT(2) 
PARAMETRIC_REPRESENTATION_CONTEXT() REPRESENTATION_CONTEXT('2D SPACE',''
  ) );
#10019 = ORIENTED_EDGE('',*,*,#9849,.F.);
#10020 = ORIENTED_EDGE('',*,*,#9146,.F.);
#10021 = ORIENTED_EDGE('',*,*,#9900,.T.);
#10022 = ADVANCED_FACE('',(#10023),#9111,.F.);
#10023 = FACE_BOUND('',#10024,.T.);
#10024 = EDGE_LOOP('',(#10025,#10047,#10048,#10049));
#10025 = ORIENTED_EDGE('',*,*,#10026,.F.);
#10026 = EDGE_CURVE('',#9923,#9946,#10027,.T.);
#10027 = SURFACE_CURVE('',#10028,(#10033,#10040),.PCURVE_S1.);
#10028 = CIRCLE('',#10029,2.2);
#10029 = AXIS2_PLACEMENT_3D('',#10030,#10031,#10032);
#10030 = CARTESIAN_POINT('',(-38.,-224.,312.));
#10031 = DIRECTION('',(0.,0.,1.));
#10032 = DIRECTION('',(1.,0.,0.));
#10033 = PCURVE('',#9111,#10034);
#10034 = DEFINITIONAL_REPRESENTATION('',(#10035),#10039);
#10035 = LINE('',#10036,#10037);
#10036 = CARTESIAN_POINT('',(-0.,0.));
#10037 = VECTOR('',#10038,1.);
#10038 = DIRECTION('',(-1.,0.));
#10039 = ( GEOMETRIC_REPRESENTATION_CONTEXT(2) 
PARAMETRIC_REPRESENTATION_CONTEXT() REPRESENTATION_CONTEXT('2D SPACE',''
  ) );
#10040 = PCURVE('',#9961,#10041);
#10041 = DEFINITIONAL_REPRESENTATION('',(#10042),#10046);
#10042 = CIRCLE('',#10043,2.2);
#10043 = AXIS2_PLACEMENT_2D('',#10044,#10045);
#10044 = CARTESIAN_POINT('',(0.,0.));
#10045 = DIRECTION('',(1.,0.));
#10046 = ( GEOMETRIC_REPRESENTATION_CONTEXT(2) 
PARAMETRIC_REPRESENTATION_CONTEXT() REPRESENTATION_CONTEXT('2D SPACE',''
  ) );
#10047 = ORIENTED_EDGE('',*,*,#9922,.F.);
#10048 = ORIENTED_EDGE('',*,*,#9090,.F.);
#10049 = ORIENTED_EDGE('',*,*,#9973,.T.);
#10050 = ADVANCED_FACE('',(#10051),#9050,.T.);
#10051 = FACE_BOUND('',#10052,.T.);
#10052 = EDGE_LOOP('',(#10053,#10054,#10055,#10056));
#10053 = ORIENTED_EDGE('',*,*,#9587,.T.);
#10054 = ORIENTED_EDGE('',*,*,#9446,.T.);
#10055 = ORIENTED_EDGE('',*,*,#9825,.T.);
#10056 = ORIENTED_EDGE('',*,*,#9034,.F.);
#10057 = ADVANCED_FACE('',(#10058),#9729,.T.);
#10058 = FACE_BOUND('',#10059,.T.);
#10059 = EDGE_LOOP('',(#10060,#10061));
#10060 = ORIENTED_EDGE('',*,*,#9713,.T.);
#10061 = ORIENTED_EDGE('',*,*,#9768,.F.);
#10062 = ADVANCED_FACE('',(#10063),#9961,.T.);
#10063 = FACE_BOUND('',#10064,.T.);
#10064 = EDGE_LOOP('',(#10065,#10066));
#10065 = ORIENTED_EDGE('',*,*,#9945,.F.);
#10066 = ORIENTED_EDGE('',*,*,#10026,.T.);
#10067 = ADVANCED_FACE('',(#10068),#9888,.T.);
#10068 = FACE_BOUND('',#10069,.T.);
#10069 = EDGE_LOOP('',(#10070,#10071));
#10070 = ORIENTED_EDGE('',*,*,#9872,.F.);
#10071 = ORIENTED_EDGE('',*,*,#9998,.T.);
#10072 = ( GEOMETRIC_REPRESENTATION_CONTEXT(3) 
GLOBAL_UNCERTAINTY_ASSIGNED_CONTEXT((#10076)) 
GLOBAL_UNIT_ASSIGNED_CONTEXT((#10073,#10074,#10075)) 
REPRESENTATION_CONTEXT('Context #1',
  '3D Context with UNIT and UNCERTAINTY') );
#10073 = ( LENGTH_UNIT() NAMED_UNIT(*) SI_UNIT(.MILLI.,.METRE.) );
#10074 = ( NAMED_UNIT(*) PLANE_ANGLE_UNIT() SI_UNIT($,.RADIAN.) );
#10075 = ( NAMED_UNIT(*) SI_UNIT($,.STERADIAN.) SOLID_ANGLE_UNIT() );
#10076 = UNCERTAINTY_MEASURE_WITH_UNIT(LENGTH_MEASURE(1.E-07),#10073,
  'distance_accuracy_value','confusion accuracy');
#10077 = CONTEXT_DEPENDENT_SHAPE_REPRESENTATION(#10078,#10080);
#10078 = ( REPRESENTATION_RELATIONSHIP('','',#8783,#8756) 
REPRESENTATION_RELATIONSHIP_WITH_TRANSFORMATION(#10079) 
SHAPE_REPRESENTATION_RELATIONSHIP() );
#10079 = ITEM_DEFINED_TRANSFORMATION('','',#11,#8757);
#10080 = PRODUCT_DEFINITION_SHAPE('Placement','Placement of an item',
  #10081);
#10081 = NEXT_ASSEMBLY_USAGE_OCCURRENCE('11','','',#8751,#8778,$);
#10082 = PRODUCT_RELATED_PRODUCT_CATEGORY('part',$,(#8780));
#10083 = SHAPE_DEFINITION_REPRESENTATION(#10084,#10090);
#10084 = PRODUCT_DEFINITION_SHAPE('','',#10085);
#10085 = PRODUCT_DEFINITION('design','',#10086,#10089);
#10086 = PRODUCT_DEFINITION_FORMATION('','',#10087);
#10087 = PRODUCT('Open CASCADE STEP translator 7.9 1.5.2',
  'Open CASCADE STEP translator 7.9 1.5.2','',(#10088));
#10088 = PRODUCT_CONTEXT('',#2,'mechanical');
#10089 = PRODUCT_DEFINITION_CONTEXT('part definition',#2,'design');
#10090 = ADVANCED_BREP_SHAPE_REPRESENTATION('',(#11,#10091),#11081);
#10091 = MANIFOLD_SOLID_BREP('',#10092);
#10092 = CLOSED_SHELL('',(#10093,#10213,#10289,#10365,#10451,#10527,
    #10613,#10689,#10765,#10841,#10923,#10994,#11034,#11066));
#10093 = ADVANCED_FACE('',(#10094),#10108,.F.);
#10094 = FACE_BOUND('',#10095,.F.);
#10095 = EDGE_LOOP('',(#10096,#10131,#10159,#10187));
#10096 = ORIENTED_EDGE('',*,*,#10097,.F.);
#10097 = EDGE_CURVE('',#10098,#10100,#10102,.T.);
#10098 = VERTEX_POINT('',#10099);
#10099 = CARTESIAN_POINT('',(-37.,-227.,420.));
#10100 = VERTEX_POINT('',#10101);
#10101 = CARTESIAN_POINT('',(-37.,-225.9595917942,420.));
#10102 = SURFACE_CURVE('',#10103,(#10107,#10119),.PCURVE_S1.);
#10103 = LINE('',#10104,#10105);
#10104 = CARTESIAN_POINT('',(-37.,-227.,420.));
#10105 = VECTOR('',#10106,1.);
#10106 = DIRECTION('',(0.,1.,0.));
#10107 = PCURVE('',#10108,#10113);
#10108 = PLANE('',#10109);
#10109 = AXIS2_PLACEMENT_3D('',#10110,#10111,#10112);
#10110 = CARTESIAN_POINT('',(-37.,-227.,404.));
#10111 = DIRECTION('',(1.,0.,0.));
#10112 = DIRECTION('',(0.,0.,1.));
#10113 = DEFINITIONAL_REPRESENTATION('',(#10114),#10118);
#10114 = LINE('',#10115,#10116);
#10115 = CARTESIAN_POINT('',(16.,0.));
#10116 = VECTOR('',#10117,1.);
#10117 = DIRECTION('',(0.,-1.));
#10118 = ( GEOMETRIC_REPRESENTATION_CONTEXT(2) 
PARAMETRIC_REPRESENTATION_CONTEXT() REPRESENTATION_CONTEXT('2D SPACE',''
  ) );
#10119 = PCURVE('',#10120,#10125);
#10120 = PLANE('',#10121);
#10121 = AXIS2_PLACEMENT_3D('',#10122,#10123,#10124);
#10122 = CARTESIAN_POINT('',(-37.,-227.,420.));
#10123 = DIRECTION('',(0.,0.,1.));
#10124 = DIRECTION('',(1.,0.,0.));
#10125 = DEFINITIONAL_REPRESENTATION('',(#10126),#10130);
#10126 = LINE('',#10127,#10128);
#10127 = CARTESIAN_POINT('',(0.,0.));
#10128 = VECTOR('',#10129,1.);
#10129 = DIRECTION('',(0.,1.));
#10130 = ( GEOMETRIC_REPRESENTATION_CONTEXT(2) 
PARAMETRIC_REPRESENTATION_CONTEXT() REPRESENTATION_CONTEXT('2D SPACE',''
  ) );
#10131 = ORIENTED_EDGE('',*,*,#10132,.F.);
#10132 = EDGE_CURVE('',#10133,#10098,#10135,.T.);
#10133 = VERTEX_POINT('',#10134);
#10134 = CARTESIAN_POINT('',(-37.,-227.,404.));
#10135 = SURFACE_CURVE('',#10136,(#10140,#10147),.PCURVE_S1.);
#10136 = LINE('',#10137,#10138);
#10137 = CARTESIAN_POINT('',(-37.,-227.,404.));
#10138 = VECTOR('',#10139,1.);
#10139 = DIRECTION('',(0.,0.,1.));
#10140 = PCURVE('',#10108,#10141);
#10141 = DEFINITIONAL_REPRESENTATION('',(#10142),#10146);
#10142 = LINE('',#10143,#10144);
#10143 = CARTESIAN_POINT('',(0.,0.));
#10144 = VECTOR('',#10145,1.);
#10145 = DIRECTION('',(1.,0.));
#10146 = ( GEOMETRIC_REPRESENTATION_CONTEXT(2) 
PARAMETRIC_REPRESENTATION_CONTEXT() REPRESENTATION_CONTEXT('2D SPACE',''
  ) );
#10147 = PCURVE('',#10148,#10153);
#10148 = PLANE('',#10149);
#10149 = AXIS2_PLACEMENT_3D('',#10150,#10151,#10152);
#10150 = CARTESIAN_POINT('',(-37.,-227.,404.));
#10151 = DIRECTION('',(0.,1.,0.));
#10152 = DIRECTION('',(0.,0.,1.));
#10153 = DEFINITIONAL_REPRESENTATION('',(#10154),#10158);
#10154 = LINE('',#10155,#10156);
#10155 = CARTESIAN_POINT('',(0.,0.));
#10156 = VECTOR('',#10157,1.);
#10157 = DIRECTION('',(1.,0.));
#10158 = ( GEOMETRIC_REPRESENTATION_CONTEXT(2) 
PARAMETRIC_REPRESENTATION_CONTEXT() REPRESENTATION_CONTEXT('2D SPACE',''
  ) );
#10159 = ORIENTED_EDGE('',*,*,#10160,.T.);
#10160 = EDGE_CURVE('',#10133,#10161,#10163,.T.);
#10161 = VERTEX_POINT('',#10162);
#10162 = CARTESIAN_POINT('',(-37.,-225.9595917942,404.));
#10163 = SURFACE_CURVE('',#10164,(#10168,#10175),.PCURVE_S1.);
#10164 = LINE('',#10165,#10166);
#10165 = CARTESIAN_POINT('',(-37.,-227.,404.));
#10166 = VECTOR('',#10167,1.);
#10167 = DIRECTION('',(0.,1.,0.));
#10168 = PCURVE('',#10108,#10169);
#10169 = DEFINITIONAL_REPRESENTATION('',(#10170),#10174);
#10170 = LINE('',#10171,#10172);
#10171 = CARTESIAN_POINT('',(0.,0.));
#10172 = VECTOR('',#10173,1.);
#10173 = DIRECTION('',(0.,-1.));
#10174 = ( GEOMETRIC_REPRESENTATION_CONTEXT(2) 
PARAMETRIC_REPRESENTATION_CONTEXT() REPRESENTATION_CONTEXT('2D SPACE',''
  ) );
#10175 = PCURVE('',#10176,#10181);
#10176 = PLANE('',#10177);
#10177 = AXIS2_PLACEMENT_3D('',#10178,#10179,#10180);
#10178 = CARTESIAN_POINT('',(-37.,-227.,404.));
#10179 = DIRECTION('',(0.,0.,1.));
#10180 = DIRECTION('',(1.,0.,0.));
#10181 = DEFINITIONAL_REPRESENTATION('',(#10182),#10186);
#10182 = LINE('',#10183,#10184);
#10183 = CARTESIAN_POINT('',(0.,0.));
#10184 = VECTOR('',#10185,1.);
#10185 = DIRECTION('',(0.,1.));
#10186 = ( GEOMETRIC_REPRESENTATION_CONTEXT(2) 
PARAMETRIC_REPRESENTATION_CONTEXT() REPRESENTATION_CONTEXT('2D SPACE',''
  ) );
#10187 = ORIENTED_EDGE('',*,*,#10188,.F.);
#10188 = EDGE_CURVE('',#10100,#10161,#10189,.T.);
#10189 = SURFACE_CURVE('',#10190,(#10194,#10201),.PCURVE_S1.);
#10190 = LINE('',#10191,#10192);
#10191 = CARTESIAN_POINT('',(-37.,-225.9595917942,312.));
#10192 = VECTOR('',#10193,1.);
#10193 = DIRECTION('',(-0.,-0.,-1.));
#10194 = PCURVE('',#10108,#10195);
#10195 = DEFINITIONAL_REPRESENTATION('',(#10196),#10200);
#10196 = LINE('',#10197,#10198);
#10197 = CARTESIAN_POINT('',(-92.,-1.040408205773));
#10198 = VECTOR('',#10199,1.);
#10199 = DIRECTION('',(-1.,0.));
#10200 = ( GEOMETRIC_REPRESENTATION_CONTEXT(2) 
PARAMETRIC_REPRESENTATION_CONTEXT() REPRESENTATION_CONTEXT('2D SPACE',''
  ) );
#10201 = PCURVE('',#10202,#10207);
#10202 = CYLINDRICAL_SURFACE('',#10203,2.2);
#10203 = AXIS2_PLACEMENT_3D('',#10204,#10205,#10206);
#10204 = CARTESIAN_POINT('',(-38.,-224.,312.));
#10205 = DIRECTION('',(-0.,-0.,-1.));
#10206 = DIRECTION('',(1.,0.,0.));
#10207 = DEFINITIONAL_REPRESENTATION('',(#10208),#10212);
#10208 = LINE('',#10209,#10210);
#10209 = CARTESIAN_POINT('',(-5.184250817664,0.));
#10210 = VECTOR('',#10211,1.);
#10211 = DIRECTION('',(-0.,1.));
#10212 = ( GEOMETRIC_REPRESENTATION_CONTEXT(2) 
PARAMETRIC_REPRESENTATION_CONTEXT() REPRESENTATION_CONTEXT('2D SPACE',''
  ) );
#10213 = ADVANCED_FACE('',(#10214),#10148,.F.);
#10214 = FACE_BOUND('',#10215,.F.);
#10215 = EDGE_LOOP('',(#10216,#10239,#10240,#10263));
#10216 = ORIENTED_EDGE('',*,*,#10217,.F.);
#10217 = EDGE_CURVE('',#10133,#10218,#10220,.T.);
#10218 = VERTEX_POINT('',#10219);
#10219 = CARTESIAN_POINT('',(37.,-227.,404.));
#10220 = SURFACE_CURVE('',#10221,(#10225,#10232),.PCURVE_S1.);
#10221 = LINE('',#10222,#10223);
#10222 = CARTESIAN_POINT('',(-37.,-227.,404.));
#10223 = VECTOR('',#10224,1.);
#10224 = DIRECTION('',(1.,0.,0.));
#10225 = PCURVE('',#10148,#10226);
#10226 = DEFINITIONAL_REPRESENTATION('',(#10227),#10231);
#10227 = LINE('',#10228,#10229);
#10228 = CARTESIAN_POINT('',(0.,0.));
#10229 = VECTOR('',#10230,1.);
#10230 = DIRECTION('',(0.,1.));
#10231 = ( GEOMETRIC_REPRESENTATION_CONTEXT(2) 
PARAMETRIC_REPRESENTATION_CONTEXT() REPRESENTATION_CONTEXT('2D SPACE',''
  ) );
#10232 = PCURVE('',#10176,#10233);
#10233 = DEFINITIONAL_REPRESENTATION('',(#10234),#10238);
#10234 = LINE('',#10235,#10236);
#10235 = CARTESIAN_POINT('',(0.,0.));
#10236 = VECTOR('',#10237,1.);
#10237 = DIRECTION('',(1.,0.));
#10238 = ( GEOMETRIC_REPRESENTATION_CONTEXT(2) 
PARAMETRIC_REPRESENTATION_CONTEXT() REPRESENTATION_CONTEXT('2D SPACE',''
  ) );
#10239 = ORIENTED_EDGE('',*,*,#10132,.T.);
#10240 = ORIENTED_EDGE('',*,*,#10241,.T.);
#10241 = EDGE_CURVE('',#10098,#10242,#10244,.T.);
#10242 = VERTEX_POINT('',#10243);
#10243 = CARTESIAN_POINT('',(37.,-227.,420.));
#10244 = SURFACE_CURVE('',#10245,(#10249,#10256),.PCURVE_S1.);
#10245 = LINE('',#10246,#10247);
#10246 = CARTESIAN_POINT('',(-37.,-227.,420.));
#10247 = VECTOR('',#10248,1.);
#10248 = DIRECTION('',(1.,0.,0.));
#10249 = PCURVE('',#10148,#10250);
#10250 = DEFINITIONAL_REPRESENTATION('',(#10251),#10255);
#10251 = LINE('',#10252,#10253);
#10252 = CARTESIAN_POINT('',(16.,0.));
#10253 = VECTOR('',#10254,1.);
#10254 = DIRECTION('',(0.,1.));
#10255 = ( GEOMETRIC_REPRESENTATION_CONTEXT(2) 
PARAMETRIC_REPRESENTATION_CONTEXT() REPRESENTATION_CONTEXT('2D SPACE',''
  ) );
#10256 = PCURVE('',#10120,#10257);
#10257 = DEFINITIONAL_REPRESENTATION('',(#10258),#10262);
#10258 = LINE('',#10259,#10260);
#10259 = CARTESIAN_POINT('',(0.,0.));
#10260 = VECTOR('',#10261,1.);
#10261 = DIRECTION('',(1.,0.));
#10262 = ( GEOMETRIC_REPRESENTATION_CONTEXT(2) 
PARAMETRIC_REPRESENTATION_CONTEXT() REPRESENTATION_CONTEXT('2D SPACE',''
  ) );
#10263 = ORIENTED_EDGE('',*,*,#10264,.F.);
#10264 = EDGE_CURVE('',#10218,#10242,#10265,.T.);
#10265 = SURFACE_CURVE('',#10266,(#10270,#10277),.PCURVE_S1.);
#10266 = LINE('',#10267,#10268);
#10267 = CARTESIAN_POINT('',(37.,-227.,404.));
#10268 = VECTOR('',#10269,1.);
#10269 = DIRECTION('',(0.,0.,1.));
#10270 = PCURVE('',#10148,#10271);
#10271 = DEFINITIONAL_REPRESENTATION('',(#10272),#10276);
#10272 = LINE('',#10273,#10274);
#10273 = CARTESIAN_POINT('',(0.,74.));
#10274 = VECTOR('',#10275,1.);
#10275 = DIRECTION('',(1.,0.));
#10276 = ( GEOMETRIC_REPRESENTATION_CONTEXT(2) 
PARAMETRIC_REPRESENTATION_CONTEXT() REPRESENTATION_CONTEXT('2D SPACE',''
  ) );
#10277 = PCURVE('',#10278,#10283);
#10278 = PLANE('',#10279);
#10279 = AXIS2_PLACEMENT_3D('',#10280,#10281,#10282);
#10280 = CARTESIAN_POINT('',(37.,-227.,404.));
#10281 = DIRECTION('',(1.,0.,0.));
#10282 = DIRECTION('',(0.,0.,1.));
#10283 = DEFINITIONAL_REPRESENTATION('',(#10284),#10288);
#10284 = LINE('',#10285,#10286);
#10285 = CARTESIAN_POINT('',(0.,0.));
#10286 = VECTOR('',#10287,1.);
#10287 = DIRECTION('',(1.,0.));
#10288 = ( GEOMETRIC_REPRESENTATION_CONTEXT(2) 
PARAMETRIC_REPRESENTATION_CONTEXT() REPRESENTATION_CONTEXT('2D SPACE',''
  ) );
#10289 = ADVANCED_FACE('',(#10290),#10278,.T.);
#10290 = FACE_BOUND('',#10291,.T.);
#10291 = EDGE_LOOP('',(#10292,#10315,#10316,#10339));
#10292 = ORIENTED_EDGE('',*,*,#10293,.F.);
#10293 = EDGE_CURVE('',#10242,#10294,#10296,.T.);
#10294 = VERTEX_POINT('',#10295);
#10295 = CARTESIAN_POINT('',(37.,-225.9595917942,420.));
#10296 = SURFACE_CURVE('',#10297,(#10301,#10308),.PCURVE_S1.);
#10297 = LINE('',#10298,#10299);
#10298 = CARTESIAN_POINT('',(37.,-227.,420.));
#10299 = VECTOR('',#10300,1.);
#10300 = DIRECTION('',(0.,1.,0.));
#10301 = PCURVE('',#10278,#10302);
#10302 = DEFINITIONAL_REPRESENTATION('',(#10303),#10307);
#10303 = LINE('',#10304,#10305);
#10304 = CARTESIAN_POINT('',(16.,0.));
#10305 = VECTOR('',#10306,1.);
#10306 = DIRECTION('',(0.,-1.));
#10307 = ( GEOMETRIC_REPRESENTATION_CONTEXT(2) 
PARAMETRIC_REPRESENTATION_CONTEXT() REPRESENTATION_CONTEXT('2D SPACE',''
  ) );
#10308 = PCURVE('',#10120,#10309);
#10309 = DEFINITIONAL_REPRESENTATION('',(#10310),#10314);
#10310 = LINE('',#10311,#10312);
#10311 = CARTESIAN_POINT('',(74.,0.));
#10312 = VECTOR('',#10313,1.);
#10313 = DIRECTION('',(0.,1.));
#10314 = ( GEOMETRIC_REPRESENTATION_CONTEXT(2) 
PARAMETRIC_REPRESENTATION_CONTEXT() REPRESENTATION_CONTEXT('2D SPACE',''
  ) );
#10315 = ORIENTED_EDGE('',*,*,#10264,.F.);
#10316 = ORIENTED_EDGE('',*,*,#10317,.T.);
#10317 = EDGE_CURVE('',#10218,#10318,#10320,.T.);
#10318 = VERTEX_POINT('',#10319);
#10319 = CARTESIAN_POINT('',(37.,-225.9595917942,404.));
#10320 = SURFACE_CURVE('',#10321,(#10325,#10332),.PCURVE_S1.);
#10321 = LINE('',#10322,#10323);
#10322 = CARTESIAN_POINT('',(37.,-227.,404.));
#10323 = VECTOR('',#10324,1.);
#10324 = DIRECTION('',(0.,1.,0.));
#10325 = PCURVE('',#10278,#10326);
#10326 = DEFINITIONAL_REPRESENTATION('',(#10327),#10331);
#10327 = LINE('',#10328,#10329);
#10328 = CARTESIAN_POINT('',(0.,0.));
#10329 = VECTOR('',#10330,1.);
#10330 = DIRECTION('',(0.,-1.));
#10331 = ( GEOMETRIC_REPRESENTATION_CONTEXT(2) 
PARAMETRIC_REPRESENTATION_CONTEXT() REPRESENTATION_CONTEXT('2D SPACE',''
  ) );
#10332 = PCURVE('',#10176,#10333);
#10333 = DEFINITIONAL_REPRESENTATION('',(#10334),#10338);
#10334 = LINE('',#10335,#10336);
#10335 = CARTESIAN_POINT('',(74.,0.));
#10336 = VECTOR('',#10337,1.);
#10337 = DIRECTION('',(0.,1.));
#10338 = ( GEOMETRIC_REPRESENTATION_CONTEXT(2) 
PARAMETRIC_REPRESENTATION_CONTEXT() REPRESENTATION_CONTEXT('2D SPACE',''
  ) );
#10339 = ORIENTED_EDGE('',*,*,#10340,.F.);
#10340 = EDGE_CURVE('',#10294,#10318,#10341,.T.);
#10341 = SURFACE_CURVE('',#10342,(#10346,#10353),.PCURVE_S1.);
#10342 = LINE('',#10343,#10344);
#10343 = CARTESIAN_POINT('',(37.,-225.9595917942,312.));
#10344 = VECTOR('',#10345,1.);
#10345 = DIRECTION('',(-0.,-0.,-1.));
#10346 = PCURVE('',#10278,#10347);
#10347 = DEFINITIONAL_REPRESENTATION('',(#10348),#10352);
#10348 = LINE('',#10349,#10350);
#10349 = CARTESIAN_POINT('',(-92.,-1.040408205773));
#10350 = VECTOR('',#10351,1.);
#10351 = DIRECTION('',(-1.,0.));
#10352 = ( GEOMETRIC_REPRESENTATION_CONTEXT(2) 
PARAMETRIC_REPRESENTATION_CONTEXT() REPRESENTATION_CONTEXT('2D SPACE',''
  ) );
#10353 = PCURVE('',#10354,#10359);
#10354 = CYLINDRICAL_SURFACE('',#10355,2.2);
#10355 = AXIS2_PLACEMENT_3D('',#10356,#10357,#10358);
#10356 = CARTESIAN_POINT('',(38.,-224.,312.));
#10357 = DIRECTION('',(-0.,-0.,-1.));
#10358 = DIRECTION('',(1.,0.,0.));
#10359 = DEFINITIONAL_REPRESENTATION('',(#10360),#10364);
#10360 = LINE('',#10361,#10362);
#10361 = CARTESIAN_POINT('',(-4.240527143105,0.));
#10362 = VECTOR('',#10363,1.);
#10363 = DIRECTION('',(-0.,1.));
#10364 = ( GEOMETRIC_REPRESENTATION_CONTEXT(2) 
PARAMETRIC_REPRESENTATION_CONTEXT() REPRESENTATION_CONTEXT('2D SPACE',''
  ) );
#10365 = ADVANCED_FACE('',(#10366),#10354,.F.);
#10366 = FACE_BOUND('',#10367,.T.);
#10367 = EDGE_LOOP('',(#10368,#10398,#10424,#10425));
#10368 = ORIENTED_EDGE('',*,*,#10369,.F.);
#10369 = EDGE_CURVE('',#10370,#10372,#10374,.T.);
#10370 = VERTEX_POINT('',#10371);
#10371 = CARTESIAN_POINT('',(37.,-222.0404082057,420.));
#10372 = VERTEX_POINT('',#10373);
#10373 = CARTESIAN_POINT('',(37.,-222.0404082057,404.));
#10374 = SURFACE_CURVE('',#10375,(#10379,#10386),.PCURVE_S1.);
#10375 = LINE('',#10376,#10377);
#10376 = CARTESIAN_POINT('',(37.,-222.0404082057,312.));
#10377 = VECTOR('',#10378,1.);
#10378 = DIRECTION('',(-0.,-0.,-1.));
#10379 = PCURVE('',#10354,#10380);
#10380 = DEFINITIONAL_REPRESENTATION('',(#10381),#10385);
#10381 = LINE('',#10382,#10383);
#10382 = CARTESIAN_POINT('',(-2.042658164075,0.));
#10383 = VECTOR('',#10384,1.);
#10384 = DIRECTION('',(-0.,1.));
#10385 = ( GEOMETRIC_REPRESENTATION_CONTEXT(2) 
PARAMETRIC_REPRESENTATION_CONTEXT() REPRESENTATION_CONTEXT('2D SPACE',''
  ) );
#10386 = PCURVE('',#10387,#10392);
#10387 = PLANE('',#10388);
#10388 = AXIS2_PLACEMENT_3D('',#10389,#10390,#10391);
#10389 = CARTESIAN_POINT('',(37.,-227.,404.));
#10390 = DIRECTION('',(1.,0.,0.));
#10391 = DIRECTION('',(0.,0.,1.));
#10392 = DEFINITIONAL_REPRESENTATION('',(#10393),#10397);
#10393 = LINE('',#10394,#10395);
#10394 = CARTESIAN_POINT('',(-92.,-4.959591794227));
#10395 = VECTOR('',#10396,1.);
#10396 = DIRECTION('',(-1.,0.));
#10397 = ( GEOMETRIC_REPRESENTATION_CONTEXT(2) 
PARAMETRIC_REPRESENTATION_CONTEXT() REPRESENTATION_CONTEXT('2D SPACE',''
  ) );
#10398 = ORIENTED_EDGE('',*,*,#10399,.F.);
#10399 = EDGE_CURVE('',#10294,#10370,#10400,.T.);
#10400 = SURFACE_CURVE('',#10401,(#10406,#10413),.PCURVE_S1.);
#10401 = CIRCLE('',#10402,2.2);
#10402 = AXIS2_PLACEMENT_3D('',#10403,#10404,#10405);
#10403 = CARTESIAN_POINT('',(38.,-224.,420.));
#10404 = DIRECTION('',(0.,0.,-1.));
#10405 = DIRECTION('',(1.,0.,0.));
#10406 = PCURVE('',#10354,#10407);
#10407 = DEFINITIONAL_REPRESENTATION('',(#10408),#10412);
#10408 = LINE('',#10409,#10410);
#10409 = CARTESIAN_POINT('',(-6.28318530718,-108.));
#10410 = VECTOR('',#10411,1.);
#10411 = DIRECTION('',(1.,-0.));
#10412 = ( GEOMETRIC_REPRESENTATION_CONTEXT(2) 
PARAMETRIC_REPRESENTATION_CONTEXT() REPRESENTATION_CONTEXT('2D SPACE',''
  ) );
#10413 = PCURVE('',#10120,#10414);
#10414 = DEFINITIONAL_REPRESENTATION('',(#10415),#10423);
#10415 = ( BOUNDED_CURVE() B_SPLINE_CURVE(2,(#10416,#10417,#10418,#10419
    ,#10420,#10421,#10422),.UNSPECIFIED.,.T.,.F.) 
B_SPLINE_CURVE_WITH_KNOTS((1,2,2,2,2,1),(-2.094395102393,0.,
    2.094395102393,4.188790204786,6.28318530718,8.377580409573),
.UNSPECIFIED.) CURVE() GEOMETRIC_REPRESENTATION_ITEM() 
RATIONAL_B_SPLINE_CURVE((1.,0.5,1.,0.5,1.,0.5,1.)) REPRESENTATION_ITEM(
  '') );
#10416 = CARTESIAN_POINT('',(77.2,3.));
#10417 = CARTESIAN_POINT('',(77.2,-0.810511776652));
#10418 = CARTESIAN_POINT('',(73.9,1.094744111674));
#10419 = CARTESIAN_POINT('',(70.6,3.));
#10420 = CARTESIAN_POINT('',(73.9,4.905255888326));
#10421 = CARTESIAN_POINT('',(77.2,6.810511776652));
#10422 = CARTESIAN_POINT('',(77.2,3.));
#10423 = ( GEOMETRIC_REPRESENTATION_CONTEXT(2) 
PARAMETRIC_REPRESENTATION_CONTEXT() REPRESENTATION_CONTEXT('2D SPACE',''
  ) );
#10424 = ORIENTED_EDGE('',*,*,#10340,.T.);
#10425 = ORIENTED_EDGE('',*,*,#10426,.T.);
#10426 = EDGE_CURVE('',#10318,#10372,#10427,.T.);
#10427 = SURFACE_CURVE('',#10428,(#10433,#10440),.PCURVE_S1.);
#10428 = CIRCLE('',#10429,2.2);
#10429 = AXIS2_PLACEMENT_3D('',#10430,#10431,#10432);
#10430 = CARTESIAN_POINT('',(38.,-224.,404.));
#10431 = DIRECTION('',(0.,0.,-1.));
#10432 = DIRECTION('',(1.,0.,0.));
#10433 = PCURVE('',#10354,#10434);
#10434 = DEFINITIONAL_REPRESENTATION('',(#10435),#10439);
#10435 = LINE('',#10436,#10437);
#10436 = CARTESIAN_POINT('',(-6.28318530718,-92.));
#10437 = VECTOR('',#10438,1.);
#10438 = DIRECTION('',(1.,-0.));
#10439 = ( GEOMETRIC_REPRESENTATION_CONTEXT(2) 
PARAMETRIC_REPRESENTATION_CONTEXT() REPRESENTATION_CONTEXT('2D SPACE',''
  ) );
#10440 = PCURVE('',#10176,#10441);
#10441 = DEFINITIONAL_REPRESENTATION('',(#10442),#10450);
#10442 = ( BOUNDED_CURVE() B_SPLINE_CURVE(2,(#10443,#10444,#10445,#10446
    ,#10447,#10448,#10449),.UNSPECIFIED.,.T.,.F.) 
B_SPLINE_CURVE_WITH_KNOTS((1,2,2,2,2,1),(-2.094395102393,0.,
    2.094395102393,4.188790204786,6.28318530718,8.377580409573),
.UNSPECIFIED.) CURVE() GEOMETRIC_REPRESENTATION_ITEM() 
RATIONAL_B_SPLINE_CURVE((1.,0.5,1.,0.5,1.,0.5,1.)) REPRESENTATION_ITEM(
  '') );
#10443 = CARTESIAN_POINT('',(77.2,3.));
#10444 = CARTESIAN_POINT('',(77.2,-0.810511776652));
#10445 = CARTESIAN_POINT('',(73.9,1.094744111674));
#10446 = CARTESIAN_POINT('',(70.6,3.));
#10447 = CARTESIAN_POINT('',(73.9,4.905255888326));
#10448 = CARTESIAN_POINT('',(77.2,6.810511776652));
#10449 = CARTESIAN_POINT('',(77.2,3.));
#10450 = ( GEOMETRIC_REPRESENTATION_CONTEXT(2) 
PARAMETRIC_REPRESENTATION_CONTEXT() REPRESENTATION_CONTEXT('2D SPACE',''
  ) );
#10451 = ADVANCED_FACE('',(#10452),#10387,.T.);
#10452 = FACE_BOUND('',#10453,.T.);
#10453 = EDGE_LOOP('',(#10454,#10477,#10478,#10501));
#10454 = ORIENTED_EDGE('',*,*,#10455,.F.);
#10455 = EDGE_CURVE('',#10370,#10456,#10458,.T.);
#10456 = VERTEX_POINT('',#10457);
#10457 = CARTESIAN_POINT('',(37.,-177.9595917942,420.));
#10458 = SURFACE_CURVE('',#10459,(#10463,#10470),.PCURVE_S1.);
#10459 = LINE('',#10460,#10461);
#10460 = CARTESIAN_POINT('',(37.,-227.,420.));
#10461 = VECTOR('',#10462,1.);
#10462 = DIRECTION('',(0.,1.,0.));
#10463 = PCURVE('',#10387,#10464);
#10464 = DEFINITIONAL_REPRESENTATION('',(#10465),#10469);
#10465 = LINE('',#10466,#10467);
#10466 = CARTESIAN_POINT('',(16.,0.));
#10467 = VECTOR('',#10468,1.);
#10468 = DIRECTION('',(0.,-1.));
#10469 = ( GEOMETRIC_REPRESENTATION_CONTEXT(2) 
PARAMETRIC_REPRESENTATION_CONTEXT() REPRESENTATION_CONTEXT('2D SPACE',''
  ) );
#10470 = PCURVE('',#10120,#10471);
#10471 = DEFINITIONAL_REPRESENTATION('',(#10472),#10476);
#10472 = LINE('',#10473,#10474);
#10473 = CARTESIAN_POINT('',(74.,0.));
#10474 = VECTOR('',#10475,1.);
#10475 = DIRECTION('',(0.,1.));
#10476 = ( GEOMETRIC_REPRESENTATION_CONTEXT(2) 
PARAMETRIC_REPRESENTATION_CONTEXT() REPRESENTATION_CONTEXT('2D SPACE',''
  ) );
#10477 = ORIENTED_EDGE('',*,*,#10369,.T.);
#10478 = ORIENTED_EDGE('',*,*,#10479,.T.);
#10479 = EDGE_CURVE('',#10372,#10480,#10482,.T.);
#10480 = VERTEX_POINT('',#10481);
#10481 = CARTESIAN_POINT('',(37.,-177.9595917942,404.));
#10482 = SURFACE_CURVE('',#10483,(#10487,#10494),.PCURVE_S1.);
#10483 = LINE('',#10484,#10485);
#10484 = CARTESIAN_POINT('',(37.,-227.,404.));
#10485 = VECTOR('',#10486,1.);
#10486 = DIRECTION('',(0.,1.,0.));
#10487 = PCURVE('',#10387,#10488);
#10488 = DEFINITIONAL_REPRESENTATION('',(#10489),#10493);
#10489 = LINE('',#10490,#10491);
#10490 = CARTESIAN_POINT('',(0.,0.));
#10491 = VECTOR('',#10492,1.);
#10492 = DIRECTION('',(0.,-1.));
#10493 = ( GEOMETRIC_REPRESENTATION_CONTEXT(2) 
PARAMETRIC_REPRESENTATION_CONTEXT() REPRESENTATION_CONTEXT('2D SPACE',''
  ) );
#10494 = PCURVE('',#10176,#10495);
#10495 = DEFINITIONAL_REPRESENTATION('',(#10496),#10500);
#10496 = LINE('',#10497,#10498);
#10497 = CARTESIAN_POINT('',(74.,0.));
#10498 = VECTOR('',#10499,1.);
#10499 = DIRECTION('',(0.,1.));
#10500 = ( GEOMETRIC_REPRESENTATION_CONTEXT(2) 
PARAMETRIC_REPRESENTATION_CONTEXT() REPRESENTATION_CONTEXT('2D SPACE',''
  ) );
#10501 = ORIENTED_EDGE('',*,*,#10502,.F.);
#10502 = EDGE_CURVE('',#10456,#10480,#10503,.T.);
#10503 = SURFACE_CURVE('',#10504,(#10508,#10515),.PCURVE_S1.);
#10504 = LINE('',#10505,#10506);
#10505 = CARTESIAN_POINT('',(37.,-177.9595917942,312.));
#10506 = VECTOR('',#10507,1.);
#10507 = DIRECTION('',(-0.,-0.,-1.));
#10508 = PCURVE('',#10387,#10509);
#10509 = DEFINITIONAL_REPRESENTATION('',(#10510),#10514);
#10510 = LINE('',#10511,#10512);
#10511 = CARTESIAN_POINT('',(-92.,-49.04040820577));
#10512 = VECTOR('',#10513,1.);
#10513 = DIRECTION('',(-1.,0.));
#10514 = ( GEOMETRIC_REPRESENTATION_CONTEXT(2) 
PARAMETRIC_REPRESENTATION_CONTEXT() REPRESENTATION_CONTEXT('2D SPACE',''
  ) );
#10515 = PCURVE('',#10516,#10521);
#10516 = CYLINDRICAL_SURFACE('',#10517,2.2);
#10517 = AXIS2_PLACEMENT_3D('',#10518,#10519,#10520);
#10518 = CARTESIAN_POINT('',(38.,-176.,312.));
#10519 = DIRECTION('',(-0.,-0.,-1.));
#10520 = DIRECTION('',(1.,0.,0.));
#10521 = DEFINITIONAL_REPRESENTATION('',(#10522),#10526);
#10522 = LINE('',#10523,#10524);
#10523 = CARTESIAN_POINT('',(-4.240527143105,0.));
#10524 = VECTOR('',#10525,1.);
#10525 = DIRECTION('',(-0.,1.));
#10526 = ( GEOMETRIC_REPRESENTATION_CONTEXT(2) 
PARAMETRIC_REPRESENTATION_CONTEXT() REPRESENTATION_CONTEXT('2D SPACE',''
  ) );
#10527 = ADVANCED_FACE('',(#10528),#10516,.F.);
#10528 = FACE_BOUND('',#10529,.T.);
#10529 = EDGE_LOOP('',(#10530,#10560,#10586,#10587));
#10530 = ORIENTED_EDGE('',*,*,#10531,.F.);
#10531 = EDGE_CURVE('',#10532,#10534,#10536,.T.);
#10532 = VERTEX_POINT('',#10533);
#10533 = CARTESIAN_POINT('',(37.,-174.0404082057,420.));
#10534 = VERTEX_POINT('',#10535);
#10535 = CARTESIAN_POINT('',(37.,-174.0404082057,404.));
#10536 = SURFACE_CURVE('',#10537,(#10541,#10548),.PCURVE_S1.);
#10537 = LINE('',#10538,#10539);
#10538 = CARTESIAN_POINT('',(37.,-174.0404082057,312.));
#10539 = VECTOR('',#10540,1.);
#10540 = DIRECTION('',(-0.,-0.,-1.));
#10541 = PCURVE('',#10516,#10542);
#10542 = DEFINITIONAL_REPRESENTATION('',(#10543),#10547);
#10543 = LINE('',#10544,#10545);
#10544 = CARTESIAN_POINT('',(-2.042658164075,0.));
#10545 = VECTOR('',#10546,1.);
#10546 = DIRECTION('',(-0.,1.));
#10547 = ( GEOMETRIC_REPRESENTATION_CONTEXT(2) 
PARAMETRIC_REPRESENTATION_CONTEXT() REPRESENTATION_CONTEXT('2D SPACE',''
  ) );
#10548 = PCURVE('',#10549,#10554);
#10549 = PLANE('',#10550);
#10550 = AXIS2_PLACEMENT_3D('',#10551,#10552,#10553);
#10551 = CARTESIAN_POINT('',(37.,-227.,404.));
#10552 = DIRECTION('',(1.,0.,0.));
#10553 = DIRECTION('',(0.,0.,1.));
#10554 = DEFINITIONAL_REPRESENTATION('',(#10555),#10559);
#10555 = LINE('',#10556,#10557);
#10556 = CARTESIAN_POINT('',(-92.,-52.95959179422));
#10557 = VECTOR('',#10558,1.);
#10558 = DIRECTION('',(-1.,0.));
#10559 = ( GEOMETRIC_REPRESENTATION_CONTEXT(2) 
PARAMETRIC_REPRESENTATION_CONTEXT() REPRESENTATION_CONTEXT('2D SPACE',''
  ) );
#10560 = ORIENTED_EDGE('',*,*,#10561,.F.);
#10561 = EDGE_CURVE('',#10456,#10532,#10562,.T.);
#10562 = SURFACE_CURVE('',#10563,(#10568,#10575),.PCURVE_S1.);
#10563 = CIRCLE('',#10564,2.2);
#10564 = AXIS2_PLACEMENT_3D('',#10565,#10566,#10567);
#10565 = CARTESIAN_POINT('',(38.,-176.,420.));
#10566 = DIRECTION('',(0.,0.,-1.));
#10567 = DIRECTION('',(1.,0.,0.));
#10568 = PCURVE('',#10516,#10569);
#10569 = DEFINITIONAL_REPRESENTATION('',(#10570),#10574);
#10570 = LINE('',#10571,#10572);
#10571 = CARTESIAN_POINT('',(-6.28318530718,-108.));
#10572 = VECTOR('',#10573,1.);
#10573 = DIRECTION('',(1.,-0.));
#10574 = ( GEOMETRIC_REPRESENTATION_CONTEXT(2) 
PARAMETRIC_REPRESENTATION_CONTEXT() REPRESENTATION_CONTEXT('2D SPACE',''
  ) );
#10575 = PCURVE('',#10120,#10576);
#10576 = DEFINITIONAL_REPRESENTATION('',(#10577),#10585);
#10577 = ( BOUNDED_CURVE() B_SPLINE_CURVE(2,(#10578,#10579,#10580,#10581
    ,#10582,#10583,#10584),.UNSPECIFIED.,.T.,.F.) 
B_SPLINE_CURVE_WITH_KNOTS((1,2,2,2,2,1),(-2.094395102393,0.,
    2.094395102393,4.188790204786,6.28318530718,8.377580409573),
.UNSPECIFIED.) CURVE() GEOMETRIC_REPRESENTATION_ITEM() 
RATIONAL_B_SPLINE_CURVE((1.,0.5,1.,0.5,1.,0.5,1.)) REPRESENTATION_ITEM(
  '') );
#10578 = CARTESIAN_POINT('',(77.2,51.));
#10579 = CARTESIAN_POINT('',(77.2,47.189488223348));
#10580 = CARTESIAN_POINT('',(73.9,49.094744111674));
#10581 = CARTESIAN_POINT('',(70.6,51.));
#10582 = CARTESIAN_POINT('',(73.9,52.905255888326));
#10583 = CARTESIAN_POINT('',(77.2,54.810511776652));
#10584 = CARTESIAN_POINT('',(77.2,51.));
#10585 = ( GEOMETRIC_REPRESENTATION_CONTEXT(2) 
PARAMETRIC_REPRESENTATION_CONTEXT() REPRESENTATION_CONTEXT('2D SPACE',''
  ) );
#10586 = ORIENTED_EDGE('',*,*,#10502,.T.);
#10587 = ORIENTED_EDGE('',*,*,#10588,.T.);
#10588 = EDGE_CURVE('',#10480,#10534,#10589,.T.);
#10589 = SURFACE_CURVE('',#10590,(#10595,#10602),.PCURVE_S1.);
#10590 = CIRCLE('',#10591,2.2);
#10591 = AXIS2_PLACEMENT_3D('',#10592,#10593,#10594);
#10592 = CARTESIAN_POINT('',(38.,-176.,404.));
#10593 = DIRECTION('',(0.,0.,-1.));
#10594 = DIRECTION('',(1.,0.,0.));
#10595 = PCURVE('',#10516,#10596);
#10596 = DEFINITIONAL_REPRESENTATION('',(#10597),#10601);
#10597 = LINE('',#10598,#10599);
#10598 = CARTESIAN_POINT('',(-6.28318530718,-92.));
#10599 = VECTOR('',#10600,1.);
#10600 = DIRECTION('',(1.,-0.));
#10601 = ( GEOMETRIC_REPRESENTATION_CONTEXT(2) 
PARAMETRIC_REPRESENTATION_CONTEXT() REPRESENTATION_CONTEXT('2D SPACE',''
  ) );
#10602 = PCURVE('',#10176,#10603);
#10603 = DEFINITIONAL_REPRESENTATION('',(#10604),#10612);
#10604 = ( BOUNDED_CURVE() B_SPLINE_CURVE(2,(#10605,#10606,#10607,#10608
    ,#10609,#10610,#10611),.UNSPECIFIED.,.T.,.F.) 
B_SPLINE_CURVE_WITH_KNOTS((1,2,2,2,2,1),(-2.094395102393,0.,
    2.094395102393,4.188790204786,6.28318530718,8.377580409573),
.UNSPECIFIED.) CURVE() GEOMETRIC_REPRESENTATION_ITEM() 
RATIONAL_B_SPLINE_CURVE((1.,0.5,1.,0.5,1.,0.5,1.)) REPRESENTATION_ITEM(
  '') );
#10605 = CARTESIAN_POINT('',(77.2,51.));
#10606 = CARTESIAN_POINT('',(77.2,47.189488223348));
#10607 = CARTESIAN_POINT('',(73.9,49.094744111674));
#10608 = CARTESIAN_POINT('',(70.6,51.));
#10609 = CARTESIAN_POINT('',(73.9,52.905255888326));
#10610 = CARTESIAN_POINT('',(77.2,54.810511776652));
#10611 = CARTESIAN_POINT('',(77.2,51.));
#10612 = ( GEOMETRIC_REPRESENTATION_CONTEXT(2) 
PARAMETRIC_REPRESENTATION_CONTEXT() REPRESENTATION_CONTEXT('2D SPACE',''
  ) );
#10613 = ADVANCED_FACE('',(#10614),#10549,.T.);
#10614 = FACE_BOUND('',#10615,.T.);
#10615 = EDGE_LOOP('',(#10616,#10639,#10640,#10663));
#10616 = ORIENTED_EDGE('',*,*,#10617,.F.);
#10617 = EDGE_CURVE('',#10532,#10618,#10620,.T.);
#10618 = VERTEX_POINT('',#10619);
#10619 = CARTESIAN_POINT('',(37.,-173.,420.));
#10620 = SURFACE_CURVE('',#10621,(#10625,#10632),.PCURVE_S1.);
#10621 = LINE('',#10622,#10623);
#10622 = CARTESIAN_POINT('',(37.,-227.,420.));
#10623 = VECTOR('',#10624,1.);
#10624 = DIRECTION('',(0.,1.,0.));
#10625 = PCURVE('',#10549,#10626);
#10626 = DEFINITIONAL_REPRESENTATION('',(#10627),#10631);
#10627 = LINE('',#10628,#10629);
#10628 = CARTESIAN_POINT('',(16.,0.));
#10629 = VECTOR('',#10630,1.);
#10630 = DIRECTION('',(0.,-1.));
#10631 = ( GEOMETRIC_REPRESENTATION_CONTEXT(2) 
PARAMETRIC_REPRESENTATION_CONTEXT() REPRESENTATION_CONTEXT('2D SPACE',''
  ) );
#10632 = PCURVE('',#10120,#10633);
#10633 = DEFINITIONAL_REPRESENTATION('',(#10634),#10638);
#10634 = LINE('',#10635,#10636);
#10635 = CARTESIAN_POINT('',(74.,0.));
#10636 = VECTOR('',#10637,1.);
#10637 = DIRECTION('',(0.,1.));
#10638 = ( GEOMETRIC_REPRESENTATION_CONTEXT(2) 
PARAMETRIC_REPRESENTATION_CONTEXT() REPRESENTATION_CONTEXT('2D SPACE',''
  ) );
#10639 = ORIENTED_EDGE('',*,*,#10531,.T.);
#10640 = ORIENTED_EDGE('',*,*,#10641,.T.);
#10641 = EDGE_CURVE('',#10534,#10642,#10644,.T.);
#10642 = VERTEX_POINT('',#10643);
#10643 = CARTESIAN_POINT('',(37.,-173.,404.));
#10644 = SURFACE_CURVE('',#10645,(#10649,#10656),.PCURVE_S1.);
#10645 = LINE('',#10646,#10647);
#10646 = CARTESIAN_POINT('',(37.,-227.,404.));
#10647 = VECTOR('',#10648,1.);
#10648 = DIRECTION('',(0.,1.,0.));
#10649 = PCURVE('',#10549,#10650);
#10650 = DEFINITIONAL_REPRESENTATION('',(#10651),#10655);
#10651 = LINE('',#10652,#10653);
#10652 = CARTESIAN_POINT('',(0.,0.));
#10653 = VECTOR('',#10654,1.);
#10654 = DIRECTION('',(0.,-1.));
#10655 = ( GEOMETRIC_REPRESENTATION_CONTEXT(2) 
PARAMETRIC_REPRESENTATION_CONTEXT() REPRESENTATION_CONTEXT('2D SPACE',''
  ) );
#10656 = PCURVE('',#10176,#10657);
#10657 = DEFINITIONAL_REPRESENTATION('',(#10658),#10662);
#10658 = LINE('',#10659,#10660);
#10659 = CARTESIAN_POINT('',(74.,0.));
#10660 = VECTOR('',#10661,1.);
#10661 = DIRECTION('',(0.,1.));
#10662 = ( GEOMETRIC_REPRESENTATION_CONTEXT(2) 
PARAMETRIC_REPRESENTATION_CONTEXT() REPRESENTATION_CONTEXT('2D SPACE',''
  ) );
#10663 = ORIENTED_EDGE('',*,*,#10664,.T.);
#10664 = EDGE_CURVE('',#10642,#10618,#10665,.T.);
#10665 = SURFACE_CURVE('',#10666,(#10670,#10677),.PCURVE_S1.);
#10666 = LINE('',#10667,#10668);
#10667 = CARTESIAN_POINT('',(37.,-173.,404.));
#10668 = VECTOR('',#10669,1.);
#10669 = DIRECTION('',(0.,0.,1.));
#10670 = PCURVE('',#10549,#10671);
#10671 = DEFINITIONAL_REPRESENTATION('',(#10672),#10676);
#10672 = LINE('',#10673,#10674);
#10673 = CARTESIAN_POINT('',(0.,-54.));
#10674 = VECTOR('',#10675,1.);
#10675 = DIRECTION('',(1.,0.));
#10676 = ( GEOMETRIC_REPRESENTATION_CONTEXT(2) 
PARAMETRIC_REPRESENTATION_CONTEXT() REPRESENTATION_CONTEXT('2D SPACE',''
  ) );
#10677 = PCURVE('',#10678,#10683);
#10678 = PLANE('',#10679);
#10679 = AXIS2_PLACEMENT_3D('',#10680,#10681,#10682);
#10680 = CARTESIAN_POINT('',(-37.,-173.,404.));
#10681 = DIRECTION('',(0.,1.,0.));
#10682 = DIRECTION('',(0.,0.,1.));
#10683 = DEFINITIONAL_REPRESENTATION('',(#10684),#10688);
#10684 = LINE('',#10685,#10686);
#10685 = CARTESIAN_POINT('',(0.,74.));
#10686 = VECTOR('',#10687,1.);
#10687 = DIRECTION('',(1.,0.));
#10688 = ( GEOMETRIC_REPRESENTATION_CONTEXT(2) 
PARAMETRIC_REPRESENTATION_CONTEXT() REPRESENTATION_CONTEXT('2D SPACE',''
  ) );
#10689 = ADVANCED_FACE('',(#10690),#10678,.T.);
#10690 = FACE_BOUND('',#10691,.T.);
#10691 = EDGE_LOOP('',(#10692,#10715,#10743,#10764));
#10692 = ORIENTED_EDGE('',*,*,#10693,.F.);
#10693 = EDGE_CURVE('',#10694,#10642,#10696,.T.);
#10694 = VERTEX_POINT('',#10695);
#10695 = CARTESIAN_POINT('',(-37.,-173.,404.));
#10696 = SURFACE_CURVE('',#10697,(#10701,#10708),.PCURVE_S1.);
#10697 = LINE('',#10698,#10699);
#10698 = CARTESIAN_POINT('',(-37.,-173.,404.));
#10699 = VECTOR('',#10700,1.);
#10700 = DIRECTION('',(1.,0.,0.));
#10701 = PCURVE('',#10678,#10702);
#10702 = DEFINITIONAL_REPRESENTATION('',(#10703),#10707);
#10703 = LINE('',#10704,#10705);
#10704 = CARTESIAN_POINT('',(0.,0.));
#10705 = VECTOR('',#10706,1.);
#10706 = DIRECTION('',(0.,1.));
#10707 = ( GEOMETRIC_REPRESENTATION_CONTEXT(2) 
PARAMETRIC_REPRESENTATION_CONTEXT() REPRESENTATION_CONTEXT('2D SPACE',''
  ) );
#10708 = PCURVE('',#10176,#10709);
#10709 = DEFINITIONAL_REPRESENTATION('',(#10710),#10714);
#10710 = LINE('',#10711,#10712);
#10711 = CARTESIAN_POINT('',(0.,54.));
#10712 = VECTOR('',#10713,1.);
#10713 = DIRECTION('',(1.,0.));
#10714 = ( GEOMETRIC_REPRESENTATION_CONTEXT(2) 
PARAMETRIC_REPRESENTATION_CONTEXT() REPRESENTATION_CONTEXT('2D SPACE',''
  ) );
#10715 = ORIENTED_EDGE('',*,*,#10716,.T.);
#10716 = EDGE_CURVE('',#10694,#10717,#10719,.T.);
#10717 = VERTEX_POINT('',#10718);
#10718 = CARTESIAN_POINT('',(-37.,-173.,420.));
#10719 = SURFACE_CURVE('',#10720,(#10724,#10731),.PCURVE_S1.);
#10720 = LINE('',#10721,#10722);
#10721 = CARTESIAN_POINT('',(-37.,-173.,404.));
#10722 = VECTOR('',#10723,1.);
#10723 = DIRECTION('',(0.,0.,1.));
#10724 = PCURVE('',#10678,#10725);
#10725 = DEFINITIONAL_REPRESENTATION('',(#10726),#10730);
#10726 = LINE('',#10727,#10728);
#10727 = CARTESIAN_POINT('',(0.,0.));
#10728 = VECTOR('',#10729,1.);
#10729 = DIRECTION('',(1.,0.));
#10730 = ( GEOMETRIC_REPRESENTATION_CONTEXT(2) 
PARAMETRIC_REPRESENTATION_CONTEXT() REPRESENTATION_CONTEXT('2D SPACE',''
  ) );
#10731 = PCURVE('',#10732,#10737);
#10732 = PLANE('',#10733);
#10733 = AXIS2_PLACEMENT_3D('',#10734,#10735,#10736);
#10734 = CARTESIAN_POINT('',(-37.,-227.,404.));
#10735 = DIRECTION('',(1.,0.,0.));
#10736 = DIRECTION('',(0.,0.,1.));
#10737 = DEFINITIONAL_REPRESENTATION('',(#10738),#10742);
#10738 = LINE('',#10739,#10740);
#10739 = CARTESIAN_POINT('',(0.,-54.));
#10740 = VECTOR('',#10741,1.);
#10741 = DIRECTION('',(1.,0.));
#10742 = ( GEOMETRIC_REPRESENTATION_CONTEXT(2) 
PARAMETRIC_REPRESENTATION_CONTEXT() REPRESENTATION_CONTEXT('2D SPACE',''
  ) );
#10743 = ORIENTED_EDGE('',*,*,#10744,.T.);
#10744 = EDGE_CURVE('',#10717,#10618,#10745,.T.);
#10745 = SURFACE_CURVE('',#10746,(#10750,#10757),.PCURVE_S1.);
#10746 = LINE('',#10747,#10748);
#10747 = CARTESIAN_POINT('',(-37.,-173.,420.));
#10748 = VECTOR('',#10749,1.);
#10749 = DIRECTION('',(1.,0.,0.));
#10750 = PCURVE('',#10678,#10751);
#10751 = DEFINITIONAL_REPRESENTATION('',(#10752),#10756);
#10752 = LINE('',#10753,#10754);
#10753 = CARTESIAN_POINT('',(16.,0.));
#10754 = VECTOR('',#10755,1.);
#10755 = DIRECTION('',(0.,1.));
#10756 = ( GEOMETRIC_REPRESENTATION_CONTEXT(2) 
PARAMETRIC_REPRESENTATION_CONTEXT() REPRESENTATION_CONTEXT('2D SPACE',''
  ) );
#10757 = PCURVE('',#10120,#10758);
#10758 = DEFINITIONAL_REPRESENTATION('',(#10759),#10763);
#10759 = LINE('',#10760,#10761);
#10760 = CARTESIAN_POINT('',(0.,54.));
#10761 = VECTOR('',#10762,1.);
#10762 = DIRECTION('',(1.,0.));
#10763 = ( GEOMETRIC_REPRESENTATION_CONTEXT(2) 
PARAMETRIC_REPRESENTATION_CONTEXT() REPRESENTATION_CONTEXT('2D SPACE',''
  ) );
#10764 = ORIENTED_EDGE('',*,*,#10664,.F.);
#10765 = ADVANCED_FACE('',(#10766),#10732,.F.);
#10766 = FACE_BOUND('',#10767,.F.);
#10767 = EDGE_LOOP('',(#10768,#10791,#10819,#10840));
#10768 = ORIENTED_EDGE('',*,*,#10769,.F.);
#10769 = EDGE_CURVE('',#10770,#10717,#10772,.T.);
#10770 = VERTEX_POINT('',#10771);
#10771 = CARTESIAN_POINT('',(-37.,-174.0404082057,420.));
#10772 = SURFACE_CURVE('',#10773,(#10777,#10784),.PCURVE_S1.);
#10773 = LINE('',#10774,#10775);
#10774 = CARTESIAN_POINT('',(-37.,-227.,420.));
#10775 = VECTOR('',#10776,1.);
#10776 = DIRECTION('',(0.,1.,0.));
#10777 = PCURVE('',#10732,#10778);
#10778 = DEFINITIONAL_REPRESENTATION('',(#10779),#10783);
#10779 = LINE('',#10780,#10781);
#10780 = CARTESIAN_POINT('',(16.,0.));
#10781 = VECTOR('',#10782,1.);
#10782 = DIRECTION('',(0.,-1.));
#10783 = ( GEOMETRIC_REPRESENTATION_CONTEXT(2) 
PARAMETRIC_REPRESENTATION_CONTEXT() REPRESENTATION_CONTEXT('2D SPACE',''
  ) );
#10784 = PCURVE('',#10120,#10785);
#10785 = DEFINITIONAL_REPRESENTATION('',(#10786),#10790);
#10786 = LINE('',#10787,#10788);
#10787 = CARTESIAN_POINT('',(0.,0.));
#10788 = VECTOR('',#10789,1.);
#10789 = DIRECTION('',(0.,1.));
#10790 = ( GEOMETRIC_REPRESENTATION_CONTEXT(2) 
PARAMETRIC_REPRESENTATION_CONTEXT() REPRESENTATION_CONTEXT('2D SPACE',''
  ) );
#10791 = ORIENTED_EDGE('',*,*,#10792,.T.);
#10792 = EDGE_CURVE('',#10770,#10793,#10795,.T.);
#10793 = VERTEX_POINT('',#10794);
#10794 = CARTESIAN_POINT('',(-37.,-174.0404082057,404.));
#10795 = SURFACE_CURVE('',#10796,(#10800,#10807),.PCURVE_S1.);
#10796 = LINE('',#10797,#10798);
#10797 = CARTESIAN_POINT('',(-37.,-174.0404082057,312.));
#10798 = VECTOR('',#10799,1.);
#10799 = DIRECTION('',(-0.,-0.,-1.));
#10800 = PCURVE('',#10732,#10801);
#10801 = DEFINITIONAL_REPRESENTATION('',(#10802),#10806);
#10802 = LINE('',#10803,#10804);
#10803 = CARTESIAN_POINT('',(-92.,-52.95959179422));
#10804 = VECTOR('',#10805,1.);
#10805 = DIRECTION('',(-1.,0.));
#10806 = ( GEOMETRIC_REPRESENTATION_CONTEXT(2) 
PARAMETRIC_REPRESENTATION_CONTEXT() REPRESENTATION_CONTEXT('2D SPACE',''
  ) );
#10807 = PCURVE('',#10808,#10813);
#10808 = CYLINDRICAL_SURFACE('',#10809,2.2);
#10809 = AXIS2_PLACEMENT_3D('',#10810,#10811,#10812);
#10810 = CARTESIAN_POINT('',(-38.,-176.,312.));
#10811 = DIRECTION('',(-0.,-0.,-1.));
#10812 = DIRECTION('',(1.,0.,0.));
#10813 = DEFINITIONAL_REPRESENTATION('',(#10814),#10818);
#10814 = LINE('',#10815,#10816);
#10815 = CARTESIAN_POINT('',(-7.382119796695,0.));
#10816 = VECTOR('',#10817,1.);
#10817 = DIRECTION('',(-0.,1.));
#10818 = ( GEOMETRIC_REPRESENTATION_CONTEXT(2) 
PARAMETRIC_REPRESENTATION_CONTEXT() REPRESENTATION_CONTEXT('2D SPACE',''
  ) );
#10819 = ORIENTED_EDGE('',*,*,#10820,.T.);
#10820 = EDGE_CURVE('',#10793,#10694,#10821,.T.);
#10821 = SURFACE_CURVE('',#10822,(#10826,#10833),.PCURVE_S1.);
#10822 = LINE('',#10823,#10824);
#10823 = CARTESIAN_POINT('',(-37.,-227.,404.));
#10824 = VECTOR('',#10825,1.);
#10825 = DIRECTION('',(0.,1.,0.));
#10826 = PCURVE('',#10732,#10827);
#10827 = DEFINITIONAL_REPRESENTATION('',(#10828),#10832);
#10828 = LINE('',#10829,#10830);
#10829 = CARTESIAN_POINT('',(0.,0.));
#10830 = VECTOR('',#10831,1.);
#10831 = DIRECTION('',(0.,-1.));
#10832 = ( GEOMETRIC_REPRESENTATION_CONTEXT(2) 
PARAMETRIC_REPRESENTATION_CONTEXT() REPRESENTATION_CONTEXT('2D SPACE',''
  ) );
#10833 = PCURVE('',#10176,#10834);
#10834 = DEFINITIONAL_REPRESENTATION('',(#10835),#10839);
#10835 = LINE('',#10836,#10837);
#10836 = CARTESIAN_POINT('',(0.,0.));
#10837 = VECTOR('',#10838,1.);
#10838 = DIRECTION('',(0.,1.));
#10839 = ( GEOMETRIC_REPRESENTATION_CONTEXT(2) 
PARAMETRIC_REPRESENTATION_CONTEXT() REPRESENTATION_CONTEXT('2D SPACE',''
  ) );
#10840 = ORIENTED_EDGE('',*,*,#10716,.T.);
#10841 = ADVANCED_FACE('',(#10842),#10808,.F.);
#10842 = FACE_BOUND('',#10843,.T.);
#10843 = EDGE_LOOP('',(#10844,#10872,#10873,#10897));
#10844 = ORIENTED_EDGE('',*,*,#10845,.F.);
#10845 = EDGE_CURVE('',#10770,#10846,#10848,.T.);
#10846 = VERTEX_POINT('',#10847);
#10847 = CARTESIAN_POINT('',(-37.,-177.9595917942,420.));
#10848 = SURFACE_CURVE('',#10849,(#10854,#10861),.PCURVE_S1.);
#10849 = CIRCLE('',#10850,2.2);
#10850 = AXIS2_PLACEMENT_3D('',#10851,#10852,#10853);
#10851 = CARTESIAN_POINT('',(-38.,-176.,420.));
#10852 = DIRECTION('',(0.,0.,-1.));
#10853 = DIRECTION('',(0.454545454546,0.89072354283,0.));
#10854 = PCURVE('',#10808,#10855);
#10855 = DEFINITIONAL_REPRESENTATION('',(#10856),#10860);
#10856 = LINE('',#10857,#10858);
#10857 = CARTESIAN_POINT('',(-7.382119796695,-108.));
#10858 = VECTOR('',#10859,1.);
#10859 = DIRECTION('',(1.,-0.));
#10860 = ( GEOMETRIC_REPRESENTATION_CONTEXT(2) 
PARAMETRIC_REPRESENTATION_CONTEXT() REPRESENTATION_CONTEXT('2D SPACE',''
  ) );
#10861 = PCURVE('',#10120,#10862);
#10862 = DEFINITIONAL_REPRESENTATION('',(#10863),#10871);
#10863 = ( BOUNDED_CURVE() B_SPLINE_CURVE(2,(#10864,#10865,#10866,#10867
    ,#10868,#10869,#10870),.UNSPECIFIED.,.T.,.F.) 
B_SPLINE_CURVE_WITH_KNOTS((1,2,2,2,2,1),(-2.094395102393,0.,
    2.094395102393,4.188790204786,6.28318530718,8.377580409573),
.UNSPECIFIED.) CURVE() GEOMETRIC_REPRESENTATION_ITEM() 
RATIONAL_B_SPLINE_CURVE((1.,0.5,1.,0.5,1.,0.5,1.)) REPRESENTATION_ITEM(
  '') );
#10864 = CARTESIAN_POINT('',(3.623767952377E-13,52.959591794226));
#10865 = CARTESIAN_POINT('',(3.394112549695,51.227540986657));
#10866 = CARTESIAN_POINT('',(0.197056274847,49.154178699102));
#10867 = CARTESIAN_POINT('',(-3.000000000001,47.080816411547));
#10868 = CARTESIAN_POINT('',(-3.197056274848,50.886229506672));
#10869 = CARTESIAN_POINT('',(-3.394112549695,54.691642601796));
#10870 = CARTESIAN_POINT('',(3.623767952377E-13,52.959591794226));
#10871 = ( GEOMETRIC_REPRESENTATION_CONTEXT(2) 
PARAMETRIC_REPRESENTATION_CONTEXT() REPRESENTATION_CONTEXT('2D SPACE',''
  ) );
#10872 = ORIENTED_EDGE('',*,*,#10792,.T.);
#10873 = ORIENTED_EDGE('',*,*,#10874,.F.);
#10874 = EDGE_CURVE('',#10875,#10793,#10877,.T.);
#10875 = VERTEX_POINT('',#10876);
#10876 = CARTESIAN_POINT('',(-37.,-177.9595917942,404.));
#10877 = SURFACE_CURVE('',#10878,(#10883,#10890),.PCURVE_S1.);
#10878 = CIRCLE('',#10879,2.2);
#10879 = AXIS2_PLACEMENT_3D('',#10880,#10881,#10882);
#10880 = CARTESIAN_POINT('',(-38.,-176.,404.));
#10881 = DIRECTION('',(-0.,0.,1.));
#10882 = DIRECTION('',(0.454545454546,-0.89072354283,0.));
#10883 = PCURVE('',#10808,#10884);
#10884 = DEFINITIONAL_REPRESENTATION('',(#10885),#10889);
#10885 = LINE('',#10886,#10887);
#10886 = CARTESIAN_POINT('',(-5.184250817665,-92.));
#10887 = VECTOR('',#10888,1.);
#10888 = DIRECTION('',(-1.,-0.));
#10889 = ( GEOMETRIC_REPRESENTATION_CONTEXT(2) 
PARAMETRIC_REPRESENTATION_CONTEXT() REPRESENTATION_CONTEXT('2D SPACE',''
  ) );
#10890 = PCURVE('',#10176,#10891);
#10891 = DEFINITIONAL_REPRESENTATION('',(#10892),#10896);
#10892 = CIRCLE('',#10893,2.2);
#10893 = AXIS2_PLACEMENT_2D('',#10894,#10895);
#10894 = CARTESIAN_POINT('',(-1.,51.));
#10895 = DIRECTION('',(0.454545454546,-0.89072354283));
#10896 = ( GEOMETRIC_REPRESENTATION_CONTEXT(2) 
PARAMETRIC_REPRESENTATION_CONTEXT() REPRESENTATION_CONTEXT('2D SPACE',''
  ) );
#10897 = ORIENTED_EDGE('',*,*,#10898,.F.);
#10898 = EDGE_CURVE('',#10846,#10875,#10899,.T.);
#10899 = SURFACE_CURVE('',#10900,(#10904,#10911),.PCURVE_S1.);
#10900 = LINE('',#10901,#10902);
#10901 = CARTESIAN_POINT('',(-37.,-177.9595917942,312.));
#10902 = VECTOR('',#10903,1.);
#10903 = DIRECTION('',(-0.,-0.,-1.));
#10904 = PCURVE('',#10808,#10905);
#10905 = DEFINITIONAL_REPRESENTATION('',(#10906),#10910);
#10906 = LINE('',#10907,#10908);
#10907 = CARTESIAN_POINT('',(-5.184250817664,0.));
#10908 = VECTOR('',#10909,1.);
#10909 = DIRECTION('',(-0.,1.));
#10910 = ( GEOMETRIC_REPRESENTATION_CONTEXT(2) 
PARAMETRIC_REPRESENTATION_CONTEXT() REPRESENTATION_CONTEXT('2D SPACE',''
  ) );
#10911 = PCURVE('',#10912,#10917);
#10912 = PLANE('',#10913);
#10913 = AXIS2_PLACEMENT_3D('',#10914,#10915,#10916);
#10914 = CARTESIAN_POINT('',(-37.,-227.,404.));
#10915 = DIRECTION('',(1.,0.,0.));
#10916 = DIRECTION('',(0.,0.,1.));
#10917 = DEFINITIONAL_REPRESENTATION('',(#10918),#10922);
#10918 = LINE('',#10919,#10920);
#10919 = CARTESIAN_POINT('',(-92.,-49.04040820577));
#10920 = VECTOR('',#10921,1.);
#10921 = DIRECTION('',(-1.,0.));
#10922 = ( GEOMETRIC_REPRESENTATION_CONTEXT(2) 
PARAMETRIC_REPRESENTATION_CONTEXT() REPRESENTATION_CONTEXT('2D SPACE',''
  ) );
#10923 = ADVANCED_FACE('',(#10924),#10912,.F.);
#10924 = FACE_BOUND('',#10925,.F.);
#10925 = EDGE_LOOP('',(#10926,#10949,#10972,#10993));
#10926 = ORIENTED_EDGE('',*,*,#10927,.F.);
#10927 = EDGE_CURVE('',#10928,#10846,#10930,.T.);
#10928 = VERTEX_POINT('',#10929);
#10929 = CARTESIAN_POINT('',(-37.,-222.0404082057,420.));
#10930 = SURFACE_CURVE('',#10931,(#10935,#10942),.PCURVE_S1.);
#10931 = LINE('',#10932,#10933);
#10932 = CARTESIAN_POINT('',(-37.,-227.,420.));
#10933 = VECTOR('',#10934,1.);
#10934 = DIRECTION('',(0.,1.,0.));
#10935 = PCURVE('',#10912,#10936);
#10936 = DEFINITIONAL_REPRESENTATION('',(#10937),#10941);
#10937 = LINE('',#10938,#10939);
#10938 = CARTESIAN_POINT('',(16.,0.));
#10939 = VECTOR('',#10940,1.);
#10940 = DIRECTION('',(0.,-1.));
#10941 = ( GEOMETRIC_REPRESENTATION_CONTEXT(2) 
PARAMETRIC_REPRESENTATION_CONTEXT() REPRESENTATION_CONTEXT('2D SPACE',''
  ) );
#10942 = PCURVE('',#10120,#10943);
#10943 = DEFINITIONAL_REPRESENTATION('',(#10944),#10948);
#10944 = LINE('',#10945,#10946);
#10945 = CARTESIAN_POINT('',(0.,0.));
#10946 = VECTOR('',#10947,1.);
#10947 = DIRECTION('',(0.,1.));
#10948 = ( GEOMETRIC_REPRESENTATION_CONTEXT(2) 
PARAMETRIC_REPRESENTATION_CONTEXT() REPRESENTATION_CONTEXT('2D SPACE',''
  ) );
#10949 = ORIENTED_EDGE('',*,*,#10950,.T.);
#10950 = EDGE_CURVE('',#10928,#10951,#10953,.T.);
#10951 = VERTEX_POINT('',#10952);
#10952 = CARTESIAN_POINT('',(-37.,-222.0404082057,404.));
#10953 = SURFACE_CURVE('',#10954,(#10958,#10965),.PCURVE_S1.);
#10954 = LINE('',#10955,#10956);
#10955 = CARTESIAN_POINT('',(-37.,-222.0404082057,312.));
#10956 = VECTOR('',#10957,1.);
#10957 = DIRECTION('',(-0.,-0.,-1.));
#10958 = PCURVE('',#10912,#10959);
#10959 = DEFINITIONAL_REPRESENTATION('',(#10960),#10964);
#10960 = LINE('',#10961,#10962);
#10961 = CARTESIAN_POINT('',(-92.,-4.959591794227));
#10962 = VECTOR('',#10963,1.);
#10963 = DIRECTION('',(-1.,0.));
#10964 = ( GEOMETRIC_REPRESENTATION_CONTEXT(2) 
PARAMETRIC_REPRESENTATION_CONTEXT() REPRESENTATION_CONTEXT('2D SPACE',''
  ) );
#10965 = PCURVE('',#10202,#10966);
#10966 = DEFINITIONAL_REPRESENTATION('',(#10967),#10971);
#10967 = LINE('',#10968,#10969);
#10968 = CARTESIAN_POINT('',(-7.382119796695,0.));
#10969 = VECTOR('',#10970,1.);
#10970 = DIRECTION('',(-0.,1.));
#10971 = ( GEOMETRIC_REPRESENTATION_CONTEXT(2) 
PARAMETRIC_REPRESENTATION_CONTEXT() REPRESENTATION_CONTEXT('2D SPACE',''
  ) );
#10972 = ORIENTED_EDGE('',*,*,#10973,.T.);
#10973 = EDGE_CURVE('',#10951,#10875,#10974,.T.);
#10974 = SURFACE_CURVE('',#10975,(#10979,#10986),.PCURVE_S1.);
#10975 = LINE('',#10976,#10977);
#10976 = CARTESIAN_POINT('',(-37.,-227.,404.));
#10977 = VECTOR('',#10978,1.);
#10978 = DIRECTION('',(0.,1.,0.));
#10979 = PCURVE('',#10912,#10980);
#10980 = DEFINITIONAL_REPRESENTATION('',(#10981),#10985);
#10981 = LINE('',#10982,#10983);
#10982 = CARTESIAN_POINT('',(0.,0.));
#10983 = VECTOR('',#10984,1.);
#10984 = DIRECTION('',(0.,-1.));
#10985 = ( GEOMETRIC_REPRESENTATION_CONTEXT(2) 
PARAMETRIC_REPRESENTATION_CONTEXT() REPRESENTATION_CONTEXT('2D SPACE',''
  ) );
#10986 = PCURVE('',#10176,#10987);
#10987 = DEFINITIONAL_REPRESENTATION('',(#10988),#10992);
#10988 = LINE('',#10989,#10990);
#10989 = CARTESIAN_POINT('',(0.,0.));
#10990 = VECTOR('',#10991,1.);
#10991 = DIRECTION('',(0.,1.));
#10992 = ( GEOMETRIC_REPRESENTATION_CONTEXT(2) 
PARAMETRIC_REPRESENTATION_CONTEXT() REPRESENTATION_CONTEXT('2D SPACE',''
  ) );
#10993 = ORIENTED_EDGE('',*,*,#10898,.F.);
#10994 = ADVANCED_FACE('',(#10995),#10176,.F.);
#10995 = FACE_BOUND('',#10996,.F.);
#10996 = EDGE_LOOP('',(#10997,#10998,#10999,#11000,#11001,#11002,#11003,
    #11004,#11005,#11006,#11007,#11008));
#10997 = ORIENTED_EDGE('',*,*,#10160,.F.);
#10998 = ORIENTED_EDGE('',*,*,#10217,.T.);
#10999 = ORIENTED_EDGE('',*,*,#10317,.T.);
#11000 = ORIENTED_EDGE('',*,*,#10426,.T.);
#11001 = ORIENTED_EDGE('',*,*,#10479,.T.);
#11002 = ORIENTED_EDGE('',*,*,#10588,.T.);
#11003 = ORIENTED_EDGE('',*,*,#10641,.T.);
#11004 = ORIENTED_EDGE('',*,*,#10693,.F.);
#11005 = ORIENTED_EDGE('',*,*,#10820,.F.);
#11006 = ORIENTED_EDGE('',*,*,#10874,.F.);
#11007 = ORIENTED_EDGE('',*,*,#10973,.F.);
#11008 = ORIENTED_EDGE('',*,*,#11009,.T.);
#11009 = EDGE_CURVE('',#10951,#10161,#11010,.T.);
#11010 = SURFACE_CURVE('',#11011,(#11016,#11027),.PCURVE_S1.);
#11011 = CIRCLE('',#11012,2.2);
#11012 = AXIS2_PLACEMENT_3D('',#11013,#11014,#11015);
#11013 = CARTESIAN_POINT('',(-38.,-224.,404.));
#11014 = DIRECTION('',(0.,0.,-1.));
#11015 = DIRECTION('',(0.454545454546,0.89072354283,0.));
#11016 = PCURVE('',#10176,#11017);
#11017 = DEFINITIONAL_REPRESENTATION('',(#11018),#11026);
#11018 = ( BOUNDED_CURVE() B_SPLINE_CURVE(2,(#11019,#11020,#11021,#11022
    ,#11023,#11024,#11025),.UNSPECIFIED.,.T.,.F.) 
B_SPLINE_CURVE_WITH_KNOTS((1,2,2,2,2,1),(-2.094395102393,0.,
    2.094395102393,4.188790204786,6.28318530718,8.377580409573),
.UNSPECIFIED.) CURVE() GEOMETRIC_REPRESENTATION_ITEM() 
RATIONAL_B_SPLINE_CURVE((1.,0.5,1.,0.5,1.,0.5,1.)) REPRESENTATION_ITEM(
  '') );
#11019 = CARTESIAN_POINT('',(3.623767952377E-13,4.959591794226));
#11020 = CARTESIAN_POINT('',(3.394112549695,3.227540986657));
#11021 = CARTESIAN_POINT('',(0.197056274847,1.154178699102));
#11022 = CARTESIAN_POINT('',(-3.000000000001,-0.919183588453));
#11023 = CARTESIAN_POINT('',(-3.197056274848,2.886229506672));
#11024 = CARTESIAN_POINT('',(-3.394112549695,6.691642601796));
#11025 = CARTESIAN_POINT('',(3.623767952377E-13,4.959591794226));
#11026 = ( GEOMETRIC_REPRESENTATION_CONTEXT(2) 
PARAMETRIC_REPRESENTATION_CONTEXT() REPRESENTATION_CONTEXT('2D SPACE',''
  ) );
#11027 = PCURVE('',#10202,#11028);
#11028 = DEFINITIONAL_REPRESENTATION('',(#11029),#11033);
#11029 = LINE('',#11030,#11031);
#11030 = CARTESIAN_POINT('',(-7.382119796695,-92.));
#11031 = VECTOR('',#11032,1.);
#11032 = DIRECTION('',(1.,-0.));
#11033 = ( GEOMETRIC_REPRESENTATION_CONTEXT(2) 
PARAMETRIC_REPRESENTATION_CONTEXT() REPRESENTATION_CONTEXT('2D SPACE',''
  ) );
#11034 = ADVANCED_FACE('',(#11035),#10202,.F.);
#11035 = FACE_BOUND('',#11036,.T.);
#11036 = EDGE_LOOP('',(#11037,#11063,#11064,#11065));
#11037 = ORIENTED_EDGE('',*,*,#11038,.F.);
#11038 = EDGE_CURVE('',#10928,#10100,#11039,.T.);
#11039 = SURFACE_CURVE('',#11040,(#11045,#11052),.PCURVE_S1.);
#11040 = CIRCLE('',#11041,2.2);
#11041 = AXIS2_PLACEMENT_3D('',#11042,#11043,#11044);
#11042 = CARTESIAN_POINT('',(-38.,-224.,420.));
#11043 = DIRECTION('',(0.,0.,-1.));
#11044 = DIRECTION('',(0.454545454546,0.89072354283,0.));
#11045 = PCURVE('',#10202,#11046);
#11046 = DEFINITIONAL_REPRESENTATION('',(#11047),#11051);
#11047 = LINE('',#11048,#11049);
#11048 = CARTESIAN_POINT('',(-7.382119796695,-108.));
#11049 = VECTOR('',#11050,1.);
#11050 = DIRECTION('',(1.,-0.));
#11051 = ( GEOMETRIC_REPRESENTATION_CONTEXT(2) 
PARAMETRIC_REPRESENTATION_CONTEXT() REPRESENTATION_CONTEXT('2D SPACE',''
  ) );
#11052 = PCURVE('',#10120,#11053);
#11053 = DEFINITIONAL_REPRESENTATION('',(#11054),#11062);
#11054 = ( BOUNDED_CURVE() B_SPLINE_CURVE(2,(#11055,#11056,#11057,#11058
    ,#11059,#11060,#11061),.UNSPECIFIED.,.T.,.F.) 
B_SPLINE_CURVE_WITH_KNOTS((1,2,2,2,2,1),(-2.094395102393,0.,
    2.094395102393,4.188790204786,6.28318530718,8.377580409573),
.UNSPECIFIED.) CURVE() GEOMETRIC_REPRESENTATION_ITEM() 
RATIONAL_B_SPLINE_CURVE((1.,0.5,1.,0.5,1.,0.5,1.)) REPRESENTATION_ITEM(
  '') );
#11055 = CARTESIAN_POINT('',(3.623767952377E-13,4.959591794226));
#11056 = CARTESIAN_POINT('',(3.394112549695,3.227540986657));
#11057 = CARTESIAN_POINT('',(0.197056274847,1.154178699102));
#11058 = CARTESIAN_POINT('',(-3.000000000001,-0.919183588453));
#11059 = CARTESIAN_POINT('',(-3.197056274848,2.886229506672));
#11060 = CARTESIAN_POINT('',(-3.394112549695,6.691642601796));
#11061 = CARTESIAN_POINT('',(3.623767952377E-13,4.959591794226));
#11062 = ( GEOMETRIC_REPRESENTATION_CONTEXT(2) 
PARAMETRIC_REPRESENTATION_CONTEXT() REPRESENTATION_CONTEXT('2D SPACE',''
  ) );
#11063 = ORIENTED_EDGE('',*,*,#10950,.T.);
#11064 = ORIENTED_EDGE('',*,*,#11009,.T.);
#11065 = ORIENTED_EDGE('',*,*,#10188,.F.);
#11066 = ADVANCED_FACE('',(#11067),#10120,.T.);
#11067 = FACE_BOUND('',#11068,.T.);
#11068 = EDGE_LOOP('',(#11069,#11070,#11071,#11072,#11073,#11074,#11075,
    #11076,#11077,#11078,#11079,#11080));
#11069 = ORIENTED_EDGE('',*,*,#10097,.F.);
#11070 = ORIENTED_EDGE('',*,*,#10241,.T.);
#11071 = ORIENTED_EDGE('',*,*,#10293,.T.);
#11072 = ORIENTED_EDGE('',*,*,#10399,.T.);
#11073 = ORIENTED_EDGE('',*,*,#10455,.T.);
#11074 = ORIENTED_EDGE('',*,*,#10561,.T.);
#11075 = ORIENTED_EDGE('',*,*,#10617,.T.);
#11076 = ORIENTED_EDGE('',*,*,#10744,.F.);
#11077 = ORIENTED_EDGE('',*,*,#10769,.F.);
#11078 = ORIENTED_EDGE('',*,*,#10845,.T.);
#11079 = ORIENTED_EDGE('',*,*,#10927,.F.);
#11080 = ORIENTED_EDGE('',*,*,#11038,.T.);
#11081 = ( GEOMETRIC_REPRESENTATION_CONTEXT(3) 
GLOBAL_UNCERTAINTY_ASSIGNED_CONTEXT((#11085)) 
GLOBAL_UNIT_ASSIGNED_CONTEXT((#11082,#11083,#11084)) 
REPRESENTATION_CONTEXT('Context #1',
  '3D Context with UNIT and UNCERTAINTY') );
#11082 = ( LENGTH_UNIT() NAMED_UNIT(*) SI_UNIT(.MILLI.,.METRE.) );
#11083 = ( NAMED_UNIT(*) PLANE_ANGLE_UNIT() SI_UNIT($,.RADIAN.) );
#11084 = ( NAMED_UNIT(*) SI_UNIT($,.STERADIAN.) SOLID_ANGLE_UNIT() );
#11085 = UNCERTAINTY_MEASURE_WITH_UNIT(LENGTH_MEASURE(1.E-07),#11082,
  'distance_accuracy_value','confusion accuracy');
#11086 = CONTEXT_DEPENDENT_SHAPE_REPRESENTATION(#11087,#11089);
#11087 = ( REPRESENTATION_RELATIONSHIP('','',#10090,#8756) 
REPRESENTATION_RELATIONSHIP_WITH_TRANSFORMATION(#11088) 
SHAPE_REPRESENTATION_RELATIONSHIP() );
#11088 = ITEM_DEFINED_TRANSFORMATION('','',#11,#8761);
#11089 = PRODUCT_DEFINITION_SHAPE('Placement','Placement of an item',
  #11090);
#11090 = NEXT_ASSEMBLY_USAGE_OCCURRENCE('12','','',#8751,#10085,$);
#11091 = PRODUCT_RELATED_PRODUCT_CATEGORY('part',$,(#10087));
#11092 = SHAPE_DEFINITION_REPRESENTATION(#11093,#11099);
#11093 = PRODUCT_DEFINITION_SHAPE('','',#11094);
#11094 = PRODUCT_DEFINITION('design','',#11095,#11098);
#11095 = PRODUCT_DEFINITION_FORMATION('','',#11096);
#11096 = PRODUCT('Open CASCADE STEP translator 7.9 1.6',
  'Open CASCADE STEP translator 7.9 1.6','',(#11097));
#11097 = PRODUCT_CONTEXT('',#2,'mechanical');
#11098 = PRODUCT_DEFINITION_CONTEXT('part definition',#2,'design');
#11099 = ADVANCED_BREP_SHAPE_REPRESENTATION('',(#11,#11100),#11430);
#11100 = MANIFOLD_SOLID_BREP('',#11101);
#11101 = CLOSED_SHELL('',(#11102,#11222,#11322,#11369,#11416,#11423));
#11102 = ADVANCED_FACE('',(#11103),#11117,.F.);
#11103 = FACE_BOUND('',#11104,.F.);
#11104 = EDGE_LOOP('',(#11105,#11140,#11168,#11196));
#11105 = ORIENTED_EDGE('',*,*,#11106,.F.);
#11106 = EDGE_CURVE('',#11107,#11109,#11111,.T.);
#11107 = VERTEX_POINT('',#11108);
#11108 = CARTESIAN_POINT('',(-55.,-220.,405.));
#11109 = VERTEX_POINT('',#11110);
#11110 = CARTESIAN_POINT('',(-55.,-220.,419.));
#11111 = SURFACE_CURVE('',#11112,(#11116,#11128),.PCURVE_S1.);
#11112 = LINE('',#11113,#11114);
#11113 = CARTESIAN_POINT('',(-55.,-220.,405.));
#11114 = VECTOR('',#11115,1.);
#11115 = DIRECTION('',(0.,0.,1.));
#11116 = PCURVE('',#11117,#11122);
#11117 = PLANE('',#11118);
#11118 = AXIS2_PLACEMENT_3D('',#11119,#11120,#11121);
#11119 = CARTESIAN_POINT('',(-55.,-220.,405.));
#11120 = DIRECTION('',(1.,0.,0.));
#11121 = DIRECTION('',(0.,0.,1.));
#11122 = DEFINITIONAL_REPRESENTATION('',(#11123),#11127);
#11123 = LINE('',#11124,#11125);
#11124 = CARTESIAN_POINT('',(0.,0.));
#11125 = VECTOR('',#11126,1.);
#11126 = DIRECTION('',(1.,0.));
#11127 = ( GEOMETRIC_REPRESENTATION_CONTEXT(2) 
PARAMETRIC_REPRESENTATION_CONTEXT() REPRESENTATION_CONTEXT('2D SPACE',''
  ) );
#11128 = PCURVE('',#11129,#11134);
#11129 = PLANE('',#11130);
#11130 = AXIS2_PLACEMENT_3D('',#11131,#11132,#11133);
#11131 = CARTESIAN_POINT('',(-55.,-220.,405.));
#11132 = DIRECTION('',(0.,1.,0.));
#11133 = DIRECTION('',(0.,0.,1.));
#11134 = DEFINITIONAL_REPRESENTATION('',(#11135),#11139);
#11135 = LINE('',#11136,#11137);
#11136 = CARTESIAN_POINT('',(0.,0.));
#11137 = VECTOR('',#11138,1.);
#11138 = DIRECTION('',(1.,0.));
#11139 = ( GEOMETRIC_REPRESENTATION_CONTEXT(2) 
PARAMETRIC_REPRESENTATION_CONTEXT() REPRESENTATION_CONTEXT('2D SPACE',''
  ) );
#11140 = ORIENTED_EDGE('',*,*,#11141,.T.);
#11141 = EDGE_CURVE('',#11107,#11142,#11144,.T.);
#11142 = VERTEX_POINT('',#11143);
#11143 = CARTESIAN_POINT('',(-55.,-180.,405.));
#11144 = SURFACE_CURVE('',#11145,(#11149,#11156),.PCURVE_S1.);
#11145 = LINE('',#11146,#11147);
#11146 = CARTESIAN_POINT('',(-55.,-220.,405.));
#11147 = VECTOR('',#11148,1.);
#11148 = DIRECTION('',(0.,1.,0.));
#11149 = PCURVE('',#11117,#11150);
#11150 = DEFINITIONAL_REPRESENTATION('',(#11151),#11155);
#11151 = LINE('',#11152,#11153);
#11152 = CARTESIAN_POINT('',(0.,0.));
#11153 = VECTOR('',#11154,1.);
#11154 = DIRECTION('',(0.,-1.));
#11155 = ( GEOMETRIC_REPRESENTATION_CONTEXT(2) 
PARAMETRIC_REPRESENTATION_CONTEXT() REPRESENTATION_CONTEXT('2D SPACE',''
  ) );
#11156 = PCURVE('',#11157,#11162);
#11157 = PLANE('',#11158);
#11158 = AXIS2_PLACEMENT_3D('',#11159,#11160,#11161);
#11159 = CARTESIAN_POINT('',(-55.,-220.,405.));
#11160 = DIRECTION('',(0.,0.,1.));
#11161 = DIRECTION('',(1.,0.,0.));
#11162 = DEFINITIONAL_REPRESENTATION('',(#11163),#11167);
#11163 = LINE('',#11164,#11165);
#11164 = CARTESIAN_POINT('',(0.,0.));
#11165 = VECTOR('',#11166,1.);
#11166 = DIRECTION('',(0.,1.));
#11167 = ( GEOMETRIC_REPRESENTATION_CONTEXT(2) 
PARAMETRIC_REPRESENTATION_CONTEXT() REPRESENTATION_CONTEXT('2D SPACE',''
  ) );
#11168 = ORIENTED_EDGE('',*,*,#11169,.T.);
#11169 = EDGE_CURVE('',#11142,#11170,#11172,.T.);
#11170 = VERTEX_POINT('',#11171);
#11171 = CARTESIAN_POINT('',(-55.,-180.,419.));
#11172 = SURFACE_CURVE('',#11173,(#11177,#11184),.PCURVE_S1.);
#11173 = LINE('',#11174,#11175);
#11174 = CARTESIAN_POINT('',(-55.,-180.,405.));
#11175 = VECTOR('',#11176,1.);
#11176 = DIRECTION('',(0.,0.,1.));
#11177 = PCURVE('',#11117,#11178);
#11178 = DEFINITIONAL_REPRESENTATION('',(#11179),#11183);
#11179 = LINE('',#11180,#11181);
#11180 = CARTESIAN_POINT('',(0.,-40.));
#11181 = VECTOR('',#11182,1.);
#11182 = DIRECTION('',(1.,0.));
#11183 = ( GEOMETRIC_REPRESENTATION_CONTEXT(2) 
PARAMETRIC_REPRESENTATION_CONTEXT() REPRESENTATION_CONTEXT('2D SPACE',''
  ) );
#11184 = PCURVE('',#11185,#11190);
#11185 = PLANE('',#11186);
#11186 = AXIS2_PLACEMENT_3D('',#11187,#11188,#11189);
#11187 = CARTESIAN_POINT('',(-55.,-180.,405.));
#11188 = DIRECTION('',(0.,1.,0.));
#11189 = DIRECTION('',(0.,0.,1.));
#11190 = DEFINITIONAL_REPRESENTATION('',(#11191),#11195);
#11191 = LINE('',#11192,#11193);
#11192 = CARTESIAN_POINT('',(0.,0.));
#11193 = VECTOR('',#11194,1.);
#11194 = DIRECTION('',(1.,0.));
#11195 = ( GEOMETRIC_REPRESENTATION_CONTEXT(2) 
PARAMETRIC_REPRESENTATION_CONTEXT() REPRESENTATION_CONTEXT('2D SPACE',''
  ) );
#11196 = ORIENTED_EDGE('',*,*,#11197,.F.);
#11197 = EDGE_CURVE('',#11109,#11170,#11198,.T.);
#11198 = SURFACE_CURVE('',#11199,(#11203,#11210),.PCURVE_S1.);
#11199 = LINE('',#11200,#11201);
#11200 = CARTESIAN_POINT('',(-55.,-220.,419.));
#11201 = VECTOR('',#11202,1.);
#11202 = DIRECTION('',(0.,1.,0.));
#11203 = PCURVE('',#11117,#11204);
#11204 = DEFINITIONAL_REPRESENTATION('',(#11205),#11209);
#11205 = LINE('',#11206,#11207);
#11206 = CARTESIAN_POINT('',(14.,0.));
#11207 = VECTOR('',#11208,1.);
#11208 = DIRECTION('',(0.,-1.));
#11209 = ( GEOMETRIC_REPRESENTATION_CONTEXT(2) 
PARAMETRIC_REPRESENTATION_CONTEXT() REPRESENTATION_CONTEXT('2D SPACE',''
  ) );
#11210 = PCURVE('',#11211,#11216);
#11211 = PLANE('',#11212);
#11212 = AXIS2_PLACEMENT_3D('',#11213,#11214,#11215);
#11213 = CARTESIAN_POINT('',(-55.,-220.,419.));
#11214 = DIRECTION('',(0.,0.,1.));
#11215 = DIRECTION('',(1.,0.,0.));
#11216 = DEFINITIONAL_REPRESENTATION('',(#11217),#11221);
#11217 = LINE('',#11218,#11219);
#11218 = CARTESIAN_POINT('',(0.,0.));
#11219 = VECTOR('',#11220,1.);
#11220 = DIRECTION('',(0.,1.));
#11221 = ( GEOMETRIC_REPRESENTATION_CONTEXT(2) 
PARAMETRIC_REPRESENTATION_CONTEXT() REPRESENTATION_CONTEXT('2D SPACE',''
  ) );
#11222 = ADVANCED_FACE('',(#11223),#11237,.T.);
#11223 = FACE_BOUND('',#11224,.T.);
#11224 = EDGE_LOOP('',(#11225,#11255,#11278,#11301));
#11225 = ORIENTED_EDGE('',*,*,#11226,.F.);
#11226 = EDGE_CURVE('',#11227,#11229,#11231,.T.);
#11227 = VERTEX_POINT('',#11228);
#11228 = CARTESIAN_POINT('',(55.,-220.,405.));
#11229 = VERTEX_POINT('',#11230);
#11230 = CARTESIAN_POINT('',(55.,-220.,419.));
#11231 = SURFACE_CURVE('',#11232,(#11236,#11248),.PCURVE_S1.);
#11232 = LINE('',#11233,#11234);
#11233 = CARTESIAN_POINT('',(55.,-220.,405.));
#11234 = VECTOR('',#11235,1.);
#11235 = DIRECTION('',(0.,0.,1.));
#11236 = PCURVE('',#11237,#11242);
#11237 = PLANE('',#11238);
#11238 = AXIS2_PLACEMENT_3D('',#11239,#11240,#11241);
#11239 = CARTESIAN_POINT('',(55.,-220.,405.));
#11240 = DIRECTION('',(1.,0.,0.));
#11241 = DIRECTION('',(0.,0.,1.));
#11242 = DEFINITIONAL_REPRESENTATION('',(#11243),#11247);
#11243 = LINE('',#11244,#11245);
#11244 = CARTESIAN_POINT('',(0.,0.));
#11245 = VECTOR('',#11246,1.);
#11246 = DIRECTION('',(1.,0.));
#11247 = ( GEOMETRIC_REPRESENTATION_CONTEXT(2) 
PARAMETRIC_REPRESENTATION_CONTEXT() REPRESENTATION_CONTEXT('2D SPACE',''
  ) );
#11248 = PCURVE('',#11129,#11249);
#11249 = DEFINITIONAL_REPRESENTATION('',(#11250),#11254);
#11250 = LINE('',#11251,#11252);
#11251 = CARTESIAN_POINT('',(0.,110.));
#11252 = VECTOR('',#11253,1.);
#11253 = DIRECTION('',(1.,0.));
#11254 = ( GEOMETRIC_REPRESENTATION_CONTEXT(2) 
PARAMETRIC_REPRESENTATION_CONTEXT() REPRESENTATION_CONTEXT('2D SPACE',''
  ) );
#11255 = ORIENTED_EDGE('',*,*,#11256,.T.);
#11256 = EDGE_CURVE('',#11227,#11257,#11259,.T.);
#11257 = VERTEX_POINT('',#11258);
#11258 = CARTESIAN_POINT('',(55.,-180.,405.));
#11259 = SURFACE_CURVE('',#11260,(#11264,#11271),.PCURVE_S1.);
#11260 = LINE('',#11261,#11262);
#11261 = CARTESIAN_POINT('',(55.,-220.,405.));
#11262 = VECTOR('',#11263,1.);
#11263 = DIRECTION('',(0.,1.,0.));
#11264 = PCURVE('',#11237,#11265);
#11265 = DEFINITIONAL_REPRESENTATION('',(#11266),#11270);
#11266 = LINE('',#11267,#11268);
#11267 = CARTESIAN_POINT('',(0.,0.));
#11268 = VECTOR('',#11269,1.);
#11269 = DIRECTION('',(0.,-1.));
#11270 = ( GEOMETRIC_REPRESENTATION_CONTEXT(2) 
PARAMETRIC_REPRESENTATION_CONTEXT() REPRESENTATION_CONTEXT('2D SPACE',''
  ) );
#11271 = PCURVE('',#11157,#11272);
#11272 = DEFINITIONAL_REPRESENTATION('',(#11273),#11277);
#11273 = LINE('',#11274,#11275);
#11274 = CARTESIAN_POINT('',(110.,0.));
#11275 = VECTOR('',#11276,1.);
#11276 = DIRECTION('',(0.,1.));
#11277 = ( GEOMETRIC_REPRESENTATION_CONTEXT(2) 
PARAMETRIC_REPRESENTATION_CONTEXT() REPRESENTATION_CONTEXT('2D SPACE',''
  ) );
#11278 = ORIENTED_EDGE('',*,*,#11279,.T.);
#11279 = EDGE_CURVE('',#11257,#11280,#11282,.T.);
#11280 = VERTEX_POINT('',#11281);
#11281 = CARTESIAN_POINT('',(55.,-180.,419.));
#11282 = SURFACE_CURVE('',#11283,(#11287,#11294),.PCURVE_S1.);
#11283 = LINE('',#11284,#11285);
#11284 = CARTESIAN_POINT('',(55.,-180.,405.));
#11285 = VECTOR('',#11286,1.);
#11286 = DIRECTION('',(0.,0.,1.));
#11287 = PCURVE('',#11237,#11288);
#11288 = DEFINITIONAL_REPRESENTATION('',(#11289),#11293);
#11289 = LINE('',#11290,#11291);
#11290 = CARTESIAN_POINT('',(0.,-40.));
#11291 = VECTOR('',#11292,1.);
#11292 = DIRECTION('',(1.,0.));
#11293 = ( GEOMETRIC_REPRESENTATION_CONTEXT(2) 
PARAMETRIC_REPRESENTATION_CONTEXT() REPRESENTATION_CONTEXT('2D SPACE',''
  ) );
#11294 = PCURVE('',#11185,#11295);
#11295 = DEFINITIONAL_REPRESENTATION('',(#11296),#11300);
#11296 = LINE('',#11297,#11298);
#11297 = CARTESIAN_POINT('',(0.,110.));
#11298 = VECTOR('',#11299,1.);
#11299 = DIRECTION('',(1.,0.));
#11300 = ( GEOMETRIC_REPRESENTATION_CONTEXT(2) 
PARAMETRIC_REPRESENTATION_CONTEXT() REPRESENTATION_CONTEXT('2D SPACE',''
  ) );
#11301 = ORIENTED_EDGE('',*,*,#11302,.F.);
#11302 = EDGE_CURVE('',#11229,#11280,#11303,.T.);
#11303 = SURFACE_CURVE('',#11304,(#11308,#11315),.PCURVE_S1.);
#11304 = LINE('',#11305,#11306);
#11305 = CARTESIAN_POINT('',(55.,-220.,419.));
#11306 = VECTOR('',#11307,1.);
#11307 = DIRECTION('',(0.,1.,0.));
#11308 = PCURVE('',#11237,#11309);
#11309 = DEFINITIONAL_REPRESENTATION('',(#11310),#11314);
#11310 = LINE('',#11311,#11312);
#11311 = CARTESIAN_POINT('',(14.,0.));
#11312 = VECTOR('',#11313,1.);
#11313 = DIRECTION('',(0.,-1.));
#11314 = ( GEOMETRIC_REPRESENTATION_CONTEXT(2) 
PARAMETRIC_REPRESENTATION_CONTEXT() REPRESENTATION_CONTEXT('2D SPACE',''
  ) );
#11315 = PCURVE('',#11211,#11316);
#11316 = DEFINITIONAL_REPRESENTATION('',(#11317),#11321);
#11317 = LINE('',#11318,#11319);
#11318 = CARTESIAN_POINT('',(110.,0.));
#11319 = VECTOR('',#11320,1.);
#11320 = DIRECTION('',(0.,1.));
#11321 = ( GEOMETRIC_REPRESENTATION_CONTEXT(2) 
PARAMETRIC_REPRESENTATION_CONTEXT() REPRESENTATION_CONTEXT('2D SPACE',''
  ) );
#11322 = ADVANCED_FACE('',(#11323),#11129,.F.);
#11323 = FACE_BOUND('',#11324,.F.);
#11324 = EDGE_LOOP('',(#11325,#11346,#11347,#11368));
#11325 = ORIENTED_EDGE('',*,*,#11326,.F.);
#11326 = EDGE_CURVE('',#11107,#11227,#11327,.T.);
#11327 = SURFACE_CURVE('',#11328,(#11332,#11339),.PCURVE_S1.);
#11328 = LINE('',#11329,#11330);
#11329 = CARTESIAN_POINT('',(-55.,-220.,405.));
#11330 = VECTOR('',#11331,1.);
#11331 = DIRECTION('',(1.,0.,0.));
#11332 = PCURVE('',#11129,#11333);
#11333 = DEFINITIONAL_REPRESENTATION('',(#11334),#11338);
#11334 = LINE('',#11335,#11336);
#11335 = CARTESIAN_POINT('',(0.,0.));
#11336 = VECTOR('',#11337,1.);
#11337 = DIRECTION('',(0.,1.));
#11338 = ( GEOMETRIC_REPRESENTATION_CONTEXT(2) 
PARAMETRIC_REPRESENTATION_CONTEXT() REPRESENTATION_CONTEXT('2D SPACE',''
  ) );
#11339 = PCURVE('',#11157,#11340);
#11340 = DEFINITIONAL_REPRESENTATION('',(#11341),#11345);
#11341 = LINE('',#11342,#11343);
#11342 = CARTESIAN_POINT('',(0.,0.));
#11343 = VECTOR('',#11344,1.);
#11344 = DIRECTION('',(1.,0.));
#11345 = ( GEOMETRIC_REPRESENTATION_CONTEXT(2) 
PARAMETRIC_REPRESENTATION_CONTEXT() REPRESENTATION_CONTEXT('2D SPACE',''
  ) );
#11346 = ORIENTED_EDGE('',*,*,#11106,.T.);
#11347 = ORIENTED_EDGE('',*,*,#11348,.T.);
#11348 = EDGE_CURVE('',#11109,#11229,#11349,.T.);
#11349 = SURFACE_CURVE('',#11350,(#11354,#11361),.PCURVE_S1.);
#11350 = LINE('',#11351,#11352);
#11351 = CARTESIAN_POINT('',(-55.,-220.,419.));
#11352 = VECTOR('',#11353,1.);
#11353 = DIRECTION('',(1.,0.,0.));
#11354 = PCURVE('',#11129,#11355);
#11355 = DEFINITIONAL_REPRESENTATION('',(#11356),#11360);
#11356 = LINE('',#11357,#11358);
#11357 = CARTESIAN_POINT('',(14.,0.));
#11358 = VECTOR('',#11359,1.);
#11359 = DIRECTION('',(0.,1.));
#11360 = ( GEOMETRIC_REPRESENTATION_CONTEXT(2) 
PARAMETRIC_REPRESENTATION_CONTEXT() REPRESENTATION_CONTEXT('2D SPACE',''
  ) );
#11361 = PCURVE('',#11211,#11362);
#11362 = DEFINITIONAL_REPRESENTATION('',(#11363),#11367);
#11363 = LINE('',#11364,#11365);
#11364 = CARTESIAN_POINT('',(0.,0.));
#11365 = VECTOR('',#11366,1.);
#11366 = DIRECTION('',(1.,0.));
#11367 = ( GEOMETRIC_REPRESENTATION_CONTEXT(2) 
PARAMETRIC_REPRESENTATION_CONTEXT() REPRESENTATION_CONTEXT('2D SPACE',''
  ) );
#11368 = ORIENTED_EDGE('',*,*,#11226,.F.);
#11369 = ADVANCED_FACE('',(#11370),#11185,.T.);
#11370 = FACE_BOUND('',#11371,.T.);
#11371 = EDGE_LOOP('',(#11372,#11393,#11394,#11415));
#11372 = ORIENTED_EDGE('',*,*,#11373,.F.);
#11373 = EDGE_CURVE('',#11142,#11257,#11374,.T.);
#11374 = SURFACE_CURVE('',#11375,(#11379,#11386),.PCURVE_S1.);
#11375 = LINE('',#11376,#11377);
#11376 = CARTESIAN_POINT('',(-55.,-180.,405.));
#11377 = VECTOR('',#11378,1.);
#11378 = DIRECTION('',(1.,0.,0.));
#11379 = PCURVE('',#11185,#11380);
#11380 = DEFINITIONAL_REPRESENTATION('',(#11381),#11385);
#11381 = LINE('',#11382,#11383);
#11382 = CARTESIAN_POINT('',(0.,0.));
#11383 = VECTOR('',#11384,1.);
#11384 = DIRECTION('',(0.,1.));
#11385 = ( GEOMETRIC_REPRESENTATION_CONTEXT(2) 
PARAMETRIC_REPRESENTATION_CONTEXT() REPRESENTATION_CONTEXT('2D SPACE',''
  ) );
#11386 = PCURVE('',#11157,#11387);
#11387 = DEFINITIONAL_REPRESENTATION('',(#11388),#11392);
#11388 = LINE('',#11389,#11390);
#11389 = CARTESIAN_POINT('',(0.,40.));
#11390 = VECTOR('',#11391,1.);
#11391 = DIRECTION('',(1.,0.));
#11392 = ( GEOMETRIC_REPRESENTATION_CONTEXT(2) 
PARAMETRIC_REPRESENTATION_CONTEXT() REPRESENTATION_CONTEXT('2D SPACE',''
  ) );
#11393 = ORIENTED_EDGE('',*,*,#11169,.T.);
#11394 = ORIENTED_EDGE('',*,*,#11395,.T.);
#11395 = EDGE_CURVE('',#11170,#11280,#11396,.T.);
#11396 = SURFACE_CURVE('',#11397,(#11401,#11408),.PCURVE_S1.);
#11397 = LINE('',#11398,#11399);
#11398 = CARTESIAN_POINT('',(-55.,-180.,419.));
#11399 = VECTOR('',#11400,1.);
#11400 = DIRECTION('',(1.,0.,0.));
#11401 = PCURVE('',#11185,#11402);
#11402 = DEFINITIONAL_REPRESENTATION('',(#11403),#11407);
#11403 = LINE('',#11404,#11405);
#11404 = CARTESIAN_POINT('',(14.,0.));
#11405 = VECTOR('',#11406,1.);
#11406 = DIRECTION('',(0.,1.));
#11407 = ( GEOMETRIC_REPRESENTATION_CONTEXT(2) 
PARAMETRIC_REPRESENTATION_CONTEXT() REPRESENTATION_CONTEXT('2D SPACE',''
  ) );
#11408 = PCURVE('',#11211,#11409);
#11409 = DEFINITIONAL_REPRESENTATION('',(#11410),#11414);
#11410 = LINE('',#11411,#11412);
#11411 = CARTESIAN_POINT('',(0.,40.));
#11412 = VECTOR('',#11413,1.);
#11413 = DIRECTION('',(1.,0.));
#11414 = ( GEOMETRIC_REPRESENTATION_CONTEXT(2) 
PARAMETRIC_REPRESENTATION_CONTEXT() REPRESENTATION_CONTEXT('2D SPACE',''
  ) );
#11415 = ORIENTED_EDGE('',*,*,#11279,.F.);
#11416 = ADVANCED_FACE('',(#11417),#11157,.F.);
#11417 = FACE_BOUND('',#11418,.F.);
#11418 = EDGE_LOOP('',(#11419,#11420,#11421,#11422));
#11419 = ORIENTED_EDGE('',*,*,#11141,.F.);
#11420 = ORIENTED_EDGE('',*,*,#11326,.T.);
#11421 = ORIENTED_EDGE('',*,*,#11256,.T.);
#11422 = ORIENTED_EDGE('',*,*,#11373,.F.);
#11423 = ADVANCED_FACE('',(#11424),#11211,.T.);
#11424 = FACE_BOUND('',#11425,.T.);
#11425 = EDGE_LOOP('',(#11426,#11427,#11428,#11429));
#11426 = ORIENTED_EDGE('',*,*,#11197,.F.);
#11427 = ORIENTED_EDGE('',*,*,#11348,.T.);
#11428 = ORIENTED_EDGE('',*,*,#11302,.T.);
#11429 = ORIENTED_EDGE('',*,*,#11395,.F.);
#11430 = ( GEOMETRIC_REPRESENTATION_CONTEXT(3) 
GLOBAL_UNCERTAINTY_ASSIGNED_CONTEXT((#11434)) 
GLOBAL_UNIT_ASSIGNED_CONTEXT((#11431,#11432,#11433)) 
REPRESENTATION_CONTEXT('Context #1',
  '3D Context with UNIT and UNCERTAINTY') );
#11431 = ( LENGTH_UNIT() NAMED_UNIT(*) SI_UNIT(.MILLI.,.METRE.) );
#11432 = ( NAMED_UNIT(*) PLANE_ANGLE_UNIT() SI_UNIT($,.RADIAN.) );
#11433 = ( NAMED_UNIT(*) SI_UNIT($,.STERADIAN.) SOLID_ANGLE_UNIT() );
#11434 = UNCERTAINTY_MEASURE_WITH_UNIT(LENGTH_MEASURE(1.E-07),#11431,
  'distance_accuracy_value','confusion accuracy');
#11435 = CONTEXT_DEPENDENT_SHAPE_REPRESENTATION(#11436,#11438);
#11436 = ( REPRESENTATION_RELATIONSHIP('','',#11099,#10) 
REPRESENTATION_RELATIONSHIP_WITH_TRANSFORMATION(#11437) 
SHAPE_REPRESENTATION_RELATIONSHIP() );
#11437 = ITEM_DEFINED_TRANSFORMATION('','',#11,#35);
#11438 = PRODUCT_DEFINITION_SHAPE('Placement','Placement of an item',
  #11439);
#11439 = NEXT_ASSEMBLY_USAGE_OCCURRENCE('14','','',#5,#11094,$);
#11440 = PRODUCT_RELATED_PRODUCT_CATEGORY('part',$,(#11096));
#11441 = SHAPE_DEFINITION_REPRESENTATION(#11442,#11448);
#11442 = PRODUCT_DEFINITION_SHAPE('','',#11443);
#11443 = PRODUCT_DEFINITION('design','',#11444,#11447);
#11444 = PRODUCT_DEFINITION_FORMATION('','',#11445);
#11445 = PRODUCT('Open CASCADE STEP translator 7.9 1.7',
  'Open CASCADE STEP translator 7.9 1.7','',(#11446));
#11446 = PRODUCT_CONTEXT('',#2,'mechanical');
#11447 = PRODUCT_DEFINITION_CONTEXT('part definition',#2,'design');
#11448 = ADVANCED_BREP_SHAPE_REPRESENTATION('',(#11,#11449),#11779);
#11449 = MANIFOLD_SOLID_BREP('',#11450);
#11450 = CLOSED_SHELL('',(#11451,#11571,#11671,#11718,#11765,#11772));
#11451 = ADVANCED_FACE('',(#11452),#11466,.F.);
#11452 = FACE_BOUND('',#11453,.F.);
#11453 = EDGE_LOOP('',(#11454,#11489,#11517,#11545));
#11454 = ORIENTED_EDGE('',*,*,#11455,.F.);
#11455 = EDGE_CURVE('',#11456,#11458,#11460,.T.);
#11456 = VERTEX_POINT('',#11457);
#11457 = CARTESIAN_POINT('',(-30.,-230.,423.));
#11458 = VERTEX_POINT('',#11459);
#11459 = CARTESIAN_POINT('',(-30.,-230.,433.));
#11460 = SURFACE_CURVE('',#11461,(#11465,#11477),.PCURVE_S1.);
#11461 = LINE('',#11462,#11463);
#11462 = CARTESIAN_POINT('',(-30.,-230.,423.));
#11463 = VECTOR('',#11464,1.);
#11464 = DIRECTION('',(0.,0.,1.));
#11465 = PCURVE('',#11466,#11471);
#11466 = PLANE('',#11467);
#11467 = AXIS2_PLACEMENT_3D('',#11468,#11469,#11470);
#11468 = CARTESIAN_POINT('',(-30.,-230.,423.));
#11469 = DIRECTION('',(1.,0.,0.));
#11470 = DIRECTION('',(0.,0.,1.));
#11471 = DEFINITIONAL_REPRESENTATION('',(#11472),#11476);
#11472 = LINE('',#11473,#11474);
#11473 = CARTESIAN_POINT('',(0.,0.));
#11474 = VECTOR('',#11475,1.);
#11475 = DIRECTION('',(1.,0.));
#11476 = ( GEOMETRIC_REPRESENTATION_CONTEXT(2) 
PARAMETRIC_REPRESENTATION_CONTEXT() REPRESENTATION_CONTEXT('2D SPACE',''
  ) );
#11477 = PCURVE('',#11478,#11483);
#11478 = PLANE('',#11479);
#11479 = AXIS2_PLACEMENT_3D('',#11480,#11481,#11482);
#11480 = CARTESIAN_POINT('',(-30.,-230.,423.));
#11481 = DIRECTION('',(0.,1.,0.));
#11482 = DIRECTION('',(0.,0.,1.));
#11483 = DEFINITIONAL_REPRESENTATION('',(#11484),#11488);
#11484 = LINE('',#11485,#11486);
#11485 = CARTESIAN_POINT('',(0.,0.));
#11486 = VECTOR('',#11487,1.);
#11487 = DIRECTION('',(1.,0.));
#11488 = ( GEOMETRIC_REPRESENTATION_CONTEXT(2) 
PARAMETRIC_REPRESENTATION_CONTEXT() REPRESENTATION_CONTEXT('2D SPACE',''
  ) );
#11489 = ORIENTED_EDGE('',*,*,#11490,.T.);
#11490 = EDGE_CURVE('',#11456,#11491,#11493,.T.);
#11491 = VERTEX_POINT('',#11492);
#11492 = CARTESIAN_POINT('',(-30.,-170.,423.));
#11493 = SURFACE_CURVE('',#11494,(#11498,#11505),.PCURVE_S1.);
#11494 = LINE('',#11495,#11496);
#11495 = CARTESIAN_POINT('',(-30.,-230.,423.));
#11496 = VECTOR('',#11497,1.);
#11497 = DIRECTION('',(0.,1.,0.));
#11498 = PCURVE('',#11466,#11499);
#11499 = DEFINITIONAL_REPRESENTATION('',(#11500),#11504);
#11500 = LINE('',#11501,#11502);
#11501 = CARTESIAN_POINT('',(0.,0.));
#11502 = VECTOR('',#11503,1.);
#11503 = DIRECTION('',(0.,-1.));
#11504 = ( GEOMETRIC_REPRESENTATION_CONTEXT(2) 
PARAMETRIC_REPRESENTATION_CONTEXT() REPRESENTATION_CONTEXT('2D SPACE',''
  ) );
#11505 = PCURVE('',#11506,#11511);
#11506 = PLANE('',#11507);
#11507 = AXIS2_PLACEMENT_3D('',#11508,#11509,#11510);
#11508 = CARTESIAN_POINT('',(-30.,-230.,423.));
#11509 = DIRECTION('',(0.,0.,1.));
#11510 = DIRECTION('',(1.,0.,0.));
#11511 = DEFINITIONAL_REPRESENTATION('',(#11512),#11516);
#11512 = LINE('',#11513,#11514);
#11513 = CARTESIAN_POINT('',(0.,0.));
#11514 = VECTOR('',#11515,1.);
#11515 = DIRECTION('',(0.,1.));
#11516 = ( GEOMETRIC_REPRESENTATION_CONTEXT(2) 
PARAMETRIC_REPRESENTATION_CONTEXT() REPRESENTATION_CONTEXT('2D SPACE',''
  ) );
#11517 = ORIENTED_EDGE('',*,*,#11518,.T.);
#11518 = EDGE_CURVE('',#11491,#11519,#11521,.T.);
#11519 = VERTEX_POINT('',#11520);
#11520 = CARTESIAN_POINT('',(-30.,-170.,433.));
#11521 = SURFACE_CURVE('',#11522,(#11526,#11533),.PCURVE_S1.);
#11522 = LINE('',#11523,#11524);
#11523 = CARTESIAN_POINT('',(-30.,-170.,423.));
#11524 = VECTOR('',#11525,1.);
#11525 = DIRECTION('',(0.,0.,1.));
#11526 = PCURVE('',#11466,#11527);
#11527 = DEFINITIONAL_REPRESENTATION('',(#11528),#11532);
#11528 = LINE('',#11529,#11530);
#11529 = CARTESIAN_POINT('',(0.,-60.));
#11530 = VECTOR('',#11531,1.);
#11531 = DIRECTION('',(1.,0.));
#11532 = ( GEOMETRIC_REPRESENTATION_CONTEXT(2) 
PARAMETRIC_REPRESENTATION_CONTEXT() REPRESENTATION_CONTEXT('2D SPACE',''
  ) );
#11533 = PCURVE('',#11534,#11539);
#11534 = PLANE('',#11535);
#11535 = AXIS2_PLACEMENT_3D('',#11536,#11537,#11538);
#11536 = CARTESIAN_POINT('',(-30.,-170.,423.));
#11537 = DIRECTION('',(0.,1.,0.));
#11538 = DIRECTION('',(0.,0.,1.));
#11539 = DEFINITIONAL_REPRESENTATION('',(#11540),#11544);
#11540 = LINE('',#11541,#11542);
#11541 = CARTESIAN_POINT('',(0.,0.));
#11542 = VECTOR('',#11543,1.);
#11543 = DIRECTION('',(1.,0.));
#11544 = ( GEOMETRIC_REPRESENTATION_CONTEXT(2) 
PARAMETRIC_REPRESENTATION_CONTEXT() REPRESENTATION_CONTEXT('2D SPACE',''
  ) );
#11545 = ORIENTED_EDGE('',*,*,#11546,.F.);
#11546 = EDGE_CURVE('',#11458,#11519,#11547,.T.);
#11547 = SURFACE_CURVE('',#11548,(#11552,#11559),.PCURVE_S1.);
#11548 = LINE('',#11549,#11550);
#11549 = CARTESIAN_POINT('',(-30.,-230.,433.));
#11550 = VECTOR('',#11551,1.);
#11551 = DIRECTION('',(0.,1.,0.));
#11552 = PCURVE('',#11466,#11553);
#11553 = DEFINITIONAL_REPRESENTATION('',(#11554),#11558);
#11554 = LINE('',#11555,#11556);
#11555 = CARTESIAN_POINT('',(10.,0.));
#11556 = VECTOR('',#11557,1.);
#11557 = DIRECTION('',(0.,-1.));
#11558 = ( GEOMETRIC_REPRESENTATION_CONTEXT(2) 
PARAMETRIC_REPRESENTATION_CONTEXT() REPRESENTATION_CONTEXT('2D SPACE',''
  ) );
#11559 = PCURVE('',#11560,#11565);
#11560 = PLANE('',#11561);
#11561 = AXIS2_PLACEMENT_3D('',#11562,#11563,#11564);
#11562 = CARTESIAN_POINT('',(-30.,-230.,433.));
#11563 = DIRECTION('',(0.,0.,1.));
#11564 = DIRECTION('',(1.,0.,0.));
#11565 = DEFINITIONAL_REPRESENTATION('',(#11566),#11570);
#11566 = LINE('',#11567,#11568);
#11567 = CARTESIAN_POINT('',(0.,0.));
#11568 = VECTOR('',#11569,1.);
#11569 = DIRECTION('',(0.,1.));
#11570 = ( GEOMETRIC_REPRESENTATION_CONTEXT(2) 
PARAMETRIC_REPRESENTATION_CONTEXT() REPRESENTATION_CONTEXT('2D SPACE',''
  ) );
#11571 = ADVANCED_FACE('',(#11572),#11586,.T.);
#11572 = FACE_BOUND('',#11573,.T.);
#11573 = EDGE_LOOP('',(#11574,#11604,#11627,#11650));
#11574 = ORIENTED_EDGE('',*,*,#11575,.F.);
#11575 = EDGE_CURVE('',#11576,#11578,#11580,.T.);
#11576 = VERTEX_POINT('',#11577);
#11577 = CARTESIAN_POINT('',(30.,-230.,423.));
#11578 = VERTEX_POINT('',#11579);
#11579 = CARTESIAN_POINT('',(30.,-230.,433.));
#11580 = SURFACE_CURVE('',#11581,(#11585,#11597),.PCURVE_S1.);
#11581 = LINE('',#11582,#11583);
#11582 = CARTESIAN_POINT('',(30.,-230.,423.));
#11583 = VECTOR('',#11584,1.);
#11584 = DIRECTION('',(0.,0.,1.));
#11585 = PCURVE('',#11586,#11591);
#11586 = PLANE('',#11587);
#11587 = AXIS2_PLACEMENT_3D('',#11588,#11589,#11590);
#11588 = CARTESIAN_POINT('',(30.,-230.,423.));
#11589 = DIRECTION('',(1.,0.,0.));
#11590 = DIRECTION('',(0.,0.,1.));
#11591 = DEFINITIONAL_REPRESENTATION('',(#11592),#11596);
#11592 = LINE('',#11593,#11594);
#11593 = CARTESIAN_POINT('',(0.,0.));
#11594 = VECTOR('',#11595,1.);
#11595 = DIRECTION('',(1.,0.));
#11596 = ( GEOMETRIC_REPRESENTATION_CONTEXT(2) 
PARAMETRIC_REPRESENTATION_CONTEXT() REPRESENTATION_CONTEXT('2D SPACE',''
  ) );
#11597 = PCURVE('',#11478,#11598);
#11598 = DEFINITIONAL_REPRESENTATION('',(#11599),#11603);
#11599 = LINE('',#11600,#11601);
#11600 = CARTESIAN_POINT('',(0.,60.));
#11601 = VECTOR('',#11602,1.);
#11602 = DIRECTION('',(1.,0.));
#11603 = ( GEOMETRIC_REPRESENTATION_CONTEXT(2) 
PARAMETRIC_REPRESENTATION_CONTEXT() REPRESENTATION_CONTEXT('2D SPACE',''
  ) );
#11604 = ORIENTED_EDGE('',*,*,#11605,.T.);
#11605 = EDGE_CURVE('',#11576,#11606,#11608,.T.);
#11606 = VERTEX_POINT('',#11607);
#11607 = CARTESIAN_POINT('',(30.,-170.,423.));
#11608 = SURFACE_CURVE('',#11609,(#11613,#11620),.PCURVE_S1.);
#11609 = LINE('',#11610,#11611);
#11610 = CARTESIAN_POINT('',(30.,-230.,423.));
#11611 = VECTOR('',#11612,1.);
#11612 = DIRECTION('',(0.,1.,0.));
#11613 = PCURVE('',#11586,#11614);
#11614 = DEFINITIONAL_REPRESENTATION('',(#11615),#11619);
#11615 = LINE('',#11616,#11617);
#11616 = CARTESIAN_POINT('',(0.,0.));
#11617 = VECTOR('',#11618,1.);
#11618 = DIRECTION('',(0.,-1.));
#11619 = ( GEOMETRIC_REPRESENTATION_CONTEXT(2) 
PARAMETRIC_REPRESENTATION_CONTEXT() REPRESENTATION_CONTEXT('2D SPACE',''
  ) );
#11620 = PCURVE('',#11506,#11621);
#11621 = DEFINITIONAL_REPRESENTATION('',(#11622),#11626);
#11622 = LINE('',#11623,#11624);
#11623 = CARTESIAN_POINT('',(60.,0.));
#11624 = VECTOR('',#11625,1.);
#11625 = DIRECTION('',(0.,1.));
#11626 = ( GEOMETRIC_REPRESENTATION_CONTEXT(2) 
PARAMETRIC_REPRESENTATION_CONTEXT() REPRESENTATION_CONTEXT('2D SPACE',''
  ) );
#11627 = ORIENTED_EDGE('',*,*,#11628,.T.);
#11628 = EDGE_CURVE('',#11606,#11629,#11631,.T.);
#11629 = VERTEX_POINT('',#11630);
#11630 = CARTESIAN_POINT('',(30.,-170.,433.));
#11631 = SURFACE_CURVE('',#11632,(#11636,#11643),.PCURVE_S1.);
#11632 = LINE('',#11633,#11634);
#11633 = CARTESIAN_POINT('',(30.,-170.,423.));
#11634 = VECTOR('',#11635,1.);
#11635 = DIRECTION('',(0.,0.,1.));
#11636 = PCURVE('',#11586,#11637);
#11637 = DEFINITIONAL_REPRESENTATION('',(#11638),#11642);
#11638 = LINE('',#11639,#11640);
#11639 = CARTESIAN_POINT('',(0.,-60.));
#11640 = VECTOR('',#11641,1.);
#11641 = DIRECTION('',(1.,0.));
#11642 = ( GEOMETRIC_REPRESENTATION_CONTEXT(2) 
PARAMETRIC_REPRESENTATION_CONTEXT() REPRESENTATION_CONTEXT('2D SPACE',''
  ) );
#11643 = PCURVE('',#11534,#11644);
#11644 = DEFINITIONAL_REPRESENTATION('',(#11645),#11649);
#11645 = LINE('',#11646,#11647);
#11646 = CARTESIAN_POINT('',(0.,60.));
#11647 = VECTOR('',#11648,1.);
#11648 = DIRECTION('',(1.,0.));
#11649 = ( GEOMETRIC_REPRESENTATION_CONTEXT(2) 
PARAMETRIC_REPRESENTATION_CONTEXT() REPRESENTATION_CONTEXT('2D SPACE',''
  ) );
#11650 = ORIENTED_EDGE('',*,*,#11651,.F.);
#11651 = EDGE_CURVE('',#11578,#11629,#11652,.T.);
#11652 = SURFACE_CURVE('',#11653,(#11657,#11664),.PCURVE_S1.);
#11653 = LINE('',#11654,#11655);
#11654 = CARTESIAN_POINT('',(30.,-230.,433.));
#11655 = VECTOR('',#11656,1.);
#11656 = DIRECTION('',(0.,1.,0.));
#11657 = PCURVE('',#11586,#11658);
#11658 = DEFINITIONAL_REPRESENTATION('',(#11659),#11663);
#11659 = LINE('',#11660,#11661);
#11660 = CARTESIAN_POINT('',(10.,0.));
#11661 = VECTOR('',#11662,1.);
#11662 = DIRECTION('',(0.,-1.));
#11663 = ( GEOMETRIC_REPRESENTATION_CONTEXT(2) 
PARAMETRIC_REPRESENTATION_CONTEXT() REPRESENTATION_CONTEXT('2D SPACE',''
  ) );
#11664 = PCURVE('',#11560,#11665);
#11665 = DEFINITIONAL_REPRESENTATION('',(#11666),#11670);
#11666 = LINE('',#11667,#11668);
#11667 = CARTESIAN_POINT('',(60.,0.));
#11668 = VECTOR('',#11669,1.);
#11669 = DIRECTION('',(0.,1.));
#11670 = ( GEOMETRIC_REPRESENTATION_CONTEXT(2) 
PARAMETRIC_REPRESENTATION_CONTEXT() REPRESENTATION_CONTEXT('2D SPACE',''
  ) );
#11671 = ADVANCED_FACE('',(#11672),#11478,.F.);
#11672 = FACE_BOUND('',#11673,.F.);
#11673 = EDGE_LOOP('',(#11674,#11695,#11696,#11717));
#11674 = ORIENTED_EDGE('',*,*,#11675,.F.);
#11675 = EDGE_CURVE('',#11456,#11576,#11676,.T.);
#11676 = SURFACE_CURVE('',#11677,(#11681,#11688),.PCURVE_S1.);
#11677 = LINE('',#11678,#11679);
#11678 = CARTESIAN_POINT('',(-30.,-230.,423.));
#11679 = VECTOR('',#11680,1.);
#11680 = DIRECTION('',(1.,0.,0.));
#11681 = PCURVE('',#11478,#11682);
#11682 = DEFINITIONAL_REPRESENTATION('',(#11683),#11687);
#11683 = LINE('',#11684,#11685);
#11684 = CARTESIAN_POINT('',(0.,0.));
#11685 = VECTOR('',#11686,1.);
#11686 = DIRECTION('',(0.,1.));
#11687 = ( GEOMETRIC_REPRESENTATION_CONTEXT(2) 
PARAMETRIC_REPRESENTATION_CONTEXT() REPRESENTATION_CONTEXT('2D SPACE',''
  ) );
#11688 = PCURVE('',#11506,#11689);
#11689 = DEFINITIONAL_REPRESENTATION('',(#11690),#11694);
#11690 = LINE('',#11691,#11692);
#11691 = CARTESIAN_POINT('',(0.,0.));
#11692 = VECTOR('',#11693,1.);
#11693 = DIRECTION('',(1.,0.));
#11694 = ( GEOMETRIC_REPRESENTATION_CONTEXT(2) 
PARAMETRIC_REPRESENTATION_CONTEXT() REPRESENTATION_CONTEXT('2D SPACE',''
  ) );
#11695 = ORIENTED_EDGE('',*,*,#11455,.T.);
#11696 = ORIENTED_EDGE('',*,*,#11697,.T.);
#11697 = EDGE_CURVE('',#11458,#11578,#11698,.T.);
#11698 = SURFACE_CURVE('',#11699,(#11703,#11710),.PCURVE_S1.);
#11699 = LINE('',#11700,#11701);
#11700 = CARTESIAN_POINT('',(-30.,-230.,433.));
#11701 = VECTOR('',#11702,1.);
#11702 = DIRECTION('',(1.,0.,0.));
#11703 = PCURVE('',#11478,#11704);
#11704 = DEFINITIONAL_REPRESENTATION('',(#11705),#11709);
#11705 = LINE('',#11706,#11707);
#11706 = CARTESIAN_POINT('',(10.,0.));
#11707 = VECTOR('',#11708,1.);
#11708 = DIRECTION('',(0.,1.));
#11709 = ( GEOMETRIC_REPRESENTATION_CONTEXT(2) 
PARAMETRIC_REPRESENTATION_CONTEXT() REPRESENTATION_CONTEXT('2D SPACE',''
  ) );
#11710 = PCURVE('',#11560,#11711);
#11711 = DEFINITIONAL_REPRESENTATION('',(#11712),#11716);
#11712 = LINE('',#11713,#11714);
#11713 = CARTESIAN_POINT('',(0.,0.));
#11714 = VECTOR('',#11715,1.);
#11715 = DIRECTION('',(1.,0.));
#11716 = ( GEOMETRIC_REPRESENTATION_CONTEXT(2) 
PARAMETRIC_REPRESENTATION_CONTEXT() REPRESENTATION_CONTEXT('2D SPACE',''
  ) );
#11717 = ORIENTED_EDGE('',*,*,#11575,.F.);
#11718 = ADVANCED_FACE('',(#11719),#11534,.T.);
#11719 = FACE_BOUND('',#11720,.T.);
#11720 = EDGE_LOOP('',(#11721,#11742,#11743,#11764));
#11721 = ORIENTED_EDGE('',*,*,#11722,.F.);
#11722 = EDGE_CURVE('',#11491,#11606,#11723,.T.);
#11723 = SURFACE_CURVE('',#11724,(#11728,#11735),.PCURVE_S1.);
#11724 = LINE('',#11725,#11726);
#11725 = CARTESIAN_POINT('',(-30.,-170.,423.));
#11726 = VECTOR('',#11727,1.);
#11727 = DIRECTION('',(1.,0.,0.));
#11728 = PCURVE('',#11534,#11729);
#11729 = DEFINITIONAL_REPRESENTATION('',(#11730),#11734);
#11730 = LINE('',#11731,#11732);
#11731 = CARTESIAN_POINT('',(0.,0.));
#11732 = VECTOR('',#11733,1.);
#11733 = DIRECTION('',(0.,1.));
#11734 = ( GEOMETRIC_REPRESENTATION_CONTEXT(2) 
PARAMETRIC_REPRESENTATION_CONTEXT() REPRESENTATION_CONTEXT('2D SPACE',''
  ) );
#11735 = PCURVE('',#11506,#11736);
#11736 = DEFINITIONAL_REPRESENTATION('',(#11737),#11741);
#11737 = LINE('',#11738,#11739);
#11738 = CARTESIAN_POINT('',(0.,60.));
#11739 = VECTOR('',#11740,1.);
#11740 = DIRECTION('',(1.,0.));
#11741 = ( GEOMETRIC_REPRESENTATION_CONTEXT(2) 
PARAMETRIC_REPRESENTATION_CONTEXT() REPRESENTATION_CONTEXT('2D SPACE',''
  ) );
#11742 = ORIENTED_EDGE('',*,*,#11518,.T.);
#11743 = ORIENTED_EDGE('',*,*,#11744,.T.);
#11744 = EDGE_CURVE('',#11519,#11629,#11745,.T.);
#11745 = SURFACE_CURVE('',#11746,(#11750,#11757),.PCURVE_S1.);
#11746 = LINE('',#11747,#11748);
#11747 = CARTESIAN_POINT('',(-30.,-170.,433.));
#11748 = VECTOR('',#11749,1.);
#11749 = DIRECTION('',(1.,0.,0.));
#11750 = PCURVE('',#11534,#11751);
#11751 = DEFINITIONAL_REPRESENTATION('',(#11752),#11756);
#11752 = LINE('',#11753,#11754);
#11753 = CARTESIAN_POINT('',(10.,0.));
#11754 = VECTOR('',#11755,1.);
#11755 = DIRECTION('',(0.,1.));
#11756 = ( GEOMETRIC_REPRESENTATION_CONTEXT(2) 
PARAMETRIC_REPRESENTATION_CONTEXT() REPRESENTATION_CONTEXT('2D SPACE',''
  ) );
#11757 = PCURVE('',#11560,#11758);
#11758 = DEFINITIONAL_REPRESENTATION('',(#11759),#11763);
#11759 = LINE('',#11760,#11761);
#11760 = CARTESIAN_POINT('',(0.,60.));
#11761 = VECTOR('',#11762,1.);
#11762 = DIRECTION('',(1.,0.));
#11763 = ( GEOMETRIC_REPRESENTATION_CONTEXT(2) 
PARAMETRIC_REPRESENTATION_CONTEXT() REPRESENTATION_CONTEXT('2D SPACE',''
  ) );
#11764 = ORIENTED_EDGE('',*,*,#11628,.F.);
#11765 = ADVANCED_FACE('',(#11766),#11506,.F.);
#11766 = FACE_BOUND('',#11767,.F.);
#11767 = EDGE_LOOP('',(#11768,#11769,#11770,#11771));
#11768 = ORIENTED_EDGE('',*,*,#11490,.F.);
#11769 = ORIENTED_EDGE('',*,*,#11675,.T.);
#11770 = ORIENTED_EDGE('',*,*,#11605,.T.);
#11771 = ORIENTED_EDGE('',*,*,#11722,.F.);
#11772 = ADVANCED_FACE('',(#11773),#11560,.T.);
#11773 = FACE_BOUND('',#11774,.T.);
#11774 = EDGE_LOOP('',(#11775,#11776,#11777,#11778));
#11775 = ORIENTED_EDGE('',*,*,#11546,.F.);
#11776 = ORIENTED_EDGE('',*,*,#11697,.T.);
#11777 = ORIENTED_EDGE('',*,*,#11651,.T.);
#11778 = ORIENTED_EDGE('',*,*,#11744,.F.);
#11779 = ( GEOMETRIC_REPRESENTATION_CONTEXT(3) 
GLOBAL_UNCERTAINTY_ASSIGNED_CONTEXT((#11783)) 
GLOBAL_UNIT_ASSIGNED_CONTEXT((#11780,#11781,#11782)) 
REPRESENTATION_CONTEXT('Context #1',
  '3D Context with UNIT and UNCERTAINTY') );
#11780 = ( LENGTH_UNIT() NAMED_UNIT(*) SI_UNIT(.MILLI.,.METRE.) );
#11781 = ( NAMED_UNIT(*) PLANE_ANGLE_UNIT() SI_UNIT($,.RADIAN.) );
#11782 = ( NAMED_UNIT(*) SI_UNIT($,.STERADIAN.) SOLID_ANGLE_UNIT() );
#11783 = UNCERTAINTY_MEASURE_WITH_UNIT(LENGTH_MEASURE(1.E-07),#11780,
  'distance_accuracy_value','confusion accuracy');
#11784 = CONTEXT_DEPENDENT_SHAPE_REPRESENTATION(#11785,#11787);
#11785 = ( REPRESENTATION_RELATIONSHIP('','',#11448,#10) 
REPRESENTATION_RELATIONSHIP_WITH_TRANSFORMATION(#11786) 
SHAPE_REPRESENTATION_RELATIONSHIP() );
#11786 = ITEM_DEFINED_TRANSFORMATION('','',#11,#39);
#11787 = PRODUCT_DEFINITION_SHAPE('Placement','Placement of an item',
  #11788);
#11788 = NEXT_ASSEMBLY_USAGE_OCCURRENCE('15','','',#5,#11443,$);
#11789 = PRODUCT_RELATED_PRODUCT_CATEGORY('part',$,(#11445));
ENDSEC;
END-ISO-10303-21;
